"id","file","line","kind","name","condition","effect","where","code","treatment"
"B0001","content/policies/index.json","169","Deployment / configuration","""title"": ""Living Alone Safeguards Procedure (s73G Condition)"",","Deployment configuration","May prevent startup, health readiness or external service use","Configuration","""title"": ""Living Alone Safeguards Procedure (s73G Condition)"",","Retained / automatic handling as stated in source"
"B0002","lib/active-hours.js","4","Returned error / decision","Enter active hours as a number, using 0 if you were not woken. · active_hours_number","(typeof value !== 'number' && !(typeof value === 'string' && /^\d+(?:\.\d+)?$/.test(value)))","Returns an error, blocked or false decision object","validate","return { error: 'Enter active hours as a number, using 0 if you were not woken.', code: 'active_hours_number' };","Retained / automatic handling as stated in source"
"B0003","lib/active-hours.js","8","Returned error / decision","Active hours must be between 0 and the ${maximum}-hour shift. · active_hours_range","(!Number.isFinite(hours) || hours < 0 || hours > maximum)","Returns an error, blocked or false decision object","validate","return { error: `Active hours must be between 0 and the ${maximum}-hour shift.`, code: 'active_hours_range' };","Retained / automatic handling as stated in source"
"B0004","lib/active-hours.js","10","Returned error / decision","Enter active hours in 15-minute steps (for example 2, 2.25 or 2.5). Your entry has not been rounded or saved. · active_hours_increment","(!Number.isInteger(hours * 4))","Returns an error, blocked or false decision object","validate","return { error: 'Enter active hours in 15-minute steps (for example 2, 2.25 or 2.5). Your entry has not been rounded or saved.', code: 'active_hours_increment' };","Retained / automatic handling as stated in source"
"B0005","lib/admin-verification.js","73","Access / decision gate","c.requireAdmin(u, res)","At this operation","Checks access or an operation precondition; inspect the referenced helper","mountVerification > callback","c.requireAdmin(u,res)","Retained / automatic handling as stated in source"
"B0006","lib/admin-verification.js","77","Error / validation","res 'Please log in.' 401","(!u)","Request rejected or operation failed","'GET' /^\/api\/document-viewer$/","fail(res,'Please log in.',401)","Retained / automatic handling as stated in source"
"B0007","lib/admin-verification.js","79","Error / validation","Choose a worker or participant document.","(!['worker','participant','plan'].includes(q.get('scope'))||!/^\d+$/.test(id||'')||!Number.isSafeInteger(Number(id))||Number(id)<1)","Request rejected or operation failed","'GET' /^\/api\/document-viewer$/","fail(res,'Choose a worker or participant document.')","Retained / automatic handling as stated in source"
"B0008","lib/admin-verification.js","85","Error / validation","Exception from e","(!e.status)","Stops this operation and propagates an error","'POST' /^\/api\/admin\/verification\/settings$/","throw e;","Retained / automatic handling as stated in source"
"B0009","lib/admin-verification.js","85","Error / validation","res e.message e.status","At this operation","Request rejected or operation failed","'POST' /^\/api\/admin\/verification\/settings$/","fail(res,e.message,e.status)","Retained / automatic handling as stated in source"
"B0010","lib/admin-verification.js","89","Error / validation","Exception from e","(!e.status)","Stops this operation and propagates an error","'GET' /^\/api\/admin\/verification$/","throw e;","Retained / automatic handling as stated in source"
"B0011","lib/admin-verification.js","89","Error / validation","res e.message e.status","At this operation","Request rejected or operation failed","'GET' /^\/api\/admin\/verification$/","fail(res,e.message,e.status)","Retained / automatic handling as stated in source"
"B0012","lib/admin-verification.js","92","Error / validation","res 'This active participant or worker could not be found.' 404","(!p)","Request rejected or operation failed","'GET' /^\/api\/admin\/verification\/(\d+)$/","fail(res,'This active participant or worker could not be found.',404)","Retained / automatic handling as stated in source"
"B0013","lib/admin-verification.js","96","Error / validation","res 'This person is no longer available for review.' 404","(!p)","Request rejected or operation failed","'POST' /^\/api\/admin\/verification\/(\d+)\/action$/","fail(res,'This person is no longer available for review.',404)","Retained / automatic handling as stated in source"
"B0014","lib/admin-verification.js","97","Error / validation","Provide a review action and the current file revision.","(!b||typeof b!=='object'||Array.isArray(b))","Request rejected or operation failed","'POST' /^\/api\/admin\/verification\/(\d+)\/action$/","fail(res,'Provide a review action and the current file revision.')","Retained / automatic handling as stated in source"
"B0015","lib/admin-verification.js","98","Error / validation","res 'This file changed after you opened it. Reload the current evidence before recording your decision. Your unsaved form remains on screen.' 409","(typeof b.review_token!=='string'||b.review_token!==token(p))","Request rejected or operation failed","'POST' /^\/api\/admin\/verification\/(\d+)\/action$/","fail(res,'This file changed after you opened it. Reload the current evidence before recording your decision. Your unsaved form remains on screen.',409)","Retained / automatic handling as stated in source"
"B0016","lib/admin-verification.js","102","Error / validation","Choose a current office reviewer.","(action==='assign') AND (v.owner_id&&!owner)","Request rejected or operation failed","'POST' /^\/api\/admin\/verification\/(\d+)\/action$/","fail(res,'Choose a current office reviewer.')","Retained / automatic handling as stated in source"
"B0017","lib/admin-verification.js","102","Error / validation","Choose a real due date.","(action==='assign') AND (v.due_date&&!T.validDate(v.due_date))","Request rejected or operation failed","'POST' /^\/api\/admin\/verification\/(\d+)\/action$/","fail(res,'Choose a real due date.')","Retained / automatic handling as stated in source"
"B0018","lib/admin-verification.js","110","Error / validation","Confirm stopping these follow-ups.","(action==='stop-followups') AND (v.confirm!==true)","Request rejected or operation failed","'POST' /^\/api\/admin\/verification\/(\d+)\/action$/","fail(res,'Confirm stopping these follow-ups.')","Retained / automatic handling as stated in source"
"B0019","lib/admin-verification.js","112","Error / validation","Exception from e","(!e.status)","Stops this operation and propagates an error","'POST' /^\/api\/admin\/verification\/(\d+)\/action$/","throw e;","Retained / automatic handling as stated in source"
"B0020","lib/admin-verification.js","112","Error / validation","res e.message e.status","At this operation","Request rejected or operation failed","'POST' /^\/api\/admin\/verification\/(\d+)\/action$/","fail(res,e.message,e.status)","Retained / automatic handling as stated in source"
"B0021","lib/admin-verification.js","115","Error / validation","res 'That document does not belong to this person.' 403","(['verify-document','return-document'].includes(action)) AND (!d)","Request rejected or operation failed","'POST' /^\/api\/admin\/verification\/(\d+)\/action$/","fail(res,'That document does not belong to this person.',403)","Retained / automatic handling as stated in source"
"B0022","lib/admin-verification.js","116","Error / validation","Confirm that you reviewed this evidence.","(['verify-document','return-document'].includes(action)) AND (v.confirm!==true)","Request rejected or operation failed","'POST' /^\/api\/admin\/verification\/(\d+)\/action$/","fail(res,'Confirm that you reviewed this evidence.')","Retained / automatic handling as stated in source"
"B0023","lib/admin-verification.js","119","Error / validation","Choose how you checked this document.","(['verify-document','return-document'].includes(action)) AND (action==='verify-document') AND (!Object.hasOwn(worker?methods:c.pdocMethods,v.method))","Request rejected or operation failed","'POST' /^\/api\/admin\/verification\/(\d+)\/action$/","fail(res,'Choose how you checked this document.')","Retained / automatic handling as stated in source"
"B0024","lib/admin-verification.js","120","Error / validation","Record a short review note (at least 10 characters).","(['verify-document','return-document'].includes(action)) AND (action==='verify-document') AND (clean(v.note,400).length<10)","Request rejected or operation failed","'POST' /^\/api\/admin\/verification\/(\d+)\/action$/","fail(res,'Record a short review note (at least 10 characters).')","Retained / automatic handling as stated in source"
"B0025","lib/admin-verification.js","121","Error / validation","res 'There is no uploaded file or recorded agreement to verify. Ask for the evidence first.' 409","(['verify-document','return-document'].includes(action)) AND (action==='verify-document') AND (!d.has_file&&!d.accepted_at)","Request rejected or operation failed","'POST' /^\/api\/admin\/verification\/(\d+)\/action$/","fail(res,'There is no uploaded file or recorded agreement to verify. Ask for the evidence first.',409)","Retained / automatic handling as stated in source"
"B0026","lib/admin-verification.js","122","Error / validation","res 'Acknowledge that this evidence is expired. Recording a review does not make it current or override eligibility.' 409","(['verify-document','return-document'].includes(action)) AND (action==='verify-document') AND (d.status==='expired'&&v.expired_ack!==true)","Request rejected or operation failed","'POST' /^\/api\/admin\/verification\/(\d+)\/action$/","fail(res,'Acknowledge that this evidence is expired. Recording a review does not make it current or override eligibility.',409)","Retained / automatic handling as stated in source"
"B0027","lib/admin-verification.js","123","Error / validation","Explain what needs correcting and what the person should send (at least 10 characters).","(['verify-document','return-document'].includes(action)) AND NOT (action==='verify-document') AND (clean(v.reason,400).length<10)","Request rejected or operation failed","'POST' /^\/api\/admin\/verification\/(\d+)\/action$/","fail(res,'Explain what needs correcting and what the person should send (at least 10 characters).')","Retained / automatic handling as stated in source"
"B0028","lib/admin-verification.js","124","Error / validation","Choose a real due date.","(['verify-document','return-document'].includes(action)) AND (v.due_date&&!T.validDate(v.due_date))","Request rejected or operation failed","'POST' /^\/api\/admin\/verification\/(\d+)\/action$/","fail(res,'Choose a real due date.')","Retained / automatic handling as stated in source"
"B0029","lib/admin-verification.js","128","Error / validation","Choose a document from this person’s checklist.","NOT (['verify-document','return-document'].includes(action)) AND (action==='request-document') AND (!Object.hasOwn(catalog,key))","Request rejected or operation failed","'POST' /^\/api\/admin\/verification\/(\d+)\/action$/","fail(res,'Choose a document from this person’s checklist.')","Retained / automatic handling as stated in source"
"B0030","lib/admin-verification.js","129","Error / validation","Review the message and confirm sending the request.","NOT (['verify-document','return-document'].includes(action)) AND (action==='request-document') AND (v.confirm!==true||clean(v.note,400).length<10)","Request rejected or operation failed","'POST' /^\/api\/admin\/verification\/(\d+)\/action$/","fail(res,'Review the message and confirm sending the request.')","Retained / automatic handling as stated in source"
"B0031","lib/admin-verification.js","130","Error / validation","Choose a real due date.","NOT (['verify-document','return-document'].includes(action)) AND (action==='request-document') AND (v.due_date&&!T.validDate(v.due_date))","Request rejected or operation failed","'POST' /^\/api\/admin\/verification\/(\d+)\/action$/","fail(res,'Choose a real due date.')","Retained / automatic handling as stated in source"
"B0032","lib/admin-verification.js","131","Error / validation","res 'A request for this document is already open. Check its existing message and due date.' 409","NOT (['verify-document','return-document'].includes(action)) AND (action==='request-document') AND (c.openRequests(p.role,p.id).some(x=>x.doc_key===key))","Request rejected or operation failed","'POST' /^\/api\/admin\/verification\/(\d+)\/action$/","fail(res,'A request for this document is already open. Check its existing message and due date.',409)","Retained / automatic handling as stated in source"
"B0033","lib/admin-verification.js","134","Error / validation","Record your source-check evidence and confirm the result.","NOT (['verify-document','return-document'].includes(action)) AND NOT (action==='request-document') AND (action==='screening'&&worker) AND (v.confirm!==true||clean(v.note,300).length<10)","Request rejected or operation failed","'POST' /^\/api\/admin\/verification\/(\d+)\/action$/","fail(res,'Record your source-check evidence and confirm the result.')","Retained / automatic handling as stated in source"
"B0034","lib/admin-verification.js","135","Error / validation","Choose a real clearance expiry date.","NOT (['verify-document','return-document'].includes(action)) AND NOT (action==='request-document') AND (action==='screening'&&worker) AND (v.expiry&&!T.validDate(v.expiry))","Request rejected or operation failed","'POST' /^\/api\/admin\/verification\/(\d+)\/action$/","fail(res,'Choose a real clearance expiry date.')","Retained / automatic handling as stated in source"
"B0035","lib/admin-verification.js","138","Error / validation","Record each register separately and confirm what you checked.","NOT (['verify-document','return-document'].includes(action)) AND NOT (action==='request-document') AND NOT (action==='screening'&&worker) AND (action==='banning'&&worker) AND (v.confirm!==true||!['result','aged_result','acqsc_result'].every(k=>['clear','banned','unchecked'].includes(v[k]))||clean(v.note,400).length<10)","Request rejected or operation failed","'POST' /^\/api\/admin\/verification\/(\d+)\/action$/","fail(res,'Record each register separately and confirm what you checked.')","Retained / automatic handling as stated in source"
"B0036","lib/admin-verification.js","141","Error / validation","Confirm the recruitment evidence.","NOT (['verify-document','return-document'].includes(action)) AND NOT (action==='request-document') AND NOT (action==='screening'&&worker) AND NOT (action==='banning'&&worker) AND (action==='recruitment'&&worker) AND (v.confirm!==true)","Request rejected or operation failed","'POST' /^\/api\/admin\/verification\/(\d+)\/action$/","fail(res,'Confirm the recruitment evidence.')","Retained / automatic handling as stated in source"
"B0037","lib/admin-verification.js","143","Error / validation","res 'Read and confirm the current support plan version.' 409","NOT (['verify-document','return-document'].includes(action)) AND NOT (action==='request-document') AND NOT (action==='screening'&&worker) AND NOT (action==='banning'&&worker) AND NOT (action==='recruitment'&&worker) AND (action==='review-plan'&&!worker) AND (!plan||Number(v.plan_id)!==plan.id||v.confirm!==true)","Request rejected or operation failed","'POST' /^\/api\/admin\/verification\/(\d+)\/action$/","fail(res,'Read and confirm the current support plan version.',409)","Retained / automatic handling as stated in source"
"B0038","lib/admin-verification.js","146","Error / validation","res 'Complete the outstanding eligibility checks and confirm the activation decision.' 409","NOT (['verify-document','return-document'].includes(action)) AND NOT (action==='request-document') AND NOT (action==='screening'&&worker) AND NOT (action==='banning'&&worker) AND NOT (action==='recruitment'&&worker) AND NOT (action==='review-plan'&&!worker) AND (action==='activate'&&worker) AND (!s.ready||s.profile.visible||v.confirm!==true)","Request rejected or operation failed","'POST' /^\/api\/admin\/verification\/(\d+)\/action$/","fail(res,'Complete the outstanding eligibility checks and confirm the activation decision.',409)","Retained / automatic handling as stated in source"
"B0039","lib/admin-verification.js","148","Error / validation","Choose an available review action.","NOT (['verify-document','return-document'].includes(action)) AND NOT (action==='request-document') AND NOT (action==='screening'&&worker) AND NOT (action==='banning'&&worker) AND NOT (action==='recruitment'&&worker) AND NOT (action==='review-plan'&&!worker) AND NOT (action==='activate'&&worker)","Request rejected or operation failed","'POST' /^\/api\/admin\/verification\/(\d+)\/action$/","fail(res,'Choose an available review action.')","Retained / automatic handling as stated in source"
"B0040","lib/admin-verification.js","149","Error / validation","res 'This review action is temporarily unavailable.' 503","(!target)","Request rejected or operation failed","'POST' /^\/api\/admin\/verification\/(\d+)\/action$/","fail(res,'This review action is temporarily unavailable.',503)","Retained / automatic handling as stated in source"
"B0041","lib/admin-verification.js","153","Error / validation","res 'The review could not be completed. Reload and check the latest status.' 500","At this operation","Request rejected or operation failed","'POST' /^\/api\/admin\/verification\/(\d+)\/action$/","fail(res,'The review could not be completed. Reload and check the latest status.',500)","Retained / automatic handling as stated in source"
"B0042","lib/assignment-policy.js","8","Returned error / decision","Booking not found. · missing_booking","(!b)","Returns an error, blocked or false decision object","evaluate","return {error:'Booking not found.',code:'missing_booking'};","Retained / automatic handling as stated in source"
"B0043","lib/assignment-policy.js","9","Returned error / decision","invalid_interval","(invalid)","Returns an error, blocked or false decision object","evaluate","return {error:invalid,code:'invalid_interval'};","Retained / automatic handling as stated in source"
"B0044","lib/assignment-policy.js","11","Returned error / decision","This worker is not currently cleared and available on The Care Web. · platform","(!p || !p.visible || p.closed_at || !ctx.platformEligible(workerId,p.email))","Returns an error, blocked or false decision object","evaluate","return {error:'This worker is not currently cleared and available on The Care Web.',code:'platform'};","Retained / automatic handling as stated in source"
"B0045","lib/assignment-policy.js","12","Returned error / decision","This worker is blocked for this participant or the participant’s account is closed. · blocked_pair","(b.participant_id && (ctx.participantClosed(b.participant_id) || ctx.blockedPair(b.participant_id,workerId)))","Returns an error, blocked or false decision object","evaluate","return {error:'This worker is blocked for this participant or the participant’s account is closed.',code:'blocked_pair'};","Retained / automatic handling as stated in source"
"B0046","lib/assignment-policy.js","13","Returned error / decision","This worker withdrew from this cover request. The office must resolve it rather than reassigning them automatically. · withdrawn","(ctx.withdrawnFromOpenCover(workerId,b.id))","Returns an error, blocked or false decision object","evaluate","return {error:'This worker withdrew from this cover request. The office must resolve it rather than reassigning them automatically.',code:'withdrawn'};","Retained / automatic handling as stated in source"
"B0047","lib/assignment-policy.js","15","Returned error / decision","Required training is ${training.overdue_days} days overdue. Complete it before taking new assignments. · hard · training","(training.lock === 'hard')","Returns an error, blocked or false decision object","evaluate","return {error:`Required training is ${training.overdue_days} days overdue. Complete it before taking new assignments.`,training_lock:'hard',code:'training'};","Retained / automatic handling as stated in source"
"B0048","lib/assignment-policy.js","17","Returned error / decision","The worker does not offer this support. · service","(!Array.isArray(services) || !services.includes(b.service))","Returns an error, blocked or false decision object","evaluate","return {error:'The worker does not offer this support.',code:'service'};","Retained / automatic handling as stated in source"
"B0049","lib/assignment-policy.js","30","Returned error / decision","out_of_area · Out of area: this visit is ${travel && travel.known ? travel.text : 'outside ' + (travel && travel.reason ? 'the worker’s stated area (' + travel.reason + ')' : 'the worker’s stated area')}. Confirm to go ahead anyway.","(!fit.ok) AND (fit.code === 'service_area') AND (!confirmed)","Returns an error, blocked or false decision object","evaluate","return {...fit, code:'out_of_area', confirm:true, travel, error:`Out of area: this visit is ${travel && travel.known ? travel.text : 'outside ' + (travel && travel.reason ? 'the worker’s stated area (' + travel.reason + ')' : 'the worker’s stated area')}. Confirm to go ahead anyway.`};","Retained / automatic handling as stated in source"
"B0050","lib/assignment-policy.js","32","Returned error / decision","{...fit,error:fit.error}","(!fit.ok) AND NOT (fit.code === 'service_area')","Returns an error, blocked or false decision object","evaluate","return {...fit,error:fit.error};","Retained / automatic handling as stated in source"
"B0051","lib/assignment-policy.js","35","Returned error / decision","This visit overlaps another booking or the worker’s travel buffer. · diary","(clash)","Returns an error, blocked or false decision object","evaluate","return {error:'This visit overlaps another booking or the worker’s travel buffer.',clash:true,clash_booking_id:clash.id,code:'diary'};","Retained / automatic handling as stated in source"
"B0052","lib/assignment-policy.js","36","Returned error / decision","This visit has already started. Contact the office. · started","(options.accept && !options.office && +time.localStart(b) <= Date.now())","Returns an error, blocked or false decision object","evaluate","return {error:'This visit has already started. Contact the office.',code:'started'};","Retained / automatic handling as stated in source"
"B0053","lib/assignment-policy.js","40","Returned error / decision","Read the current support plan and confirm its displayed version before accepting. · plan_ack","(options.accept && ack.required && !ack.acked) AND (proof.plan_ack !== true || Number(proof.plan_id) !== ack.plan_id || Number(proof.plan_version) !== ack.version)","Returns an error, blocked or false decision object","evaluate","return {error:'Read the current support plan and confirm its displayed version before accepting.',plan_ack_required:true,plan_id:ack.plan_id,version:ack.version,code:'plan_ack'};","Retained / automatic handling as stated in source"
"B0054","lib/automatic-pricing.js","5","Returned status / rejection reason","sleepover","(b.sleepover)","Returned message / status; caller decides whether it blocks","callback > category","return 'sleepover';","Retained / automatic handling as stated in source"
"B0055","lib/automatic-pricing.js","5","Returned status / rejection reason","household","(b.service==='household')","Returned message / status; caller decides whether it blocks","callback > category","return 'household';","Retained / automatic handling as stated in source"
"B0056","lib/automatic-pricing.js","5","Returned status / rejection reason","employment","(b.service==='employment')","Returned message / status; caller decides whether it blocks","callback > category","return 'employment';","Retained / automatic handling as stated in source"
"B0057","lib/automatic-pricing.js","5","Returned status / rejection reason","public-holiday","(holidays.at(day,minute,b).holiday)","Returned message / status; caller decides whether it blocks","callback > category","return 'public-holiday';","Retained / automatic handling as stated in source"
"B0058","lib/automatic-pricing.js","5","Returned status / rejection reason","saturday","(at.getDay()===6)","Returned message / status; caller decides whether it blocks","callback > category","return 'saturday';","Retained / automatic handling as stated in source"
"B0059","lib/automatic-pricing.js","5","Returned status / rejection reason","sunday","(at.getDay()===0)","Returned message / status; caller decides whether it blocks","callback > category","return 'sunday';","Retained / automatic handling as stated in source"
"B0060","lib/billing-setup.js","22","Error / validation","Billing setup changed in another session. Reload this page before saving.","(b.context_token!==token())","Stops this operation and propagates an error","callback > save","throw Error('Billing setup changed in another session. Reload this page before saving.');","Retained / automatic handling as stated in source"
"B0061","lib/billing-setup.js","24","Error / validation","Confirm the actual price, agreement and holiday review, enter its reference, and choose a future review date.","(b.confirm!==true||ref.length<10||ref.length>1500||version.length<5||version.length>100||!T.validDate(b.review_due)||b.review_due<c.ymd())","Stops this operation and propagates an error","callback > save","throw Error('Confirm the actual price, agreement and holiday review, enter its reference, and choose a future review date.');","Retained / automatic handling as stated in source"
"B0062","lib/billing-setup.js","25","Error / validation","Choose the service jurisdiction and coverage dates. Each holiday must be a valid date inside that period.","(!h||!['NSW','VIC','QLD','ACT','SA','WA','TAS','NT'].includes(h.jurisdiction)||!T.validDate(h.from)||!T.validDate(h.to)||h.from>h.to||!Array.isArray(h.dates)||h.dates.length>1000||h.dates.some(d=>!T.validDate(d)||d<h.from||d>h.to))","Stops this operation and propagates an error","callback > save","throw Error('Choose the service jurisdiction and coverage dates. Each holiday must be a valid date inside that period.');","Retained / automatic handling as stated in source"
"B0063","lib/billing-setup.js","33","Error / validation","Exception from e","At this operation","Stops this operation and propagates an error","callback > save","throw e;","Retained / automatic handling as stated in source"
"B0064","lib/booking-time.js","4","Boolean decision","False result from validDate","(typeof value !== 'string' || !/^\d{4}-\d{2}-\d{2}$/.test(value))","Eligibility or control result is false; caller determines effect","validDate","return false;","Retained / automatic handling as stated in source"
"B0065","lib/booking-time.js","6","Boolean decision","False result from validDate","(y < 1900 || y > 9999 || m < 1 || m > 12 || d < 1)","Eligibility or control result is false; caller determines effect","validDate","return false;","Retained / automatic handling as stated in source"
"B0066","lib/booking-time.js","19","Returned status / rejection reason","Choose a real calendar date in YYYY-MM-DD format.","(!validDate(b && b.date))","Returned message / status; caller decides whether it blocks","intervalError","return 'Choose a real calendar date in YYYY-MM-DD format.';","Retained / automatic handling as stated in source"
"B0067","lib/booking-time.js","20","Returned status / rejection reason","Choose a real start time from 00:00 to 23:59.","(!validTime(b.start))","Returned message / status; caller decides whether it blocks","intervalError","return 'Choose a real start time from 00:00 to 23:59.';","Retained / automatic handling as stated in source"
"B0068","lib/booking-time.js","21","Returned status / rejection reason","That local clock time does not exist because daylight saving changes. Choose another time.","(!Number.isFinite(localStart(b).getTime()))","Returned message / status; caller decides whether it blocks","intervalError","return 'That local clock time does not exist because daylight saving changes. Choose another time.';","Retained / automatic handling as stated in source"
"B0069","lib/booking-time.js","22","Returned status / rejection reason","Choose a valid, finite duration of up to 24 hours.","(!Number.isFinite(Number(b.hours)) || Number(b.hours) <= 0 || Number(b.hours) > 24)","Returned message / status; caller decides whether it blocks","intervalError","return 'Choose a valid, finite duration of up to 24 hours.';","Retained / automatic handling as stated in source"
"B0070","lib/bookit-hardening.js","62","Returned status / rejection reason","127.0.0.1","(ip === ""::1"")","Returned message / status; caller decides whether it blocks","normalizeIp","return ""127.0.0.1"";","Retained / automatic handling as stated in source"
"B0071","lib/bookit-hardening.js","95","Returned status / rejection reason","/","At this operation","Returned message / status; caller decides whether it blocks","validateBrowserRequest > callback","return ""/"";","Retained / automatic handling as stated in source"
"B0072","lib/bookit-hardening.js","101","Returned error / decision","cross-site request blocked","(fetchSite === ""cross-site"")","Returns an error, blocked or false decision object","validateBrowserRequest","return { ok: false, reason: ""cross-site request blocked"" };","Retained / automatic handling as stated in source"
"B0073","lib/bookit-hardening.js","103","Returned error / decision","untrusted fetch metadata","(fetchSite && ![""same-origin"", ""same-site"", ""none""].includes(fetchSite))","Returns an error, blocked or false decision object","validateBrowserRequest","return { ok: false, reason: ""untrusted fetch metadata"" };","Retained / automatic handling as stated in source"
"B0074","lib/bookit-hardening.js","111","Returned error / decision","malformed Origin header","(originHeader)","Returns an error, blocked or false decision object","validateBrowserRequest","return { ok: false, reason: ""malformed Origin header"" };","Retained / automatic handling as stated in source"
"B0075","lib/bookit-hardening.js","112","Returned error / decision","Origin mismatch","(originHeader) AND (!canonical || actual !== canonical)","Returns an error, blocked or false decision object","validateBrowserRequest","return { ok: false, reason: ""Origin mismatch"" };","Retained / automatic handling as stated in source"
"B0076","lib/bookit-hardening.js","117","Returned error / decision","missing browser request provenance","NOT (originHeader) AND (process.env.NODE_ENV === ""production"" && req?.headers?.cookie && !fetchSite) AND (!/^(1|true|yes|on)$/i.test(process.env.ALLOW_LEGACY_NO_ORIGIN || """"))","Returns an error, blocked or false decision object","validateBrowserRequest","return { ok: false, reason: ""missing browser request provenance"" };","Retained / automatic handling as stated in source"
"B0077","lib/bookit-hardening.js","130","Returned status / rejection reason","application/octet-stream","(!Buffer.isBuffer(buffer) || buffer.length < 4)","Returned message / status; caller decides whether it blocks","detectMime","return ""application/octet-stream"";","Retained / automatic handling as stated in source"
"B0078","lib/bookit-hardening.js","131","Returned status / rejection reason","image/png","(buffer.length >= 8 && buffer.subarray(0, 8).equals(Buffer.from([0x89,0x50,0x4e,0x47,0x0d,0x0a,0x1a,0x0a])))","Returned message / status; caller decides whether it blocks","detectMime","return ""image/png"";","Retained / automatic handling as stated in source"
"B0079","lib/bookit-hardening.js","132","Returned status / rejection reason","image/jpeg","(buffer.length >= 3 && buffer[0] === 0xff && buffer[1] === 0xd8 && buffer[2] === 0xff)","Returned message / status; caller decides whether it blocks","detectMime","return ""image/jpeg"";","Retained / automatic handling as stated in source"
"B0080","lib/bookit-hardening.js","133","Returned status / rejection reason","application/pdf","(buffer.subarray(0, 4).toString(""ascii"") === ""%PDF"")","Returned message / status; caller decides whether it blocks","detectMime","return ""application/pdf"";","Retained / automatic handling as stated in source"
"B0081","lib/bookit-hardening.js","134","Returned status / rejection reason","image/webp","(buffer.subarray(0, 4).toString(""ascii"") === ""RIFF"" && buffer.subarray(8, 12).toString(""ascii"") === ""WEBP"")","Returned message / status; caller decides whether it blocks","detectMime","return ""image/webp"";","Retained / automatic handling as stated in source"
"B0082","lib/bookit-hardening.js","135","Returned status / rejection reason","image/gif","([""GIF87a"", ""GIF89a""].includes(buffer.subarray(0, 6).toString(""ascii"")))","Returned message / status; caller decides whether it blocks","detectMime","return ""image/gif"";","Retained / automatic handling as stated in source"
"B0083","lib/bookit-hardening.js","136","Returned status / rejection reason","application/zip","(buffer.subarray(0, 4).equals(Buffer.from([0x50,0x4b,0x03,0x04])))","Returned message / status; caller decides whether it blocks","detectMime","return ""application/zip"";","Retained / automatic handling as stated in source"
"B0084","lib/bookit-hardening.js","137","Returned status / rejection reason","application/octet-stream","At this operation","Returned message / status; caller decides whether it blocks","detectMime","return ""application/octet-stream"";","Retained / automatic handling as stated in source"
"B0085","lib/bookit-hardening.js","172","Error / validation","JPEG is incomplete · INVALID_UPLOAD","(eoi < 0)","Stops this operation and propagates an error","validateJpegTrailer","throw Object.assign(new Error(""JPEG is incomplete""), { code: ""INVALID_UPLOAD"" });","Retained / automatic handling as stated in source"
"B0086","lib/bookit-hardening.js","175","Error / validation","JPEG has unexpected data after the image · UNSAFE_UPLOAD","(trailer.length > 4096 || [...trailer].some(byte => ![0x00,0x09,0x0a,0x0d,0x20].includes(byte)))","Stops this operation and propagates an error","validateJpegTrailer","throw Object.assign(new Error(""JPEG has unexpected data after the image""), { code: ""UNSAFE_UPLOAD"" });","Retained / automatic handling as stated in source"
"B0087","lib/bookit-hardening.js","181","Error / validation","PDF is incomplete · INVALID_UPLOAD","(!/%%EOF\s*$/m.test(tail))","Stops this operation and propagates an error","validatePdf","throw Object.assign(new Error(""PDF is incomplete""), { code: ""INVALID_UPLOAD"" });","Retained / automatic handling as stated in source"
"B0088","lib/bookit-hardening.js","185","Error / validation","PDF contains active or embedded content · UNSAFE_UPLOAD","(/\/(?:JavaScript|JS|Launch|RichMedia|EmbeddedFile|OpenAction|AA|XFA)\b/i.test(text))","Stops this operation and propagates an error","validatePdf","throw Object.assign(new Error(""PDF contains active or embedded content""), { code: ""UNSAFE_UPLOAD"" });","Retained / automatic handling as stated in source"
"B0089","lib/bookit-hardening.js","191","Error / validation","Empty upload · INVALID_UPLOAD","(!Buffer.isBuffer(buffer) || buffer.length === 0)","Stops this operation and propagates an error","validateUploadedBuffer","throw Object.assign(new Error(""Empty upload""), { code: ""INVALID_UPLOAD"" });","Retained / automatic handling as stated in source"
"B0090","lib/bookit-hardening.js","192","Error / validation","Upload exceeds the size limit · UPLOAD_TOO_LARGE","(buffer.length > maxBytes)","Stops this operation and propagates an error","validateUploadedBuffer","throw Object.assign(new Error(""Upload exceeds the size limit""), { code: ""UPLOAD_TOO_LARGE"" });","Retained / automatic handling as stated in source"
"B0091","lib/bookit-hardening.js","195","Error / validation","Unsupported file signature · UNSUPPORTED_UPLOAD","(!allowed.includes(detectedMime))","Stops this operation and propagates an error","validateUploadedBuffer","throw Object.assign(new Error(""Unsupported file signature""), { code: ""UNSUPPORTED_UPLOAD"" });","Retained / automatic handling as stated in source"
"B0092","lib/bookit-hardening.js","198","Error / validation","Declared file type does not match its contents · MIME_MISMATCH","(declared && declared !== detectedMime && !(declared === ""image/jpg"" && detectedMime === ""image/jpeg""))","Stops this operation and propagates an error","validateUploadedBuffer","throw Object.assign(new Error(""Declared file type does not match its contents""), { code: ""MIME_MISMATCH"" });","Retained / automatic handling as stated in source"
"B0093","lib/bookit-hardening.js","204","Error / validation","JPEG structure could not be read · INVALID_UPLOAD","(detectedMime === ""image/jpeg"" && !dimensions)","Stops this operation and propagates an error","validateUploadedBuffer","throw Object.assign(new Error(""JPEG structure could not be read""), { code: ""INVALID_UPLOAD"" });","Retained / automatic handling as stated in source"
"B0094","lib/bookit-hardening.js","207","Error / validation","Image dimensions are too large · IMAGE_TOO_LARGE","(dimensions && dimensions.width * dimensions.height > Number(process.env.UPLOAD_MAX_PIXELS || 25_000_000))","Stops this operation and propagates an error","validateUploadedBuffer","throw Object.assign(new Error(""Image dimensions are too large""), { code: ""IMAGE_TOO_LARGE"" });","Retained / automatic handling as stated in source"
"B0095","lib/bookit-hardening.js","213","Error / validation","Missing upload · INVALID_UPLOAD","(!file || typeof file !== ""object"")","Stops this operation and propagates an error","decodeAndValidateUpload","throw Object.assign(new Error(""Missing upload""), { code: ""INVALID_UPLOAD"" });","Retained / automatic handling as stated in source"
"B0096","lib/bookit-hardening.js","220","Error / validation","Upload is not valid Base64 · INVALID_UPLOAD","(!data || !/^[A-Za-z0-9+/]*={0,2}$/.test(data) || data.length % 4 === 1)","Stops this operation and propagates an error","decodeAndValidateUpload","throw Object.assign(new Error(""Upload is not valid Base64""), { code: ""INVALID_UPLOAD"" });","Retained / automatic handling as stated in source"
"B0097","lib/bookit-hardening.js","223","Error / validation","Upload exceeds the size limit · UPLOAD_TOO_LARGE","(data.length > Math.ceil(maxBytes / 3) * 4 + 8)","Stops this operation and propagates an error","decodeAndValidateUpload","throw Object.assign(new Error(""Upload exceeds the size limit""), { code: ""UPLOAD_TOO_LARGE"" });","Retained / automatic handling as stated in source"
"B0098","lib/bookit-hardening.js","266","Error / validation","Exception from error","(Buffer.isBuffer(data) && isProtectedUploadExtension(file) && (!nextOptions.flag || String(nextOptions.flag).startsWith(""w"")))","Stops this operation and propagates an error","installFsUploadGuards > guardedWriteFileSync","throw error;","Retained / automatic handling as stated in source"
"B0099","lib/bookit-hardening.js","302","Returned status / rejection reason","[redacted email]","(at <= 1)","Returned message / status; caller decides whether it blocks","redactEmail","return ""[redacted email]"";","Retained / automatic handling as stated in source"
"B0100","lib/bookit-hardening.js","315","Returned status / rejection reason","[redacted URL]","At this operation","Returned message / status; caller decides whether it blocks","redactUrl","return ""[redacted URL]"";","Retained / automatic handling as stated in source"
"B0101","lib/bookit-hardening.js","321","Returned status / rejection reason","[redacted nested value]","(depth > 3)","Returned message / status; caller decides whether it blocks","redactLogValue","return ""[redacted nested value]"";","Retained / automatic handling as stated in source"
"B0102","lib/bookit-hardening.js","369","Error / validation","The selected session secret cannot be read","(env.NODE_ENV==='production'||e.code!=='ENOENT')","Stops this operation and propagates an error","selectedSecret","throw Error('The selected session secret cannot be read');","Retained / automatic handling as stated in source"
"B0103","lib/bookit-hardening.js","378","Returned error / decision","{ ok: true, errors, warnings }","(env.NODE_ENV !== ""production"")","Returns an error, blocked or false decision object","validateProductionEnvironment","return { ok: true, errors, warnings };","Retained / automatic handling as stated in source"
"B0104","lib/bookit-hardening.js","383","Readiness / eligibility","APP_URL must use HTTPS in production","(appUrl.protocol !== ""https:"")","Adds a named condition to the returned readiness or error list","validateProductionEnvironment","errors.push(""APP_URL must use HTTPS in production"")","Retained / automatic handling as stated in source"
"B0105","lib/bookit-hardening.js","384","Readiness / eligibility","APP_URL must be a valid absolute HTTPS URL in production","At this operation","Adds a named condition to the returned readiness or error list","validateProductionEnvironment","errors.push(""APP_URL must be a valid absolute HTTPS URL in production"")","Retained / automatic handling as stated in source"
"B0106","lib/bookit-hardening.js","389","Readiness / eligibility","The selected session secret cannot be read","At this operation","Adds a named condition to the returned readiness or error list","validateProductionEnvironment","errors.push(""The selected session secret cannot be read"")","Retained / automatic handling as stated in source"
"B0107","lib/bookit-hardening.js","390","Readiness / eligibility","The selected session secret must contain at least 32 characters and must not be a placeholder or repeated value; generate 32 random bytes","(!strongSecret(secret))","Adds a named condition to the returned readiness or error list","validateProductionEnvironment","errors.push(""The selected session secret must contain at least 32 characters and must not be a placeholder or repeated value; generate 32 random bytes"")","Retained / automatic handling as stated in source"
"B0108","lib/bookit-hardening.js","391","Readiness / eligibility","ADMIN_MFA_REQUIRED cannot be disabled in production","(/^(0|false|no|off)$/i.test(env.ADMIN_MFA_REQUIRED || """"))","Adds a named condition to the returned readiness or error list","validateProductionEnvironment","errors.push(""ADMIN_MFA_REQUIRED cannot be disabled in production"")","Retained / automatic handling as stated in source"
"B0109","lib/bookit-hardening.js","392","Readiness / eligibility","SEED_DEMO must be disabled in production","(/^(1|true|yes|on)$/i.test(env.SEED_DEMO || """"))","Adds a named condition to the returned readiness or error list","validateProductionEnvironment","errors.push(""SEED_DEMO must be disabled in production"")","Retained / automatic handling as stated in source"
"B0110","lib/bookit-hardening.js","396","Readiness / eligibility","Configure a production mail provider or explicitly set ALLOW_EMAIL_DISABLED=1 for a controlled maintenance window","(!mailReady && !/^(1|true|yes|on)$/i.test(env.ALLOW_EMAIL_DISABLED || """"))","Adds a named condition to the returned readiness or error list","validateProductionEnvironment","errors.push(""Configure a production mail provider or explicitly set ALLOW_EMAIL_DISABLED=1 for a controlled maintenance window"")","Retained / automatic handling as stated in source"
"B0111","lib/bookit-hardening.js","399","Readiness / eligibility","${name} must not be inside public/","(raw && isPathInside(raw, publicDir))","Adds a named condition to the returned readiness or error list","validateProductionEnvironment","errors.push(`${name} must not be inside public/`)","Retained / automatic handling as stated in source"
"B0112","lib/bookit-hardening.js","403","Readiness / eligibility","BIND_HOST must be loopback when Caddy is the public reverse proxy","(![""127.0.0.1"", ""::1"", ""localhost""].includes(bind) && !/^(1|true|yes|on)$/i.test(env.ALLOW_PUBLIC_NODE_BIND || """"))","Adds a named condition to the returned readiness or error list","validateProductionEnvironment","errors.push(""BIND_HOST must be loopback when Caddy is the public reverse proxy"")","Retained / automatic handling as stated in source"
"B0113","lib/bookit-hardening.js","406","Returned error / decision","{ ok: errors.length === 0, errors, warnings, appOrigin }","At this operation","Returns an error, blocked or false decision object","validateProductionEnvironment","return { ok: errors.length === 0, errors, warnings, appOrigin };","Retained / automatic handling as stated in source"
"B0114","lib/bookit-hardening.js","414","Error / validation","Exception from error","(!result.ok)","Stops this operation and propagates an error","assertProductionEnvironment","throw error;","Retained / automatic handling as stated in source"
"B0115","lib/bookit-hardening.js","428","Boolean decision","False result from isBlockedStaticPath","At this operation","Eligibility or control result is false; caller determines effect","isBlockedStaticPath","return false;","Retained / automatic handling as stated in source"
"B0116","lib/bookit-hardening.js","438","Returned status / rejection reason","no-cache, no-store, must-revalidate","(ext === "".html"")","Returned message / status; caller decides whether it blocks","cacheControl","return ""no-cache, no-store, must-revalidate"";","Retained / automatic handling as stated in source"
"B0117","lib/bookit-hardening.js","439","Returned status / rejection reason","public, max-age=31536000, immutable","(/\.[a-f0-9]{8,}\./i.test(base))","Returned message / status; caller decides whether it blocks","cacheControl","return ""public, max-age=31536000, immutable"";","Retained / automatic handling as stated in source"
"B0118","lib/bookit-hardening.js","441","Returned status / rejection reason","public, max-age=3600, stale-while-revalidate=86400","(["".js"", "".css"", "".svg"", "".png"", "".jpg"", "".jpeg"", "".webp"", "".avif"", "".woff2"", "".webm"", "".mp4""].includes(ext))","Returned message / status; caller decides whether it blocks","cacheControl","return ""public, max-age=3600, stale-while-revalidate=86400"";","Retained / automatic handling as stated in source"
"B0119","lib/bookit-hardening.js","443","Returned status / rejection reason","no-cache","At this operation","Returned message / status; caller decides whether it blocks","cacheControl","return ""no-cache"";","Retained / automatic handling as stated in source"
"B0120","lib/incident-policy.js","7","Error / validation","Enter a valid past date and time.","(!Number.isFinite(+d)||+d>Date.now()+60000)","Stops this operation and propagates an error","normalize","throw Error('Enter a valid past date and time.');","Retained / automatic handling as stated in source"
"B0121","lib/incident-policy.js","8","Error / validation","Provider awareness cannot be before the incident occurred.","(Date.parse(occurred)>Date.parse(aware))","Stops this operation and propagates an error","deadlines","throw Error('Provider awareness cannot be before the incident occurred.');","Retained / automatic handling as stated in source"
"B0122","lib/incident-policy.js","22","Error / validation","Confirm provider awareness and record the source of that time.","(b.action==='review-awareness') AND (!b.provider_aware_at||b.confirm!==true||note.length<10)","Stops this operation and propagates an error","callback > action","throw Error('Confirm provider awareness and record the source of that time.');","Retained / automatic handling as stated in source"
"B0123","lib/incident-policy.js","23","Error / validation","Record the Commission request reference and the exact deadline.","(b.action==='final-request') AND (b.confirm!==true||ref.length<4||!b.due_at||!Number.isFinite(Date.parse(b.due_at)))","Stops this operation and propagates an error","callback > action","throw Error('Record the Commission request reference and the exact deadline.');","Retained / automatic handling as stated in source"
"B0124","lib/incident-policy.js","25","Error / validation","Record the submission reference and actual submission time, then confirm.","(['notified','report-filed','final-filed'].includes(b.action)) AND (b.confirm!==true||ref.length<4||!b.filed_at)","Stops this operation and propagates an error","callback > action","throw Error('Record the submission reference and actual submission time, then confirm.');","Retained / automatic handling as stated in source"
"B0125","lib/incident-policy.js","25","Error / validation","Submission cannot precede recorded provider awareness.","(['notified','report-filed','final-filed'].includes(b.action)) AND (Date.parse(at)<Date.parse(i.provider_aware_at))","Stops this operation and propagates an error","callback > action","throw Error('Submission cannot precede recorded provider awareness.');","Retained / automatic handling as stated in source"
"B0126","lib/incident-policy.js","27","Error / validation","This submission is already recorded. Its original evidence is preserved.","(['notified','report-filed','final-filed'].includes(b.action)) AND (i[fields[0]])","Stops this operation and propagates an error","callback > action","throw Error('This submission is already recorded. Its original evidence is preserved.');","Retained / automatic handling as stated in source"
"B0127","lib/incident-policy.js","27","Error / validation","Record the requested final-report deadline first.","(['notified','report-filed','final-filed'].includes(b.action)) AND (b.action==='final-filed'&&!i.final_report_due)","Stops this operation and propagates an error","callback > action","throw Error('Record the requested final-report deadline first.');","Retained / automatic handling as stated in source"
"B0128","lib/incident-policy.js","33","Error / validation","Resolve the awareness review and every outstanding reporting obligation before closing.","(b.action==='close') AND (i.reportable&&(i.awareness_review_required||!i.commission_notified_at||!i.report_filed_at||(i.final_report_due&&!i.final_report_filed_at)))","Stops this operation and propagates an error","callback > action","throw Error('Resolve the awareness review and every outstanding reporting obligation before closing.');","Retained / automatic handling as stated in source"
"B0129","lib/incident-policy.js","33","Error / validation","Record the outcome and lessons before closing.","(b.action==='close') AND (note.length<10)","Stops this operation and propagates an error","callback > action","throw Error('Record the outcome and lessons before closing.');","Retained / automatic handling as stated in source"
"B0130","lib/incident-policy.js","36","Error / validation","Unknown incident action.","At this operation","Stops this operation and propagates an error","callback > action","throw Error('Unknown incident action.');","Retained / automatic handling as stated in source"
"B0131","lib/launch-assurance.js","17","Access / decision gate","requireAdmin(u, res)","(!requireAdmin(u,res))","Checks access or an operation precondition; inspect the referenced helper","method rx","requireAdmin(u,res)","Retained / automatic handling as stated in source"
"B0132","lib/launch-assurance.js","17","Error / validation","res e.message 409","At this operation","Request rejected or operation failed","method rx","fail(res,e.message,409)","Retained / automatic handling as stated in source"
"B0133","lib/launch-assurance.js","44","Readiness / eligibility","The recorded charge is missing or invalid.","(b.total===null||b.total===undefined||!Number.isFinite(Number(b.total))||Number(b.total)<0)","Adds a named condition to the returned readiness or error list","callback > billingReasons","reasons.push('The recorded charge is missing or invalid.')","Retained / automatic handling as stated in source"
"B0134","lib/launch-assurance.js","50","Error / validation","Choose a known launch check.","(!actions.some(a=>a.id===b.finding_id)&&b.finding_id!=='certificate')","Stops this operation and propagates an error","'POST' /^\/api\/admin\/assurance\/review$/","throw Error('Choose a known launch check.');","Retained / automatic handling as stated in source"
"B0135","lib/launch-assurance.js","50","Error / validation","Choose an owner, decision, future review date and concrete evidence (at least 40 characters).","(!activeStaff(b.owner_id)||!['approved','needs-work','not-applicable'].includes(b.decision)||clean(b.evidence).length<40||!T.validDate(b.review_due)||b.review_due<c.ymd())","Stops this operation and propagates an error","'POST' /^\/api\/admin\/assurance\/review$/","throw Error('Choose an owner, decision, future review date and concrete evidence (at least 40 characters).');","Retained / automatic handling as stated in source"
"B0136","lib/launch-assurance.js","51","Error / validation","Confirm this records work actually performed, with evidence available for review.","(b.confirm!==true)","Stops this operation and propagates an error","'POST' /^\/api\/admin\/assurance\/review$/","throw Error('Confirm this records work actually performed, with evidence available for review.');","Retained / automatic handling as stated in source"
"B0137","lib/launch-assurance.js","54","Error / validation","Choose an active alert, owner and follow-up note.","(!activeStaff(b.owner_id)||clean(b.note).length<10||!openOperations().some(x=>x.key===b.key))","Stops this operation and propagates an error","'POST' /^\/api\/admin\/assurance\/followup$/","throw Error('Choose an active alert, owner and follow-up note.');","Retained / automatic handling as stated in source"
"B0138","lib/launch-assurance.js","56","Error / validation","Record the source and review of this configuration.","(b.confirm!==true||clean(b.evidence).length<40)","Stops this operation and propagates an error","'POST' /^\/api\/admin\/assurance\/configuration$/","throw Error('Record the source and review of this configuration.');","Retained / automatic handling as stated in source"
"B0139","lib/launch-assurance.js","57","Error / validation","Holiday calendar must be valid JSON.","(b.kind==='billing')","Stops this operation and propagates an error","'POST' /^\/api\/admin\/assurance\/configuration$/","throw Error('Holiday calendar must be valid JSON.');","Retained / automatic handling as stated in source"
"B0140","lib/launch-assurance.js","57","Error / validation","Enter a dated holiday calendar, jurisdiction and rule version.","(b.kind==='billing') AND (!T.validDate(calendar.from)||!T.validDate(calendar.to)||calendar.from>calendar.to||!Array.isArray(calendar.dates)||calendar.dates.some(d=>!T.validDate(d))||!['NSW','VIC','QLD','ACT','SA','WA','TAS','NT'].includes(calendar.jurisdiction)||clean(b.version,100).length<5)","Stops this operation and propagates an error","'POST' /^\/api\/admin\/assurance\/configuration$/","throw Error('Enter a dated holiday calendar, jurisdiction and rule version.');","Retained / automatic handling as stated in source"
"B0141","lib/launch-assurance.js","58","Error / validation","Provide the applicable business-day holiday dates.","NOT (b.kind==='billing') AND (b.kind==='incident') AND (!Array.isArray(dates)||dates.some(d=>!T.validDate(d)))","Stops this operation and propagates an error","'POST' /^\/api\/admin\/assurance\/configuration$/","throw Error('Provide the applicable business-day holiday dates.');","Retained / automatic handling as stated in source"
"B0142","lib/launch-assurance.js","59","Error / validation","Enter the assessed HTTPS endpoint.","NOT (b.kind==='billing') AND NOT (b.kind==='incident') AND (b.kind==='ai')","Stops this operation and propagates an error","'POST' /^\/api\/admin\/assurance\/configuration$/","throw Error('Enter the assessed HTTPS endpoint.');","Retained / automatic handling as stated in source"
"B0143","lib/launch-assurance.js","59","Error / validation","Record provider, contract, endpoint, retention/training/subprocessor controls and review date.","NOT (b.kind==='billing') AND NOT (b.kind==='incident') AND (b.kind==='ai') AND (endpoint.protocol!=='https:'||endpoint.username||endpoint.password||endpoint.hash||!T.validDate(b.review_due)||b.review_due<c.ymd()||clean(b.provider).length<3||clean(b.controls).length<80)","Stops this operation and propagates an error","'POST' /^\/api\/admin\/assurance\/configuration$/","throw Error('Record provider, contract, endpoint, retention/training/subprocessor controls and review date.');","Retained / automatic handling as stated in source"
"B0144","lib/launch-assurance.js","60","Error / validation","Choose a configuration type.","NOT (b.kind==='billing') AND NOT (b.kind==='incident') AND NOT (b.kind==='ai')","Stops this operation and propagates an error","'POST' /^\/api\/admin\/assurance\/configuration$/","throw Error('Choose a configuration type.');","Retained / automatic handling as stated in source"
"B0145","lib/launch-assurance.js","62","Error / validation","res 'Incident not found.' 404","(!i)","Request rejected or operation failed","'GET' /^\/api\/admin\/assurance\/incidents\/(\d+)$/","fail(res,'Incident not found.',404)","Retained / automatic handling as stated in source"
"B0146","lib/launch-assurance.js","64","Error / validation","Choose a visit with an outstanding scope requirement.","(!visit||!scopeState(visit))","Stops this operation and propagates an error","'POST' /^\/api\/admin\/assurance\/handoff\/(\d+)$/","throw Error('Choose a visit with an outstanding scope requirement.');","Retained / automatic handling as stated in source"
"B0147","lib/launch-assurance.js","65","Error / validation","This arrangement changed. Reload before reviewing.","(Number(b.revision)!==(previous?.revision||0))","Stops this operation and propagates an error","'POST' /^\/api\/admin\/assurance\/handoff\/(\d+)$/","throw Error('This arrangement changed. Reload before reviewing.');","Retained / automatic handling as stated in source"
"B0148","lib/launch-assurance.js","66","Error / validation","A different qualified reviewer must confirm the current arrangement.","(b.action==='approve') AND (!previous||previous.prepared_by===u.id||previous.context_hash!==scopeContext(visit)||b.confirm!==true)","Stops this operation and propagates an error","'POST' /^\/api\/admin\/assurance\/handoff\/(\d+)$/","throw Error('A different qualified reviewer must confirm the current arrangement.');","Retained / automatic handling as stated in source"
"B0149","lib/launch-assurance.js","67","Error / validation","Record each excluded activity, responsible provider, contact, timing, participant agreement and reviewer qualification.","NOT (b.action==='approve') AND (!activeStaff(b.owner_id)||['arrangement','contact','timing','participant_agreement','reviewer_qualification'].some(k=>clean(b[k]).length<10))","Stops this operation and propagates an error","'POST' /^\/api\/admin\/assurance\/handoff\/(\d+)$/","throw Error('Record each excluded activity, responsible provider, contact, timing, participant agreement and reviewer qualification.');","Retained / automatic handling as stated in source"
"B0150","lib/launch-assurance.js","71","Error / validation","This unissued visit changed. Reload before reviewing.","(!visit||visit.invoice_no||visit.voided||b.context_hash!==billingContext(visit))","Stops this operation and propagates an error","'POST' /^\/api\/admin\/assurance\/billing\/(\d+)$/","throw Error('This unissued visit changed. Reload before reviewing.');","Retained / automatic handling as stated in source"
"B0151","lib/launch-assurance.js","72","Error / validation","Record itemised lines, service agreement/rule reference and the reviewed calculation.","(b.confirm!==true||clean(b.reference).length<5||clean(b.reason).length<30||!Array.isArray(b.lines)||!b.lines.length||b.lines.length>12)","Stops this operation and propagates an error","'POST' /^\/api\/admin\/assurance\/billing\/(\d+)$/","throw Error('Record itemised lines, service agreement/rule reference and the reviewed calculation.');","Retained / automatic handling as stated in source"
"B0152","lib/launch-assurance.js","73","Error / validation","Each line needs an item, description, positive quantity and non-negative rate.","(!Number.isFinite(qty)||!Number.isFinite(rate)||qty<=0||qty>1000||rate<0||rate>10000||clean(l.description).length<5||!clean(l.item))","Stops this operation and propagates an error","'POST' /^\/api\/admin\/assurance\/billing\/(\d+)$/","throw Error('Each line needs an item, description, positive quantity and non-negative rate.');","Retained / automatic handling as stated in source"
"B0153","lib/launch-assurance.js","79","Error / validation","Choose a paid invoice, amount to reverse/refund and evidence.","(!inv||!Number.isFinite(amount)||amount<=0||amount>inv.paid||clean(b.reason).length<30)","Stops this operation and propagates an error","'POST' /^\/api\/admin\/finance\/adjustment-approval$/","throw Error('Choose a paid invoice, amount to reverse/refund and evidence.');","Retained / automatic handling as stated in source"
"B0154","lib/launch-assurance.js","80","Error / validation","A separate reviewer must approve the unapproved adjustment.","(!r||r.approved_at||r.prepared_by===u.id||b.confirm!==true)","Stops this operation and propagates an error","'POST' /^\/api\/admin\/finance\/adjustment-approval\/(\d+)$/","throw Error('A separate reviewer must approve the unapproved adjustment.');","Retained / automatic handling as stated in source"
"B0155","lib/launch-assurance.js","83","Error / validation","Review the provider event and record the reconciliation evidence.","(!r||b.confirm!==true||clean(b.note).length<30)","Stops this operation and propagates an error","'POST' /^\/api\/admin\/finance\/provider-events\/review$/","throw Error('Review the provider event and record the reconciliation evidence.');","Retained / automatic handling as stated in source"
"B0156","lib/launch-assurance.js","83","Error / validation","The linked ledger reference must belong to this invoice.","(b.receipt_reference&&!db.prepare('SELECT 1 FROM invoice_payment_evidence WHERE reference=? AND invoice_no=?').get(b.receipt_reference,r.invoice_no))","Stops this operation and propagates an error","'POST' /^\/api\/admin\/finance\/provider-events\/review$/","throw Error('The linked ledger reference must belong to this invoice.');","Retained / automatic handling as stated in source"
"B0157","lib/launch-assurance.js","84","Error / validation","Record the actual provider delivery result and reference.","(!r||!['delivered','bounced','failed'].includes(b.status)||clean(b.evidence).length<20||b.confirm!==true)","Stops this operation and propagates an error","'POST' /^\/api\/admin\/assurance\/mail-result$/","throw Error('Record the actual provider delivery result and reference.');","Retained / automatic handling as stated in source"
"B0158","lib/message-pagination.js","5","Error / validation","Use a page size from 1 to 500 and one positive message cursor.","(!Number.isSafeInteger(limit)||limit<1||limit>500||(before!==null&&(!Number.isSafeInteger(before)||before<1))||(after!==null&&(!Number.isSafeInteger(after)||after<1))||(before!==null&&after!==null))","Stops this operation and propagates an error","page","throw Error('Use a page size from 1 to 500 and one positive message cursor.');","Retained / automatic handling as stated in source"
"B0159","lib/migration-runner.js","34","Boolean decision","False result from runLegacyAlter","(/duplicate column name|already exists/i.test(message))","Eligibility or control result is false; caller determines effect","runLegacyAlter","return false;","Retained / automatic handling as stated in source"
"B0160","lib/migration-runner.js","35","Error / validation","Exception from error","At this operation","Stops this operation and propagates an error","runLegacyAlter","throw error;","Retained / automatic handling as stated in source"
"B0161","lib/plan-access.js","4","Boolean decision","False result from mayReadCurrent","(ctx.blockedPair(participantId,workerId))","Eligibility or control result is false; caller determines effect","mayReadCurrent","return false;","Retained / automatic handling as stated in source"
"B0162","lib/plan-access.js","6","Boolean decision","False result from mayReadCurrent","(!p || p.closed_at || (!p.visible && !p.self_paused) || !ctx.platformEligible(workerId,p.email) || ctx.participantClosed(participantId))","Eligibility or control result is false; caller determines effect","mayReadCurrent","return false;","Retained / automatic handling as stated in source"
"B0163","lib/plan-access.js","9","Boolean decision","False result from mayReadCurrent","(!p.visible)","Eligibility or control result is false; caller determines effect","mayReadCurrent","return false;","Retained / automatic handling as stated in source"
"B0164","lib/process-assistance.js","6","Error / validation","res 'Booking permission required.' 403","(!p)","Request rejected or operation failed","'GET' /^\/api\/journey\/transition$/","fail(res,'Booking permission required.',403)","Retained / automatic handling as stated in source"
"B0165","lib/process-assistance.js","8","Error / validation","res 'Booking permission required.' 403","(!p)","Request rejected or operation failed","'POST' /^\/api\/journey\/transition$/","fail(res,'Booking permission required.',403)","Retained / automatic handling as stated in source"
"B0166","lib/process-assistance.js","8","Error / validation","Choose the change and explain what you need.","(!['change-worker','end-support','handover'].includes(b.kind)||clean(b.reason,2000).length<10)","Request rejected or operation failed","'POST' /^\/api\/journey\/transition$/","fail(res,'Choose the change and explain what you need.')","Retained / automatic handling as stated in source"
"B0167","lib/process-assistance.js","14","Error / validation","res 'Case not found.' 404","(!t)","Request rejected or operation failed","'POST' /^\/api\/admin\/transitions\/(\d+)$/","fail(res,'Case not found.',404)","Retained / automatic handling as stated in source"
"B0168","lib/process-assistance.js","14","Error / validation","res 'This case is closed.' 409","(t.state==='closed')","Request rejected or operation failed","'POST' /^\/api\/admin\/transitions\/(\d+)$/","fail(res,'This case is closed.',409)","Retained / automatic handling as stated in source"
"B0169","lib/process-assistance.js","15","Error / validation","Choose an active office owner.","(b.owner_id&&!owner)","Request rejected or operation failed","'POST' /^\/api\/admin\/transitions\/(\d+)$/","fail(res,'Choose an active office owner.')","Retained / automatic handling as stated in source"
"B0170","lib/process-assistance.js","16","Error / validation","res 'Review every current future visit and record the agreed outcome before closing.' 409","(b.close) AND (b.confirm!==true||clean(b.outcome,2000).length<25||JSON.stringify((b.reviewed_visit_ids||[]).sort())!==JSON.stringify(view.future.map(v=>v.id).sort()))","Request rejected or operation failed","'POST' /^\/api\/admin\/transitions\/(\d+)$/","fail(res,'Review every current future visit and record the agreed outcome before closing.',409)","Retained / automatic handling as stated in source"
"B0171","lib/process-assistance.js","16","Error / validation","res 'Resolve visits awaiting completion notes before closing this handover.' 409","(b.close) AND (view.outstanding_notes.length)","Request rejected or operation failed","'POST' /^\/api\/admin\/transitions\/(\d+)$/","fail(res,'Resolve visits awaiting completion notes before closing this handover.',409)","Retained / automatic handling as stated in source"
"B0172","lib/process-assistance.js","16","Error / validation","res 'Resolve open timesheet questions before closing this handover.' 409","(b.close) AND (view.queries.length)","Request rejected or operation failed","'POST' /^\/api\/admin\/transitions\/(\d+)$/","fail(res,'Resolve open timesheet questions before closing this handover.',409)","Retained / automatic handling as stated in source"
"B0173","lib/process-assistance.js","20","Error / validation","res 'Not your series.' 403","(!p||s?.participant_id!==p.id)","Request rejected or operation failed","'GET' /^\/api\/journey\/series\/(\d+)\/end-preview$/","fail(res,'Not your series.',403)","Retained / automatic handling as stated in source"
"B0174","lib/process-assistance.js","26","Error / validation","res 'Plan access required.' 403","(!b||u.role!=='worker'||!c.currentPlanAccess(u.id,b.participant_id))","Request rejected or operation failed","'GET' /^\/api\/journey\/bookings\/(\d+)\/plan-changes$/","fail(res,'Plan access required.',403)","Retained / automatic handling as stated in source"
"B0175","lib/process-assistance.js","33","Error / validation","res 'Worker documents only.' 403","(u.role!=='worker')","Request rejected or operation failed","'POST' /^\/api\/journey\/assistance\/document$/","fail(res,'Worker documents only.',403)","Retained / automatic handling as stated in source"
"B0176","lib/process-assistance.js","33","Error / validation","Confirm processing of this document.","(b.consent!==true)","Request rejected or operation failed","'POST' /^\/api\/journey\/assistance\/document$/","fail(res,'Confirm processing of this document.')","Retained / automatic handling as stated in source"
"B0177","lib/process-assistance.js","34","Error / validation","res 'Document assistance is not configured and approved. Enter the details manually.' 409","(c.setting('ai_document_processing','off')!=='on'||!c.AI.live()||!c.AI.on('credential-extract')||!c.AI.onshore()||!c.AI.approved()||!c.AI.endpoint())","Request rejected or operation failed","'POST' /^\/api\/journey\/assistance\/document$/","fail(res,'Document assistance is not configured and approved. Enter the details manually.',409)","Retained / automatic handling as stated in source"
"B0178","lib/process-assistance.js","35","Error / validation","Choose one of your uploaded, unverified documents.","(!d||!d.file_path||d.verified_at)","Request rejected or operation failed","'POST' /^\/api\/journey\/assistance\/document$/","fail(res,'Choose one of your uploaded, unverified documents.')","Retained / automatic handling as stated in source"
"B0179","lib/process-assistance.js","36","Error / validation","Assistance accepts a document up to 4 MB. Your original upload is safe.","(file.length>4*1024*1024)","Request rejected or operation failed","'POST' /^\/api\/journey\/assistance\/document$/","fail(res,'Assistance accepts a document up to 4 MB. Your original upload is safe.')","Retained / automatic handling as stated in source"
"B0180","lib/process-assistance.js","37","Error / validation","res 'Assistance could not read this document. Your upload is safe; enter its details manually.' 502","At this operation","Request rejected or operation failed","'POST' /^\/api\/journey\/assistance\/document$/","fail(res,'Assistance could not read this document. Your upload is safe; enter its details manually.',502)","Retained / automatic handling as stated in source"
"B0181","lib/process-assistance.js","39","Error / validation","res 'The document changed while it was being read. Reload it.' 409","(!fresh||db.prepare('SELECT closed_at FROM users WHERE id=?').get(u.id)?.closed_at||fresh.verified_at||fresh.file_path!==d.file_path)","Request rejected or operation failed","'POST' /^\/api\/journey\/assistance\/document$/","fail(res,'The document changed while it was being read. Reload it.',409)","Retained / automatic handling as stated in source"
"B0182","lib/process-assistance.js","44","Error / validation","Choose an open suggestion and review outcome.","(!s||!['accepted','modified','rejected'].includes(b.decision))","Request rejected or operation failed","'POST' /^\/api\/journey\/assistance\/(\d+)\/review$/","fail(res,'Choose an open suggestion and review outcome.')","Retained / automatic handling as stated in source"
"B0183","lib/process-assistance.js","45","Error / validation","res 'The document changed. Reload it.' 409","(!d||d.verified_at||!d.file_path||hash(fs.readFileSync(d.file_path))!==parse(s.result).source_hash)","Request rejected or operation failed","'POST' /^\/api\/journey\/assistance\/(\d+)\/review$/","fail(res,'The document changed. Reload it.',409)","Retained / automatic handling as stated in source"
"B0184","lib/process-assistance.js","46","Error / validation","Check the original document and confirm the entered date and number.","(b.decision!=='rejected'&&(b.confirm!==true||(b.expiry_date&&!T.validDate(b.expiry_date))))","Request rejected or operation failed","'POST' /^\/api\/journey\/assistance\/(\d+)\/review$/","fail(res,'Check the original document and confirm the entered date and number.')","Retained / automatic handling as stated in source"
"B0185","lib/process-calendar.js","25","Error / validation","res 'Booking permission required.' 403","(!p)","Request rejected or operation failed","'POST' /^\/api\/journey\/calendar$/","fail(res,'Booking permission required.',403)","Retained / automatic handling as stated in source"
"B0186","lib/process-calendar.js","25","Error / validation","Confirm that your calendar provider may receive visit times.","(b.confirm!==true)","Request rejected or operation failed","'POST' /^\/api\/journey\/calendar$/","fail(res,'Confirm that your calendar provider may receive visit times.')","Retained / automatic handling as stated in source"
"B0187","lib/process-calendar.js","33","Error / validation","res 'This calendar link is no longer available.' 404","(!body)","Request rejected or operation failed","'GET' /^\/api\/calendar\/([a-f0-9]{64})\.ics$/","fail(res,'This calendar link is no longer available.',404)","Retained / automatic handling as stated in source"
"B0188","lib/process-finance.js","8","Error / validation","Record specialist-reviewed gross wages, super, allowances and the payroll calculation reference. Enter zero where applicable.","(['gross_wages','super','allowances'].some(k=>body[k]===''||body[k]===undefined||!Number.isFinite(x[k])||Math.abs(x[k])>100000||money(x[k])!==x[k])||x.reference.length<5)","Stops this operation and propagates an error","callback > components","throw Error('Record specialist-reviewed gross wages, super, allowances and the payroll calculation reference. Enter zero where applicable.');","Retained / automatic handling as stated in source"
"B0189","lib/process-finance.js","15","Error / validation","Record the payment reference, amount in cents and evidence, then confirm.","(b.confirm!==true||ref.length<5||note.length<10||!Number.isFinite(amount)||amount<=0||money(amount)!==amount)","Stops this operation and propagates an error","callback > receipt","throw Error('Record the payment reference, amount in cents and evidence, then confirm.');","Retained / automatic handling as stated in source"
"B0190","lib/process-finance.js","17","Error / validation","This reference already belongs to a different payment.","(old) AND (old.invoice_no!==invoice.invoice_no||old.amount!==(reverse?-amount:amount))","Stops this operation and propagates an error","callback > receipt","throw Error('This reference already belongs to a different payment.');","Retained / automatic handling as stated in source"
"B0191","lib/process-finance.js","18","Error / validation","Refunds and reversals need a separate reviewer’s approval of this invoice and amount.","(reverse&&(!b.approval_id||!w.financeApproval?.(Number(b.approval_id),user.id,invoice.invoice_no,amount)))","Stops this operation and propagates an error","callback > receipt","throw Error('Refunds and reversals need a separate reviewer’s approval of this invoice and amount.');","Retained / automatic handling as stated in source"
"B0192","lib/process-finance.js","19","Error / validation","No paid balance is available to reverse. · The invoice is already settled.","(expected<=0)","Stops this operation and propagates an error","callback > receipt","throw Error(reverse?'No paid balance is available to reverse.':'The invoice is already settled.');","Retained / automatic handling as stated in source"
"B0193","lib/process-finance.js","34","Boolean decision","False result from callback > callback","(!event.id||!event.type||db.prepare('SELECT 1 FROM finance_provider_events WHERE event_id=?').get(event.id))","Eligibility or control result is false; caller determines effect","callback > callback","return false;","Retained / automatic handling as stated in source"
"B0194","lib/process-finance.js","37","Boolean decision","False result from callback > callback","(!['checkout.session.completed','checkout.session.async_payment_succeeded'].includes(event.type))","Eligibility or control result is false; caller determines effect","callback > callback","return false;","Retained / automatic handling as stated in source"
"B0195","lib/process-finance.js","38","Boolean decision","False result from callback > callback","(!inv)","Eligibility or control result is false; caller determines effect","callback > callback","return false;","Retained / automatic handling as stated in source"
"B0196","lib/process-finance.js","40","Boolean decision","False result from callback > callback","(session!==s.id||s.currency!=='aud')","Eligibility or control result is false; caller determines effect","callback > callback","return false;","Retained / automatic handling as stated in source"
"B0197","lib/process-finance.js","42","Boolean decision","False result from callback > callback","(s.payment_status==='unpaid')","Eligibility or control result is false; caller determines effect","callback > callback","return false;","Retained / automatic handling as stated in source"
"B0198","lib/process-finance.js","45","Boolean decision","False result from callback > callback","(s.payment_status!=='paid'||!Number.isSafeInteger(cents)||cents<=0||cents>Math.round(inv.balance*100))","Eligibility or control result is false; caller determines effect","callback > callback","return false;","Retained / automatic handling as stated in source"
"B0199","lib/process-finance.js","49","Error / validation","res 'Invoice not found.' 404","(!inv)","Request rejected or operation failed","'POST' /^\/api\/admin\/finance\/receipt$/","fail(res,'Invoice not found.',404)","Retained / automatic handling as stated in source"
"B0200","lib/process-finance.js","49","Error / validation","res e.message 409","At this operation","Request rejected or operation failed","'POST' /^\/api\/admin\/finance\/receipt$/","fail(res,e.message,409)","Retained / automatic handling as stated in source"
"B0201","lib/process-finance.js","50","Error / validation","Review an open receipt exception and record the reconciliation outcome.","(!row||b.confirm!==true||clean(b.note,1000).length<20)","Request rejected or operation failed","'POST' /^\/api\/admin\/finance\/receipts\/(\d+)\/resolve$/","fail(res,'Review an open receipt exception and record the reconciliation outcome.')","Retained / automatic handling as stated in source"
"B0202","lib/process-finance.js","59","Error / validation","Choose a past pay period of up to 93 days.","(!T.validDate(from)||!T.validDate(to)||from>to||to>c.ymd()||new Date(to)-new Date(from)>93*864e5)","Stops this operation and propagates an error","callback > prepare","throw new Error('Choose a past pay period of up to 93 days.');","Retained / automatic handling as stated in source"
"B0203","lib/process-finance.js","70","Error / validation","res e.message","At this operation","Request rejected or operation failed","'POST' /^\/api\/admin\/payroll-batches$/","fail(res,e.message)","Retained / automatic handling as stated in source"
"B0204","lib/process-finance.js","71","Error / validation","res 'Batch not found.' 404","NOT (b)","Request rejected or operation failed","'GET' /^\/api\/admin\/payroll-batches\/(\d+)$/","fail(res,'Batch not found.',404)","Retained / automatic handling as stated in source"
"B0205","lib/process-finance.js","73","Error / validation","res 'Only a draft batch can change.' 409","(!l||l.batch_status!=='draft')","Request rejected or operation failed","'POST' /^\/api\/admin\/payroll-lines\/(\d+)\/review$/","fail(res,'Only a draft batch can change.',409)","Retained / automatic handling as stated in source"
"B0206","lib/process-finance.js","74","Error / validation","Record the decision and reason in at least 15 characters.","(!['included','excluded'].includes(b.status)||clean(b.reason,1000).length<15)","Request rejected or operation failed","'POST' /^\/api\/admin\/payroll-lines\/(\d+)\/review$/","fail(res,'Record the decision and reason in at least 15 characters.')","Retained / automatic handling as stated in source"
"B0207","lib/process-finance.js","75","Error / validation","res 'The source no longer belongs in this batch. Exclude it and record the reason.' 409","(b.status==='included'&&!l.source_key.startsWith('adjustment:')) AND (!fresh)","Request rejected or operation failed","'POST' /^\/api\/admin\/payroll-lines\/(\d+)\/review$/","fail(res,'The source no longer belongs in this batch. Exclude it and record the reason.',409)","Retained / automatic handling as stated in source"
"B0208","lib/process-finance.js","76","Error / validation","res e.message","(b.status==='included')","Request rejected or operation failed","'POST' /^\/api\/admin\/payroll-lines\/(\d+)\/review$/","fail(res,e.message)","Retained / automatic handling as stated in source"
"B0209","lib/process-finance.js","80","Error / validation","res 'Choose a draft batch.' 409","(!p||p.status!=='draft')","Request rejected or operation failed","'POST' /^\/api\/admin\/payroll-batches\/(\d+)\/adjustment$/","fail(res,'Choose a draft batch.',409)","Retained / automatic handling as stated in source"
"B0210","lib/process-finance.js","81","Error / validation","Enter a worker, amount, unique reference and reason.","(!Number.isFinite(amount)||amount===0||Math.abs(amount)>100000||!ref||clean(b.reason,1000).length<15||!db.prepare(""SELECT id FROM users WHERE id=? AND role='worker'"").get(Number(b.worker_id)))","Request rejected or operation failed","'POST' /^\/api\/admin\/payroll-batches\/(\d+)\/adjustment$/","fail(res,'Enter a worker, amount, unique reference and reason.')","Retained / automatic handling as stated in source"
"B0211","lib/process-finance.js","82","Error / validation","res 'That adjustment reference already exists.' 409","(db.prepare('SELECT 1 FROM payroll_lines WHERE source_key=?').get('adjustment:'+ref))","Request rejected or operation failed","'POST' /^\/api\/admin\/payroll-batches\/(\d+)\/adjustment$/","fail(res,'That adjustment reference already exists.',409)","Retained / automatic handling as stated in source"
"B0212","lib/process-finance.js","86","Error / validation","res 'Choose a draft batch.' 409","(!p||p.status!=='draft')","Request rejected or operation failed","'POST' /^\/api\/admin\/payroll-batches\/(\d+)\/approve$/","fail(res,'Choose a draft batch.',409)","Retained / automatic handling as stated in source"
"B0213","lib/process-finance.js","86","Error / validation","Review every exception and confirm the full batch.","(b.confirm!==true||p.lines.some(l=>l.status==='exception'))","Request rejected or operation failed","'POST' /^\/api\/admin\/payroll-batches\/(\d+)\/approve$/","fail(res,'Review every exception and confirm the full batch.')","Retained / automatic handling as stated in source"
"B0214","lib/process-finance.js","86","Error / validation","res 'A source changed. Review the affected lines again.' 409","(stale(p).length)","Request rejected or operation failed","'POST' /^\/api\/admin\/payroll-batches\/(\d+)\/approve$/","fail(res,'A source changed. Review the affected lines again.',409)","Retained / automatic handling as stated in source"
"B0215","lib/process-finance.js","87","Error / validation","res 'A different finance reviewer must approve this batch. Preparers and line reviewers cannot approve their own work.' 409","(p.created_by===u.id||p.lines.some(l=>l.reviewed_by===u.id))","Request rejected or operation failed","'POST' /^\/api\/admin\/payroll-batches\/(\d+)\/approve$/","fail(res,'A different finance reviewer must approve this batch. Preparers and line reviewers cannot approve their own work.',409)","Retained / automatic handling as stated in source"
"B0216","lib/process-finance.js","88","Error / validation","res 'Every included line needs reviewed wages, super, allowances and a calculation reference. The booking allocation is only an estimate.' 409","(p.lines.some(l=>l.status==='included'&&(!l.reviewed_by||!l.components)))","Request rejected or operation failed","'POST' /^\/api\/admin\/payroll-batches\/(\d+)\/approve$/","fail(res,'Every included line needs reviewed wages, super, allowances and a calculation reference. The booking allocation is only an estimate.',409)","Retained / automatic handling as stated in source"
"B0217","lib/process-finance.js","92","Error / validation","res 'Review and approve the batch before export.' 409","(!p||!['approved','exported','acknowledged'].includes(p.status))","Request rejected or operation failed","'GET' /^\/api\/admin\/payroll-batches\/(\d+)\.csv$/","fail(res,'Review and approve the batch before export.',409)","Retained / automatic handling as stated in source"
"B0218","lib/process-finance.js","92","Error / validation","res 'Reopen this older batch and record the reviewed pay components before export.' 409","(p.status==='approved'&&p.lines.some(l=>l.status==='included'&&!l.components))","Request rejected or operation failed","'GET' /^\/api\/admin\/payroll-batches\/(\d+)\.csv$/","fail(res,'Reopen this older batch and record the reviewed pay components before export.',409)","Retained / automatic handling as stated in source"
"B0219","lib/process-finance.js","92","Error / validation","res 'A source changed after approval. Reopen and review the batch.' 409","(p.status==='approved'&&stale(p).length)","Request rejected or operation failed","'GET' /^\/api\/admin\/payroll-batches\/(\d+)\.csv$/","fail(res,'A source changed after approval. Reopen and review the batch.',409)","Retained / automatic handling as stated in source"
"B0220","lib/process-finance.js","96","Error / validation","res 'Only an unexported approved batch can be reopened, with a reason.' 409","(!p||p.status!=='approved'||clean(b.reason,1000).length<15)","Request rejected or operation failed","'POST' /^\/api\/admin\/payroll-batches\/(\d+)\/reopen$/","fail(res,'Only an unexported approved batch can be reopened, with a reason.',409)","Retained / automatic handling as stated in source"
"B0221","lib/process-finance.js","98","Error / validation","res 'Export the approved batch first.' 409","(!p||p.status!=='exported')","Request rejected or operation failed","'POST' /^\/api\/admin\/payroll-batches\/(\d+)\/acknowledge$/","fail(res,'Export the approved batch first.',409)","Retained / automatic handling as stated in source"
"B0222","lib/process-finance.js","98","Error / validation","Record the external payroll/payment reference and confirm payment.","(b.confirm!==true||clean(b.external_ref,200).length<5)","Request rejected or operation failed","'POST' /^\/api\/admin\/payroll-batches\/(\d+)\/acknowledge$/","fail(res,'Record the external payroll/payment reference and confirm payment.')","Retained / automatic handling as stated in source"
"B0223","lib/process-finance.js","101","Error / validation","res 'Workers only.' 403","(u.role!=='worker')","Request rejected or operation failed","'GET' /^\/api\/journey\/payroll$/","fail(res,'Workers only.',403)","Retained / automatic handling as stated in source"
"B0224","lib/process-finance.js","104","Error / validation","A payroll cutover date is required.","(!T.validDate(cutover))","Stops this operation and propagates an error","callback > callback","throw Error('A payroll cutover date is required.');","Retained / automatic handling as stated in source"
"B0225","lib/process-routes.js","9","Error / validation","res 'Please log in.' 401","(!u&&!String(req.url).startsWith('/api/calendar/'))","Request rejected or operation failed","method rx","fail(res,'Please log in.',401)","Retained / automatic handling as stated in source"
"B0226","lib/process-routes.js","10","Error / validation","Exception from e","At this operation","Stops this operation and propagates an error","mount > tx","throw e;","Retained / automatic handling as stated in source"
"B0227","lib/process-routes.js","15","Error / validation","res 'Choose the person you support.' 403","(ids&&ids.length===0)","Request rejected or operation failed","'GET' /^\/api\/journey$/","fail(res,'Choose the person you support.',403)","Retained / automatic handling as stated in source"
"B0228","lib/process-routes.js","26","Error / validation","res 'Not your task.' 403","(!task||(!admin(u)&&task.user_id!==person(req,u,task.scope)?.id&&task.user_id!==u.id))","Request rejected or operation failed","'POST' /^\/api\/journey\/events$/","fail(res,'Not your task.',403)","Retained / automatic handling as stated in source"
"B0229","lib/process-routes.js","27","Error / validation","Choose a valid task event.","(!['started','resumed','failed','effort','saved','submitted','returned'].includes(b.event))","Request rejected or operation failed","'POST' /^\/api\/journey\/events$/","fail(res,'Choose a valid task event.')","Retained / automatic handling as stated in source"
"B0230","lib/process-routes.js","37","Error / validation","res 'Task not found.' 404","(!t)","Request rejected or operation failed","'PATCH' /^\/api\/admin\/journey-tasks$/","fail(res,'Task not found.',404)","Retained / automatic handling as stated in source"
"B0231","lib/process-routes.js","38","Error / validation","Choose an active office owner.","(b.owner_id&&!owner)","Request rejected or operation failed","'PATCH' /^\/api\/admin\/journey-tasks$/","fail(res,'Choose an active office owner.')","Retained / automatic handling as stated in source"
"B0232","lib/process-routes.js","39","Error / validation","Choose a real due date.","(due&&!Number.isFinite(+due))","Request rejected or operation failed","'PATCH' /^\/api\/admin\/journey-tasks$/","fail(res,'Choose a real due date.')","Retained / automatic handling as stated in source"
"B0233","lib/process-routes.js","43","Error / validation","res 'Document permission required.' 403","(!p)","Request rejected or operation failed","'GET' /^\/api\/journey\/renewals$/","fail(res,'Document permission required.',403)","Retained / automatic handling as stated in source"
"B0234","lib/process-routes.js","50","Error / validation","res 'Plan permission required.' 403","(!p)","Request rejected or operation failed","'GET' /^\/api\/journey\/intake$/","fail(res,'Plan permission required.',403)","Retained / automatic handling as stated in source"
"B0235","lib/process-routes.js","55","Error / validation","res 'Plan permission required.' 403","(!p)","Request rejected or operation failed","'PUT' /^\/api\/journey\/intake$/","fail(res,'Plan permission required.',403)","Retained / automatic handling as stated in source"
"B0236","lib/process-routes.js","56","Error / validation","res 'Your account details changed. Reload before replacing them.' 409","(b.contacts_only!==true&&b.account_revision!==hash([liveAccount.name,liveAccount.phone,liveAccount.suburb]))","Request rejected or operation failed","'PUT' /^\/api\/journey\/intake$/","fail(res,'Your account details changed. Reload before replacing them.',409)","Retained / automatic handling as stated in source"
"B0237","lib/process-routes.js","57","Error / validation","res 'These details changed. Reload before saving.' 409","(b.revision!==(cur?.revision||0))","Request rejected or operation failed","'PUT' /^\/api\/journey\/intake$/","fail(res,'These details changed. Reload before saving.',409)","Retained / automatic handling as stated in source"
"B0238","lib/process-routes.js","60","Error / validation","Enter a name.","(data.name.length<2)","Request rejected or operation failed","'PUT' /^\/api\/journey\/intake$/","fail(res,'Enter a name.')","Retained / automatic handling as stated in source"
"B0239","lib/process-routes.js","65","Error / validation","res 'Worker access required.' 403","(u.role!=='worker'&&!admin(u))","Request rejected or operation failed","'GET' /^\/api\/journey\/recruitment$/","fail(res,'Worker access required.',403)","Retained / automatic handling as stated in source"
"B0240","lib/process-routes.js","67","Error / validation","Choose a worker.","(!worker)","Request rejected or operation failed","'GET' /^\/api\/journey\/recruitment$/","fail(res,'Choose a worker.')","Retained / automatic handling as stated in source"
"B0241","lib/process-routes.js","71","Error / validation","Choose a valid review step and outcome.","(!['interview','references','employment'].includes(b.check_key)||!['pending','complete','needs-information'].includes(b.status))","Request rejected or operation failed","'POST' /^\/api\/admin\/recruitment\/checks$/","fail(res,'Choose a valid review step and outcome.')","Retained / automatic handling as stated in source"
"B0242","lib/process-routes.js","72","Error / validation","res 'Worker not found.' 404","(!db.prepare(""SELECT id FROM users WHERE id=? AND role='worker'"").get(Number(b.worker_id)))","Request rejected or operation failed","'POST' /^\/api\/admin\/recruitment\/checks$/","fail(res,'Worker not found.',404)","Retained / automatic handling as stated in source"
"B0243","lib/process-routes.js","73","Error / validation","Record the review evidence and outcome in at least 15 characters.","(clean(b.evidence,2000).length<15)","Request rejected or operation failed","'POST' /^\/api\/admin\/recruitment\/checks$/","fail(res,'Record the review evidence and outcome in at least 15 characters.')","Retained / automatic handling as stated in source"
"B0244","lib/process-routes.js","77","Error / validation","Choose a future interview of up to two hours.","(!Number.isFinite(+start)||!Number.isFinite(+end)||start<=new Date()||end<=start||end-start>120*60000)","Request rejected or operation failed","'POST' /^\/api\/admin\/interview-slots$/","fail(res,'Choose a future interview of up to two hours.')","Retained / automatic handling as stated in source"
"B0245","lib/process-routes.js","78","Error / validation","res 'That interview overlaps another slot.' 409","(db.prepare(""SELECT id FROM interview_slots WHERE owner_id=? AND status<>'cancelled' AND starts_at<? AND ends_at>?"").get(u.id,end.toISOString(),start.toISOString()))","Request rejected or operation failed","'POST' /^\/api\/admin\/interview-slots$/","fail(res,'That interview overlaps another slot.',409)","Retained / automatic handling as stated in source"
"B0246","lib/process-routes.js","82","Error / validation","res 'Workers only.' 403","(u.role!=='worker')","Request rejected or operation failed","'POST' /^\/api\/journey\/interview$/","fail(res,'Workers only.',403)","Retained / automatic handling as stated in source"
"B0247","lib/process-routes.js","84","Error / validation","res 'This slot changed. Choose an available interview.' 409","(!slot||slot.starts_at<=now()||slot.status!=='open'||slot.revision!==b.revision)","Request rejected or operation failed","'POST' /^\/api\/journey\/interview$/","fail(res,'This slot changed. Choose an available interview.',409)","Retained / automatic handling as stated in source"
"B0248","lib/process-routes.js","86","Error / validation","res 'Cancel your existing slot before rescheduling.' 409","(db.prepare('SELECT id FROM interview_slots WHERE worker_id=?').get(u.id))","Request rejected or operation failed","'POST' /^\/api\/journey\/interview$/","fail(res,'Cancel your existing slot before rescheduling.',409)","Retained / automatic handling as stated in source"
"B0249","lib/process-routes.js","90","Error / validation","res 'Not your visit.' 403","(!b)","Request rejected or operation failed","'GET' /^\/api\/journey\/bookings\/(\d+)$/","fail(res,'Not your visit.',403)","Retained / automatic handling as stated in source"
"B0250","lib/process-routes.js","96","Error / validation","res 'Workers only.' 403","(u.role!=='worker')","Request rejected or operation failed","'GET' /^\/api\/journey\/series\/(\d+)$/","fail(res,'Workers only.',403)","Retained / automatic handling as stated in source"
"B0251","lib/process-routes.js","97","Error / validation","res 'No requests in this series.' 404","(!rows.length)","Request rejected or operation failed","'GET' /^\/api\/journey\/series\/(\d+)$/","fail(res,'No requests in this series.',404)","Retained / automatic handling as stated in source"
"B0252","lib/process-routes.js","98","Error / validation","res 'Plan access is not available for this request.' 403","(!c.currentPlanAccess(u.id,rows[0].participant_id))","Request rejected or operation failed","'GET' /^\/api\/journey\/series\/(\d+)$/","fail(res,'Plan access is not available for this request.',403)","Retained / automatic handling as stated in source"
"B0253","lib/process-routes.js","102","Error / validation","res 'Workers only.' 403","(u.role!=='worker')","Request rejected or operation failed","'POST' /^\/api\/journey\/series\/(\d+)\/accept$/","fail(res,'Workers only.',403)","Retained / automatic handling as stated in source"
"B0254","lib/process-routes.js","103","Error / validation","Select up to 26 visits.","(!ids.length||ids.length>26||ids.some(x=>!Number.isInteger(x)))","Request rejected or operation failed","'POST' /^\/api\/journey\/series\/(\d+)\/accept$/","fail(res,'Select up to 26 visits.')","Retained / automatic handling as stated in source"
"B0255","lib/process-routes.js","105","Error / validation","res 'A selected visit changed. Review the series again.' 409","(visits.some(v=>!v||v.worker_id!==u.id||v.series_id!==Number(m[1])||v.status!=='requested'||b.revisions?.[v.id]!==hash(v)))","Request rejected or operation failed","'POST' /^\/api\/journey\/series\/(\d+)\/accept$/","fail(res,'A selected visit changed. Review the series again.',409)","Retained / automatic handling as stated in source"
"B0256","lib/process-routes.js","108","HTTP 409","res 409 gate","(gate)","Request rejected or operation failed","'POST' /^\/api\/journey\/series\/(\d+)\/accept$/","json(res,409,gate)","Retained / automatic handling as stated in source"
"B0257","lib/process-routes.js","108","HTTP 409","res 409 {...fit,date:v.date}","(!fit.ok) AND NOT (fit.confirm)","Request rejected or operation failed","'POST' /^\/api\/journey\/series\/(\d+)\/accept$/","json(res,409,{...fit,date:v.date})","Retained / automatic handling as stated in source"
"B0258","lib/process-routes.js","111","Error / validation","Exception from e","At this operation","Stops this operation and propagates an error","'POST' /^\/api\/journey\/series\/(\d+)\/accept$/","throw e;","Retained / automatic handling as stated in source"
"B0259","lib/process-routes.js","116","Error / validation","res 'Workers only.' 403","(u.role!=='worker')","Request rejected or operation failed","'POST' /^\/api\/journey\/availability-preview$/","fail(res,'Workers only.',403)","Retained / automatic handling as stated in source"
"B0260","lib/process-routes.js","116","Error / validation","res e.message","At this operation","Request rejected or operation failed","'POST' /^\/api\/journey\/availability-preview$/","fail(res,e.message)","Retained / automatic handling as stated in source"
"B0261","lib/process-routes.js","121","Error / validation","res 'Workers only.' 403","(u.role!=='worker')","Request rejected or operation failed","'POST' /^\/api\/journey\/availability$/","fail(res,'Workers only.',403)","Retained / automatic handling as stated in source"
"B0262","lib/process-routes.js","121","Error / validation","res e.message","At this operation","Request rejected or operation failed","'POST' /^\/api\/journey\/availability$/","fail(res,e.message)","Retained / automatic handling as stated in source"
"B0263","lib/process-routes.js","123","Error / validation","res 'Review the current impact before saving.' 409","(!b.confirm||!Number.isFinite(b.expires)||b.expires<Date.now()||b.expires>Date.now()+15*60000||b.token!==c.sign(hash({uid:u.id,patch,profile,affected,expires:b.expires})))","Request rejected or operation failed","'POST' /^\/api\/journey\/availability$/","fail(res,'Review the current impact before saving.',409)","Retained / automatic handling as stated in source"
"B0264","lib/process-routes.js","124","Error / validation","Select only affected visits.","(selected.some(id=>!affected.some(v=>v.id===id)))","Request rejected or operation failed","'POST' /^\/api\/journey\/availability$/","fail(res,'Select only affected visits.')","Retained / automatic handling as stated in source"
"B0265","lib/process-routes.js","129","Error / validation","res 'Booking permission required.' 403","(!p)","Request rejected or operation failed","'POST' /^\/api\/journey\/alternatives$/","fail(res,'Booking permission required.',403)","Retained / automatic handling as stated in source"
"B0266","lib/process-routes.js","130","Error / validation","Choose a valid visit.","(!T.validDate(b.date)||!T.validTime(b.start)||!(Number(b.hours)>=2&&Number(b.hours)<=10)||!c.services.includes(b.service))","Request rejected or operation failed","'POST' /^\/api\/journey\/alternatives$/","fail(res,'Choose a valid visit.')","Retained / automatic handling as stated in source"
"B0267","lib/process-routes.js","133","Error / validation","res 'Booking permission required.' 403","(!p)","Request rejected or operation failed","'GET' /^\/api\/journey\/routines$/","fail(res,'Booking permission required.',403)","Retained / automatic handling as stated in source"
"B0268","lib/process-routes.js","134","Error / validation","res 'Not your visit.' 403","(!visit||!p)","Request rejected or operation failed","'POST' /^\/api\/journey\/routines$/","fail(res,'Not your visit.',403)","Retained / automatic handling as stated in source"
"B0269","lib/process-routes.js","135","Error / validation","res 'Booking permission required.' 403","(!p)","Request rejected or operation failed","'DELETE' /^\/api\/journey\/routines\/(\d+)$/","fail(res,'Booking permission required.',403)","Retained / automatic handling as stated in source"
"B0270","lib/process-routes.js","137","Error / validation","res 'Choose a completed visit.' 403","(!visit||!p||visit.status!=='completed')","Request rejected or operation failed","'POST' /^\/api\/journey\/followup$/","fail(res,'Choose a completed visit.',403)","Retained / automatic handling as stated in source"
"B0271","lib/process-routes.js","138","Error / validation","Choose a next step.","(!['continue','change','help'].includes(b.answer))","Request rejected or operation failed","'POST' /^\/api\/journey\/followup$/","fail(res,'Choose a next step.')","Retained / automatic handling as stated in source"
"B0272","lib/process-routes.js","139","Error / validation","res 'Your earlier answer is saved. Open Change support to request a different arrangement.' 409","(previous) AND (previous.answer!==b.answer)","Request rejected or operation failed","'POST' /^\/api\/journey\/followup$/","fail(res,'Your earlier answer is saved. Open Change support to request a different arrangement.',409)","Retained / automatic handling as stated in source"
"B0273","lib/process-routes.js","145","Error / validation","Choose different valid quiet-hour start and end times.","((p.quiet_from||p.quiet_to)&&(!T.validTime(p.quiet_from)||!T.validTime(p.quiet_to)||p.quiet_from===p.quiet_to))","Request rejected or operation failed","'PUT' /^\/api\/journey\/preferences$/","fail(res,'Choose different valid quiet-hour start and end times.')","Retained / automatic handling as stated in source"
"B0274","lib/process-routes.js","146","Error / validation","res 'Booking permission required.' 403","(b.approval_owner!==undefined) AND (!target)","Request rejected or operation failed","'PUT' /^\/api\/journey\/preferences$/","fail(res,'Booking permission required.',403)","Retained / automatic handling as stated in source"
"B0275","lib/process-routes.js","146","Error / validation","Choose a currently authorised approver.","(b.approval_owner!==undefined) AND (!ids.includes(Number(b.approval_owner)))","Request rejected or operation failed","'PUT' /^\/api\/journey\/preferences$/","fail(res,'Choose a currently authorised approver.')","Retained / automatic handling as stated in source"
"B0276","lib/process-routes.js","151","Error / validation","Only unsent deliveries can be retried.","(!row||!['failed','retry','queued'].includes(row.status))","Request rejected or operation failed","'POST' /^\/api\/admin\/deliveries\/(\d+)\/retry$/","fail(res,'Only unsent deliveries can be retried.')","Retained / automatic handling as stated in source"
"B0277","lib/process-routes.js","153","Error / validation","Choose a valid reporting date range.","(!T.validDate(from)||!T.validDate(to)||from>to)","Request rejected or operation failed","'GET' /^\/api\/admin\/journey-metrics$/","fail(res,'Choose a valid reporting date range.')","Retained / automatic handling as stated in source"
"B0278","lib/process-routes.js","160","Error / validation","Settings require true or false values.","(['payroll_drafts_enabled','private_billing_ready','ai_document_processing'].some(k=>b[k]!==undefined&&typeof b[k]!=='boolean'))","Request rejected or operation failed","'POST' /^\/api\/admin\/journey-settings$/","fail(res,'Settings require true or false values.')","Retained / automatic handling as stated in source"
"B0279","lib/process-routes.js","161","Error / validation","Confirm the payroll cutover date before enabling scheduled drafts.","(b.payroll_drafts_enabled&&!T.validDate(b.payroll_cutover_date))","Request rejected or operation failed","'POST' /^\/api\/admin\/journey-settings$/","fail(res,'Confirm the payroll cutover date before enabling scheduled drafts.')","Retained / automatic handling as stated in source"
"B0280","lib/process-routes.js","162","Error / validation","Choose the applicable tax treatment: 0 or 10 percent.","(b.private_gst_percent!==undefined&&!['0','10'].includes(String(b.private_gst_percent)))","Request rejected or operation failed","'POST' /^\/api\/admin\/journey-settings$/","fail(res,'Choose the applicable tax treatment: 0 or 10 percent.')","Retained / automatic handling as stated in source"
"B0281","lib/process-routes.js","163","Error / validation","Record approval of the document processing arrangement.","(b.ai_document_processing&&clean(b.ai_processing_evidence,1000).length<20)","Request rejected or operation failed","'POST' /^\/api\/admin\/journey-settings$/","fail(res,'Record approval of the document processing arrangement.')","Retained / automatic handling as stated in source"
"B0282","lib/process-routes.js","164","Error / validation","Confirm the payroll cutover date before enabling scheduled drafts.","(b.payroll_drafts_enabled!==undefined) AND (b.payroll_drafts_enabled&&!T.validDate(b.payroll_cutover_date))","Request rejected or operation failed","'POST' /^\/api\/admin\/journey-settings$/","fail(res,'Confirm the payroll cutover date before enabling scheduled drafts.')","Retained / automatic handling as stated in source"
"B0283","lib/process-routes.js","166","Error / validation","Record approval of the document processing arrangement.","(b.ai_document_processing!==undefined) AND (b.ai_document_processing&&clean(b.ai_processing_evidence,1000).length<20)","Request rejected or operation failed","'POST' /^\/api\/admin\/journey-settings$/","fail(res,'Record approval of the document processing arrangement.')","Retained / automatic handling as stated in source"
"B0284","lib/process-routes.js","169","Error / validation","res 'Invoice permission required.' 403","(!p)","Request rejected or operation failed","'GET' /^\/api\/me\/billing$/","fail(res,'Invoice permission required.',403)","Retained / automatic handling as stated in source"
"B0285","lib/process-store.js","33","Returned status / rejection reason","","(!u)","Returned message / status; caller decides whether it blocks","createStore > accessStamp","return '';","Retained / automatic handling as stated in source"
"B0286","lib/process-store.js","48","Returned status / rejection reason","expired","(row.expires_at&&row.expires_at<=now())","Returned message / status; caller decides whether it blocks","createStore > suppress","return 'expired';","Retained / automatic handling as stated in source"
"B0287","lib/process-store.js","51","Returned status / rejection reason","booking request resolved or reassigned","(meta.event_kind==='booking-request') AND (!booking||booking.status!=='requested'||booking.worker_id!==row.user_id)","Returned message / status; caller decides whether it blocks","createStore > suppress","return 'booking request resolved or reassigned';","Retained / automatic handling as stated in source"
"B0288","lib/process-store.js","52","Returned status / rejection reason","task completed or queried","(meta.requires_approval&&db.prepare('SELECT approval_state FROM bookings WHERE id=?').get(meta.booking_id)?.approval_state!=='pending')","Returned message / status; caller decides whether it blocks","createStore > suppress","return 'task completed or queried';","Retained / automatic handling as stated in source"
"B0289","lib/process-store.js","53","Returned status / rejection reason","cover offer no longer available","(link.pathname==='/cover'&&link.searchParams.has('o')) AND (!offer||offer.response||offer.cover_status!=='open'||offer.expires_at<=now())","Returned message / status; caller decides whether it blocks","createStore > suppress","return 'cover offer no longer available';","Retained / automatic handling as stated in source"
"B0290","lib/process-store.js","55","Returned status / rejection reason","","(!row.user_id)","Returned message / status; caller decides whether it blocks","createStore > suppress","return '';","Retained / automatic handling as stated in source"
"B0291","lib/process-store.js","57","Returned status / rejection reason","access changed","(!u||u.closed_at||accessStamp(row.user_id)!==row.access_stamp)","Returned message / status; caller decides whether it blocks","createStore > suppress","return 'access changed';","Retained / automatic handling as stated in source"
"B0292","lib/process-store.js","58","Returned status / rejection reason","notification preference","(row.kind!=='invoice'&&row.kind&&c.mailPrefs(row.user_id)[row.kind]===false)","Returned message / status; caller decides whether it blocks","createStore > suppress","return 'notification preference';","Retained / automatic handling as stated in source"
"B0293","lib/process-store.js","59","Returned status / rejection reason","","At this operation","Returned message / status; caller decides whether it blocks","createStore > suppress","return '';","Retained / automatic handling as stated in source"
"B0294","lib/process-store.js","69","Boolean decision","False result from createStore > drain > callback","(why)","Eligibility or control result is false; caller determines effect","createStore > drain > callback","return false;","Retained / automatic handling as stated in source"
"B0295","lib/process-store.js","90","Readiness / eligibility","verify-email · Confirm your email address · #/account","(!u.verified)","Adds a readiness task or condition (blocking flag shown in source)","createStore > workerBlockers","add('verify-email','Confirm your email address',true,'#/account')","Retained / automatic handling as stated in source"
"B0296","lib/process-store.js","91","Readiness / eligibility","photo · Add your profile photo · #/account/profile","(!p.photo)","Adds a readiness task or condition (blocking flag shown in source)","createStore > workerBlockers","add('photo','Add your profile photo',true,'#/account/profile')","Retained / automatic handling as stated in source"
"B0297","lib/process-store.js","98","Readiness / eligibility","identity · Complete your identity documents · #/account/credentials · ${sum.id_points} of 100 identity points on file","(!sum.id_ok)","Adds a readiness task or condition (blocking flag shown in source)","createStore > workerBlockers","add('identity','Complete your identity documents',true,'#/account/credentials',`${sum.id_points} of 100 identity points on file`)","Retained / automatic handling as stated in source"
"B0298","lib/process-store.js","99","Readiness / eligibility","right-to-work · Add your work-rights evidence · #/account/credentials","(!sum.right_to_work)","Adds a readiness task or condition (blocking flag shown in source)","createStore > workerBlockers","add('right-to-work','Add your work-rights evidence',true,'#/account/credentials')","Retained / automatic handling as stated in source"
"B0299","lib/process-store.js","102","Readiness / eligibility","upload- · Add current · #/account/credentials?type=","(!list.length)","Adds a readiness task or condition (blocking flag shown in source)","createStore > workerBlockers","add('upload-'+key,'Add current '+(c.docMap[key]?.label||key),true,'#/account/credentials?type='+key)","Retained / automatic handling as stated in source"
"B0300","lib/process-store.js","103","Readiness / eligibility","verify- · Office review: · #/journey · Received; awaiting verification","NOT (!list.length) AND (!good)","Adds a readiness task or condition (blocking flag shown in source)","createStore > workerBlockers","add('verify-'+key,'Office review: '+(c.docMap[key]?.label||key),false,'#/journey', 'Received; awaiting verification')","Retained / automatic handling as stated in source"
"B0301","lib/process-store.js","105","Readiness / eligibility","resume · Add your resume / CV · #/account/credentials?type=resume · Add your resume to the document checklist.","(!current.some(d=>d.doc_type==='resume'))","Adds a readiness task or condition (blocking flag shown in source)","createStore > workerBlockers","add('resume','Add your resume / CV',true,'#/account/credentials?type=resume','Add your resume to the document checklist.',false)","Retained / automatic handling as stated in source"
"B0302","lib/process-store.js","106","Readiness / eligibility","recruit- · Office review: · #/journey?panel=recruitment · The office records the evidence and outcome.","(!p.visible&&!p.self_paused) AND (db.prepare('SELECT status FROM recruitment_checks WHERE worker_id=? AND check_key=?').get(uid,key)?.status!=='complete')","Adds a readiness task or condition (blocking flag shown in source)","createStore > workerBlockers","add('recruit-'+key,'Office review: '+key,false,'#/journey?panel=recruitment','The office records the evidence and outcome.')","Retained / automatic handling as stated in source"
"B0303","lib/process-store.js","108","Readiness / eligibility","screening-status · Office confirms screening status · #/journey","(st.screening?.status!=='cleared')","Adds a readiness task or condition (blocking flag shown in source)","createStore > workerBlockers","add('screening-status','Office confirms screening status',false,'#/journey')","Retained / automatic handling as stated in source"
"B0304","lib/process-store.js","109","Readiness / eligibility","register- · Office check: · #/journey","(r.result!=='clear'||r.age_days===null||r.age_days>c.banningWindowDays())","Adds a readiness task or condition (blocking flag shown in source)","createStore > workerBlockers","add('register-'+r.key,'Office check: '+r.short,false,'#/journey')","Retained / automatic handling as stated in source"
"B0305","lib/process-store.js","110","Readiness / eligibility","training- · #/account/training · Complete or renew this module · T23:59:59Z","At this operation","Adds a readiness task or condition (blocking flag shown in source)","createStore > workerBlockers","add('training-'+m.key,m.title,true,'#/account/training','Complete or renew this module',m.overdue_days>=14,m.expires_at?m.expires_at.slice(0,10)+'T23:59:59Z':null)","Retained / automatic handling as stated in source"
"B0306","lib/process-store.js","111","Readiness / eligibility","activation · Office activation decision · #/journey ·","(!p.visible&&!p.self_paused)","Adds a readiness task or condition (blocking flag shown in source)","createStore > workerBlockers","add('activation','Office activation decision',false,'#/journey',st.blocks.join(' '))","Retained / automatic handling as stated in source"
"B0307","lib/process-store.js","112","Readiness / eligibility","paused · Your profile is paused for new work · #/account · Existing eligible shifts can still be completed.","(p.self_paused)","Adds a readiness task or condition (blocking flag shown in source)","createStore > workerBlockers","add('paused','Your profile is paused for new work',true,'#/account','Existing eligible shifts can still be completed.',false)","Retained / automatic handling as stated in source"
"B0308","lib/process-store.js","118","Readiness / eligibility","review","(db.prepare('SELECT status FROM recruitment_checks WHERE worker_id=? AND check_key=?').get(uid,key)?.status!=='complete')","Adds a named condition to the returned readiness or error list","createStore > activationMissing","missing.push(key+' review')","Retained / automatic handling as stated in source"
"B0309","lib/process-store.js","120","Readiness / eligibility","verified identity evidence","(!docs.some(d=>d.primary)||docs.reduce((n,d)=>n+(d.points||0),0)<100)","Adds a named condition to the returned readiness or error list","createStore > activationMissing","missing.push('verified identity evidence')","Retained / automatic handling as stated in source"
"B0310","lib/process-store.js","120","Readiness / eligibility","verified work-rights evidence","(!docs.some(d=>d.rtw))","Adds a named condition to the returned readiness or error list","createStore > activationMissing","missing.push('verified work-rights evidence')","Retained / automatic handling as stated in source"
"B0311","lib/process-store.js","121","Readiness / eligibility","verified","(!db.prepare(""SELECT id FROM worker_docs WHERE worker_id=? AND doc_type=? AND verified_at IS NOT NULL AND verified_at<>'' AND COALESCE(review_state,'')<>'rejected' AND (expiry_date='' OR expiry_date IS NULL OR expiry_date>=?)"").get(uid,key,c.ymd()))","Adds a named condition to the returned readiness or error list","createStore > activationMissing","missing.push('verified '+key)","Retained / automatic handling as stated in source"
"B0312","lib/process-store.js","182","Boolean decision","False result from createStore > renewalNeeded","(['rejected','superseded'].includes(d.review_state))","Eligibility or control result is false; caller determines effect","createStore > renewalNeeded","return false;","Retained / automatic handling as stated in source"
"B0313","lib/public-holidays.js","13","Error / validation","Official holiday table is incomplete. Keeping the previous calendar.","(unique.length<10||unique.length>20||!unique.some(x=>x.date===y+'-01-01')||!unique.some(x=>x.date===y+'-12-25')||!unique.some(x=>/Good Friday/i.test(x.name)))","Stops this operation and propagates an error","parseState","throw Error('Official holiday table is incomplete. Keeping the previous calendar.');","Retained / automatic handling as stated in source"
"B0314","lib/public-holidays.js","14","Error / validation","Official holiday table was not recognised. Keeping the previous calendar.","(!Object.keys(years).length)","Stops this operation and propagates an error","parseState","throw Error('Official holiday table was not recognised. Keeping the previous calendar.');","Retained / automatic handling as stated in source"
"B0315","lib/public-holidays.js","17","Error / validation","Local holiday hours were not recognised. Keeping the previous calendar.","(from===null||to===null||from>=to)","Stops this operation and propagates an error","parseLocal","throw Error('Local holiday hours were not recognised. Keeping the previous calendar.');","Retained / automatic handling as stated in source"
"B0316","lib/public-holidays.js","17","Error / validation","Local holiday table was not recognised. Keeping the previous calendar.","(list.length<5||list.length>500)","Stops this operation and propagates an error","parseLocal","throw Error('Local holiday table was not recognised. Keeping the previous calendar.');","Retained / automatic handling as stated in source"
"B0317","lib/public-holidays.js","36","Error / validation","Holiday source returned HTTP","(!response.ok)","Stops this operation and propagates an error","callback > fetchText","throw Error('Holiday source returned HTTP '+response.status);","Retained / automatic handling as stated in source"
"B0318","lib/public-holidays.js","36","Error / validation","Holiday source response is too large.","(Number(response.headers?.get('content-length')||0)>2000000)","Stops this operation and propagates an error","callback > fetchText","throw Error('Holiday source response is too large.');","Retained / automatic handling as stated in source"
"B0319","lib/public-holidays.js","36","Error / validation","Holiday source response is too large.","(!reader) AND (t.length>2000000)","Stops this operation and propagates an error","callback > fetchText","throw Error('Holiday source response is too large.');","Retained / automatic handling as stated in source"
"B0320","lib/public-holidays.js","36","Error / validation","Holiday source response is too large.","(bytes>2000000)","Stops this operation and propagates an error","callback > fetchText","throw Error('Holiday source response is too large.');","Retained / automatic handling as stated in source"
"B0321","lib/public-holidays.js","37","Error / validation","Exception from result[i].reason","(result[i].status!=='fulfilled')","Stops this operation and propagates an error","callback > refresh > callback","throw result[i].reason;","Retained / automatic handling as stated in source"
"B0322","lib/public-holidays.js","37","Readiness / eligibility","errors.push(String(e.message).slice(0,250))","At this operation","Adds a named condition to the returned readiness or error list","callback > refresh > callback","errors.push(String(e.message).slice(0,250))","Retained / automatic handling as stated in source"
"B0323","lib/register-access.js","5","Boolean decision","False result from appendOnly","(canonical(a)!==canonical(b))","Eligibility or control result is false; caller determines effect","appendOnly","return false;","Retained / automatic handling as stated in source"
"B0324","lib/verification-automation.js","12","Error / validation","Exception from e","At this operation","Stops this operation and propagates an error","verificationAutomation > callback","throw e;","Retained / automatic handling as stated in source"
"B0325","lib/verification-automation.js","66","Error / validation","Choose valid queue filters.","(!['worker','participant'].includes(role)||!['all','review','waiting','ready','active','blocked','overdue'].includes(status)||!['all','mine','unassigned'].includes(owner)||!Number.isInteger(offset)||offset<0)","Stops this operation and propagates an error","verificationAutomation > queue","throw problem('Choose valid queue filters.');","Retained / automatic handling as stated in source"
"B0326","lib/verification-automation.js","88","Error / validation","Confirm the reviewer availability and a deadline between 1 and 20 business days.","(v.confirm!==true || typeof v.enabled!=='boolean'||!Number.isInteger(v.review_days)||v.review_days<1||v.review_days>20||!Array.isArray(v.reviewers))","Stops this operation and propagates an error","verificationAutomation > saveSettings","throw problem('Confirm the reviewer availability and a deadline between 1 and 20 business days.');","Retained / automatic handling as stated in source"
"B0327","lib/verification-automation.js","89","Error / validation","Automation settings changed. Reopen settings before saving.","(v.revision!==settings().revision)","Stops this operation and propagates an error","verificationAutomation > saveSettings","throw problem('Automation settings changed. Reopen settings before saving.',409);","Retained / automatic handling as stated in source"
"B0328","lib/verification-automation.js","92","Error / validation","Choose current reviewers, roles and a capacity between 1 and 200 files.","(!people.some(p=>p.id===r.id)||ids.has(r.id)||typeof r.available!=='boolean'||!Array.isArray(r.roles)||!r.roles.length||r.roles.some(x=>!['worker','participant'].includes(x))||!Number.isInteger(r.capacity)||r.capacity<1||r.capacity>200)","Stops this operation and propagates an error","verificationAutomation > saveSettings","throw problem('Choose current reviewers, roles and a capacity between 1 and 200 files.');","Retained / automatic handling as stated in source"
"B0329","lib/verification-automation.js","95","Error / validation","Mark at least one reviewer available before enabling assignment.","(v.enabled&&!v.reviewers.some(r=>r.available))","Stops this operation and propagates an error","verificationAutomation > saveSettings","throw problem('Mark at least one reviewer available before enabling assignment.');","Retained / automatic handling as stated in source"
"B0330","lib/verification-automation.js","104","Error / validation","This file is already assigned. Review the owner before changing it.","(old?.owner_id&&old.owner_id!==actor.id)","Stops this operation and propagates an error","verificationAutomation > claim","throw problem('This file is already assigned. Review the owner before changing it.',409);","Retained / automatic handling as stated in source"
"B0331","lib/verification-automation.js","130","Error / validation","Select current outstanding items, review the message and confirm sending.","(v.confirm!==true||!keys.length||keys.some(k=>!available.some(x=>x.key===k))||clean(v.note).length<10)","Stops this operation and propagates an error","verificationAutomation > startFollowup","throw problem('Select current outstanding items, review the message and confirm sending.');","Retained / automatic handling as stated in source"
"B0332","lib/verification-automation.js","131","Error / validation","Choose a real due date.","(v.due_date&&!T.validDate(v.due_date))","Stops this operation and propagates an error","verificationAutomation > startFollowup","throw problem('Choose a real due date.');","Retained / automatic handling as stated in source"
"B0333","lib/verification-automation.js","132","Error / validation","The requested date cannot be in the past.","(v.due_date&&v.due_date<c.ymd())","Stops this operation and propagates an error","verificationAutomation > startFollowup","throw problem('The requested date cannot be in the past.');","Retained / automatic handling as stated in source"
"B0334","lib/verification-automation.js","133","Error / validation","Choose a supported reminder interval and limit.","(![3,7,14].includes(Number(v.interval_days))||![0,1,2,3].includes(Number(v.max_reminders)))","Stops this operation and propagates an error","verificationAutomation > startFollowup","throw problem('Choose a supported reminder interval and limit.');","Retained / automatic handling as stated in source"
"B0335","lib/verification-automation.js","134","Error / validation","Example accounts cannot receive checklist messages.","(c.isDemoWorker(p.email))","Stops this operation and propagates an error","verificationAutomation > startFollowup","throw problem('Example accounts cannot receive checklist messages.');","Retained / automatic handling as stated in source"
"B0336","lib/verification-automation.js","136","Error / validation","A combined request is already active. Stop it before approving a replacement.","(db.prepare(""SELECT id FROM verification_followups WHERE user_id=? AND status='active'"").get(p.id))","Stops this operation and propagates an error","verificationAutomation > startFollowup > callback","throw problem('A combined request is already active. Stop it before approving a replacement.',409);","Retained / automatic handling as stated in source"
"B0337","lib/verification-automation.js","146","Error / validation","That active request is no longer available.","(!f)","Stops this operation and propagates an error","verificationAutomation > stopFollowup","throw problem('That active request is no longer available.',409);","Retained / automatic handling as stated in source"
"B0338","lib/verification-automation.js","153","Returned status / rejection reason","","(!meta.verification_followup)","Returned message / status; caller decides whether it blocks","verificationAutomation > prepareDelivery","return '';","Retained / automatic handling as stated in source"
"B0339","lib/verification-automation.js","155","Returned status / rejection reason","Follow-up is no longer active","(!f||f.status!=='active')","Returned message / status; caller decides whether it blocks","verificationAutomation > prepareDelivery","return 'Follow-up is no longer active';","Retained / automatic handling as stated in source"
"B0340","lib/verification-automation.js","156","Returned status / rejection reason","All requested items are complete","(!items.length)","Returned message / status; caller decides whether it blocks","verificationAutomation > prepareDelivery","return 'All requested items are complete';","Retained / automatic handling as stated in source"
"B0341","lib/verification-automation.js","158","Returned status / rejection reason","Recipient changed","(!fresh||fresh[0].toLowerCase()!==row.recipient)","Returned message / status; caller decides whether it blocks","verificationAutomation > prepareDelivery","return 'Recipient changed';","Retained / automatic handling as stated in source"
"B0342","lib/verification-automation.js","159","Returned status / rejection reason","","At this operation","Returned message / status; caller decides whether it blocks","verificationAutomation > prepareDelivery","return '';","Retained / automatic handling as stated in source"
"B0343","lib/verification-automation.js","219","Error / validation","This suggestion is no longer current. Reload the original evidence.","(!s)","Stops this operation and propagates an error","verificationAutomation > applyAssistance","throw problem('This suggestion is no longer current. Reload the original evidence.',409);","Retained / automatic handling as stated in source"
"B0344","lib/verification-automation.js","220","Error / validation","Review the suggested fields against the original evidence and confirm.","(v.confirm!==true||!['accepted','modified','rejected'].includes(v.decision)||(v.expiry_date&&!T.validDate(v.expiry_date)))","Stops this operation and propagates an error","verificationAutomation > applyAssistance","throw problem('Review the suggested fields against the original evidence and confirm.');","Retained / automatic handling as stated in source"
"B0345","lib/worker-availability.js","7","Boolean decision","False result from areaMatches","(!a || !p)","Eligibility or control result is false; caller determines effect","areaMatches","return false;","Retained / automatic handling as stated in source"
"B0346","lib/worker-availability.js","11","Boolean decision","False result from areaMatches","At this operation","Eligibility or control result is false; caller determines effect","areaMatches","return false;","Retained / automatic handling as stated in source"
"B0347","lib/worker-availability.js","17","Error / validation","List up to 80 specific suburbs with state, or postcodes, separated by semicolons. Wildcards are not accepted.","(body.service_areas !== undefined) AND (!Array.isArray(areas) || areas.length > 80 || areas.some(x => typeof x !== 'string' || x.trim().length < 2 || x.trim().length > 100 || x.includes('*')))","Stops this operation and propagates an error","normalise","throw Error('List up to 80 specific suburbs with state, or postcodes, separated by semicolons. Wildcards are not accepted.');","Retained / automatic handling as stated in source"
"B0348","lib/worker-availability.js","21","Error / validation","Availability must be seven time-window lists or null.","(body.availability_windows !== undefined) AND (typeof a==='string')","Stops this operation and propagates an error","normalise","throw Error('Availability must be seven time-window lists or null.');","Retained / automatic handling as stated in source"
"B0349","lib/worker-availability.js","22","Error / validation","Availability needs seven lists, Monday to Sunday.","(body.availability_windows !== undefined) AND (a !== null && (!Array.isArray(a) || a.length !== 7))","Stops this operation and propagates an error","normalise","throw Error('Availability needs seven lists, Monday to Sunday.');","Retained / automatic handling as stated in source"
"B0350","lib/worker-availability.js","24","Error / validation","Use up to six time windows per day.","(body.availability_windows !== undefined) AND (a !== null) AND (!Array.isArray(day) || day.length > 6)","Stops this operation and propagates an error","normalise","throw Error('Use up to six time windows per day.');","Retained / automatic handling as stated in source"
"B0351","lib/worker-availability.js","25","Error / validation","Each window must end after it starts. Split overnight windows at midnight.","(body.availability_windows !== undefined) AND (a !== null) AND (!r || !time.validTime(r.start) || !(time.validTime(r.end) || r.end === '24:00') || r.start >= r.end)","Stops this operation and propagates an error","normalise","throw Error('Each window must end after it starts. Split overnight windows at midnight.');","Retained / automatic handling as stated in source"
"B0352","lib/worker-availability.js","27","Error / validation","Availability windows must not overlap.","(body.availability_windows !== undefined) AND (a !== null) AND (sorted.some((r,i) => i && r.start < sorted[i-1].end))","Stops this operation and propagates an error","normalise","throw Error('Availability windows must not overlap.');","Retained / automatic handling as stated in source"
"B0353","lib/worker-availability.js","33","Error / validation","Leave needs valid inclusive from/to dates.","(body.leave_dates !== undefined) AND (!Array.isArray(a) || a.length > 100 || a.some(x => !x || !time.validDate(x.from) || !time.validDate(x.to) || x.to < x.from))","Stops this operation and propagates an error","normalise","throw Error('Leave needs valid inclusive from/to dates.');","Retained / automatic handling as stated in source"
"B0354","lib/worker-availability.js","38","Error / validation","Travel buffer must be a whole number from 0 to 180 minutes.","(body.travel_buffer_minutes !== undefined) AND (!Number.isInteger(n) || n < 0 || n > 180)","Stops this operation and propagates an error","normalise","throw Error('Travel buffer must be a whole number from 0 to 180 minutes.');","Retained / automatic handling as stated in source"
"B0355","lib/worker-availability.js","44","Returned error / decision","{ok:false,error}","(error)","Returns an error, blocked or false decision object","availability","return {ok:false,error};","Retained / automatic handling as stated in source"
"B0356","lib/worker-availability.js","57","Returned error / decision","leave · The worker has recorded leave during this visit.","(leave.some(x => x.from <= date && date <= x.to))","Returns an error, blocked or false decision object","availability","return {ok:false,code:'leave',error:'The worker has recorded leave during this visit.'};","Retained / automatic handling as stated in source"
"B0357","lib/worker-availability.js","66","Returned error / decision","time_window · The whole visit does not fit the worker’s declared time windows.","(windows) AND (covered < segmentEnd)","Returns an error, blocked or false decision object","availability","return {ok:false,code:'time_window',error:'The whole visit does not fit the worker’s declared time windows.'};","Retained / automatic handling as stated in source"
"B0358","lib/worker-availability.js","67","Returned error / decision","weekday · The worker is not available on every day touched by this visit.","NOT (windows) AND (!days[idx])","Returns an error, blocked or false decision object","availability","return {ok:false,code:'weekday',error:'The worker is not available on every day touched by this visit.'};","Retained / automatic handling as stated in source"
"B0359","lib/worker-availability.js","72","Returned error / decision","service_area · The visit location is outside this worker’s declared service areas. Confirm the suburb and state or postcode, or ask the worker to update their areas.","(participantPlace !== undefined && !effectiveAreas.some(a => areaMatches(a,participantPlace)))","Returns an error, blocked or false decision object","availability","return {ok:false,code:'service_area',error:'The visit location is outside this worker’s declared service areas. Confirm the suburb and state or postcode, or ask the worker to update their areas.'};","Retained / automatic handling as stated in source"
"B0360","ops/bookit-backup.service","14","Deployment / configuration","# Add to /etc/bookit.env (optional):","Deployment configuration","May prevent startup, health readiness or external service use","Configuration","# Add to /etc/bookit.env (optional):","Retained / automatic handling as stated in source"
"B0361","ops/bookit-backup.service","30","Deployment / configuration","EnvironmentFile=/etc/bookit.env","Deployment configuration","May prevent startup, health readiness or external service use","Configuration","EnvironmentFile=/etc/bookit.env","Retained / automatic handling as stated in source"
"B0362","public/assets/admin-verification.js","17","Form / interface constraint","<select name=""${name}"" ${['method','doc_type','form_key','outcome','eligible','result','aged_result','acqsc_result'].includes(name)?'required':''}>","At this operation","Required input or conditional control; attribute expression is shown","callback > callback","<select name=""${name}"" ${['method','doc_type','form_key','outcome','eligible','result','aged_result','acqsc_result'].includes(name)?'required':''}>","Retained / automatic handling as stated in source"
"B0363","public/assets/admin-verification.js","18","Form / interface constraint","<input type=""checkbox"" name=""confirm"" required>","At this operation","Required input or conditional control; attribute expression is shown","callback > callback","<input type=""checkbox"" name=""confirm"" required>","Retained / automatic handling as stated in source"
"B0364","public/assets/admin-verification.js","49","Confirmation","I reviewed this worker’s current file and approve making the profile visible.","(worker&&d.ready&&!d.profile.visible)","Waits for a person to confirm or enter a value","callback > checklist","confirm('I reviewed this worker’s current file and approve making the profile visible.')","Retained / automatic handling as stated in source"
"B0365","public/assets/admin-verification.js","75","Returned status / rejection reason","","(current.role!=='worker')","Returned message / status; caller decides whether it blocks","callback > documentIntro","return '';","Retained / automatic handling as stated in source"
"B0366","public/assets/admin-verification.js","77","Form / interface constraint","<input type=""checkbox"" name=""expired_ack"" required>","At this operation","Required input or conditional control; attribute expression is shown","callback > documents","<input type=""checkbox"" name=""expired_ack"" required>","Retained / automatic handling as stated in source"
"B0367","public/assets/admin-verification.js","77","Form / interface constraint","<input type=""checkbox"" name=""expired_ack"" required>","(doc)","Required input or conditional control; attribute expression is shown","callback > documents","<input type=""checkbox"" name=""expired_ack"" required>","Retained / automatic handling as stated in source"
"B0368","public/assets/admin-verification.js","77","Form / interface constraint","<input type=""checkbox"" name=""expired_ack"" required>","(doc) AND (!doc.verified_at&&(doc.has_file||doc.accepted_at)) AND (doc.status==='expired')","Required input or conditional control; attribute expression is shown","callback > documents","<input type=""checkbox"" name=""expired_ack"" required>","Retained / automatic handling as stated in source"
"B0369","public/assets/admin-verification.js","77","Confirmation","I reviewed this person’s evidence and the method and outcome above are accurate.","(doc) AND (!doc.verified_at&&(doc.has_file||doc.accepted_at))","Waits for a person to confirm or enter a value","callback > documents","confirm('I reviewed this person’s evidence and the method and outcome above are accurate.')","Retained / automatic handling as stated in source"
"B0370","public/assets/admin-verification.js","77","Confirmation","I checked the explanation and want to send this correction request.","(doc)","Waits for a person to confirm or enter a value","callback > documents","confirm('I checked the explanation and want to send this correction request.')","Retained / automatic handling as stated in source"
"B0371","public/assets/admin-verification.js","78","Confirmation","I checked the database and these fields match the result.","At this operation","Waits for a person to confirm or enter a value","callback > screening","confirm('I checked the database and these fields match the result.')","Retained / automatic handling as stated in source"
"B0372","public/assets/admin-verification.js","78","Confirmation","I checked the named registers and recorded each result accurately.","At this operation","Waits for a person to confirm or enter a value","callback > screening","confirm('I checked the named registers and recorded each result accurately.')","Retained / automatic handling as stated in source"
"B0373","public/assets/admin-verification.js","79","Confirmation","The outcome is supported by the evidence recorded above.","At this operation","Waits for a person to confirm or enter a value","callback > recruitment > callback","confirm('The outcome is supported by the evidence recorded above.')","Retained / automatic handling as stated in source"
"B0374","public/assets/admin-verification.js","80","Confirmation","I read this support plan version and completed the office review.","NOT (!p) AND (d.plan_review)","Waits for a person to confirm or enter a value","callback > plan","confirm('I read this support plan version and completed the office review.')","Retained / automatic handling as stated in source"
"B0375","public/assets/admin-verification.js","85","Confirmation","Stop further automatic messages for this checklist.","(rows.length) AND (['active','needs-office'].includes(f.status))","Waits for a person to confirm or enter a value","callback > followupHistory > callback","confirm('Stop further automatic messages for this checklist.')","Retained / automatic handling as stated in source"
"B0376","public/assets/admin-verification.js","86","Confirmation","I reviewed these items and approve the initial message and selected automatic follow-ups.","NOT (active) AND (items.length)","Waits for a person to confirm or enter a value","callback > combinedRequest","confirm('I reviewed these items and approve the initial message and selected automatic follow-ups.')","Retained / automatic handling as stated in source"
"B0377","public/assets/admin-verification.js","87","Returned status / rejection reason","","(current.role!=='worker'||doc.verified_at)","Returned message / status; caller decides whether it blocks","callback > suggestionPanel","return '';","Retained / automatic handling as stated in source"
"B0378","public/assets/admin-verification.js","88","Confirmation","I compared these fields with the original evidence and reviewed the selected outcome.","At this operation","Waits for a person to confirm or enter a value","callback > suggestionPanel","confirm('I compared these fields with the original evidence and reviewed the selected outcome.')","Retained / automatic handling as stated in source"
"B0379","public/assets/admin-verification.js","90","Returned status / rejection reason","","(!d)","Returned message / status; caller decides whether it blocks","callback > planChangesPanel","return '';","Retained / automatic handling as stated in source"
"B0380","public/assets/admin-verification.js","100","Confirmation","I reviewed availability, capacity and deadlines for these reviewers.","At this operation","Waits for a person to confirm or enter a value","callback > showSettings","confirm('I reviewed availability, capacity and deadlines for these reviewers.')","Retained / automatic handling as stated in source"
"B0381","public/assets/admin-verification.js","102","Interface control","x.disabled","At this operation","Sets control visibility or availability to true","callback > submitSettings > callback","x.disabled=true","Retained / automatic handling as stated in source"
"B0382","public/assets/admin-verification.js","104","Interface control","x.disabled","(x.isConnected)","Sets control visibility or availability to false","callback > submitSettings > callback","x.disabled=false","Retained / automatic handling as stated in source"
"B0383","public/assets/admin-verification.js","117","Confirmation","I reviewed the message and want to send this request.","At this operation","Waits for a person to confirm or enter a value","callback > requestDocument","confirm('I reviewed the message and want to send this request.')","Retained / automatic handling as stated in source"
"B0384","public/assets/admin-verification.js","126","Interface control","ev.target.hidden","At this operation","Sets control visibility or availability to true","callback > callback","ev.target.hidden=true","Retained / automatic handling as stated in source"
"B0385","public/assets/admin-verification.js","126","Interface control","message.hidden","(message)","Sets control visibility or availability to false","callback > callback","message.hidden=false","Retained / automatic handling as stated in source"
"B0386","public/assets/admin-verification.js","138","Interface control","el.disabled","At this operation","Sets control visibility or availability to true","callback > callback > callback","el.disabled=true","Retained / automatic handling as stated in source"
"B0387","public/assets/admin-verification.js","142","Interface control","el.disabled","(el.isConnected)","Sets control visibility or availability to false","callback > callback > callback","el.disabled=false","Retained / automatic handling as stated in source"
"B0388","public/assets/billing-setup.js","8","Returned status / rejection reason","<p role=""status"">Automatic billing continues in the background. Refresh to see its current status.</p>","(!s)","Returned message / status; caller decides whether it blocks","callback > render","return '<p role=""status"">Automatic billing continues in the background. Refresh to see its current status.</p>';","Retained / automatic handling as stated in source"
"B0389","public/assets/booking-calendar.js","26","Interface control","el.hidden","(el)","Sets control visibility or availability to !alertCount","callback > paintAlerts","el.hidden=!alertCount","Retained / automatic handling as stated in source"
"B0390","public/assets/booking-calendar.js","29","Interface control","notice.hidden","(notice)","Sets control visibility or availability to !alertCount","callback > paintAlerts","notice.hidden=!alertCount","Retained / automatic handling as stated in source"
"B0391","public/assets/booking-calendar.js","33","Error / validation","This request took too long. Please try again.","At this operation","Request rejected or operation failed","callback > read > callback > callback","reject(Error('This request took too long. Please try again.'))","Retained / automatic handling as stated in source"
"B0392","public/assets/booking-calendar.js","48","Interface control","controls.hidden","At this operation","Sets control visibility or availability to !(API.online&&API.me)||!!API.me.admin","callback > setup","controls.hidden=!(API.online&&API.me)||!!API.me.admin","Retained / automatic handling as stated in source"
"B0393","public/assets/bookit-a11y-dialogs.js","13","Boolean decision","False result from callback > visible","(!element || !element.isConnected)","Eligibility or control result is false; caller determines effect","callback > visible","return false;","Retained / automatic handling as stated in source"
"B0394","public/assets/bookit-review-improvements.js","28","Returned status / rejection reason","<p>No confirmed plan is currently on file. Contact the office whenever instructions are unclear.</p>","(!brief)","Returned message / status; caller decides whether it blocks","callback > briefMarkup","return '<p>No confirmed plan is currently on file. Contact the office whenever instructions are unclear.</p>';","Retained / automatic handling as stated in source"
"B0395","public/assets/bookit-review-improvements.js","40","Error / validation","Refresh the page to load the current cover reference.","(!Number.isSafeInteger(cid)||cid<1)","Stops this operation and propagates an error","callback > acceptCover","throw Error('Refresh the page to load the current cover reference.');","Retained / automatic handling as stated in source"
"B0396","public/assets/bookit-review-improvements.js","43","Error / validation","Read the plan and tick the acknowledgement.","(r.plan_id&&!d.querySelector('[data-read]').checked)","Stops this operation and propagates an error","callback > acceptCover > callback","throw Error('Read the plan and tick the acknowledgement.');","Retained / automatic handling as stated in source"
"B0397","public/assets/bookit-review-improvements.js","46","Boolean decision","False result from callback > acceptCover","(!proof)","Eligibility or control result is false; caller determines effect","callback > acceptCover","return false;","Retained / automatic handling as stated in source"
"B0398","public/assets/bookit-review-improvements.js","53","Error / validation","Explicit worker agreement is required.","(!d.querySelector('[data-agreed]').checked)","Stops this operation and propagates an error","callback > officeEvidence > callback","throw Error('Explicit worker agreement is required.');","Retained / automatic handling as stated in source"
"B0399","public/assets/bookit-review-improvements.js","54","Error / validation","Record the conversation in at least 20 characters.","(note.length<20)","Stops this operation and propagates an error","callback > officeEvidence > callback","throw Error('Record the conversation in at least 20 characters.');","Retained / automatic handling as stated in source"
"B0400","public/assets/bookit-review-improvements.js","55","Error / validation","Confirm the worker has read this plan version.","(b.plan_id&&!d.querySelector('[data-read]').checked)","Stops this operation and propagates an error","callback > officeEvidence > callback","throw Error('Confirm the worker has read this plan version.');","Retained / automatic handling as stated in source"
"B0401","public/assets/bookit-review-improvements.js","70","Interface control","x.disabled","At this operation","Sets control visibility or availability to true","callback > loadDraft > callback","x.disabled=true","Retained / automatic handling as stated in source"
"B0402","public/assets/bookit-review-improvements.js","77","Interface control","detail.hidden","(r.draft) AND (detail)","Sets control visibility or availability to !p.scope","callback > loadDraft","detail.hidden=!p.scope","Retained / automatic handling as stated in source"
"B0403","public/assets/bookit-review-improvements.js","81","Interface control","x.disabled","At this operation","Sets control visibility or availability to !state.loaded","callback > loadDraft > callback","x.disabled=!state.loaded","Retained / automatic handling as stated in source"
"B0404","public/assets/bookit-review-improvements.js","87","Error / validation","Resolve the draft loading or conflict warning before completing.","(!st.loaded||st.conflict) AND (throwOnFailure)","Stops this operation and propagates an error","callback > saveDraft","throw Error('Resolve the draft loading or conflict warning before completing.');","Retained / automatic handling as stated in source"
"B0405","public/assets/bookit-review-improvements.js","94","Error / validation","Exception from e","(throwOnFailure)","Stops this operation and propagates an error","callback > saveDraft > callback","throw e;","Retained / automatic handling as stated in source"
"B0406","public/assets/bookit-review-improvements.js","96","Error / validation","Some draft changes are not saved. Try saving again before completing.","(st.dirty&&!st.conflict&&throwOnFailure)","Stops this operation and propagates an error","callback > saveDraft","throw Error('Some draft changes are not saved. Try saving again before completing.');","Retained / automatic handling as stated in source"
"B0407","public/assets/bookit-review-improvements.js","107","Form / interface constraint","<input type=""time"" data-start step=""900"" value=""${text(value.start)}"" required>","At this operation","Required input or conditional control; attribute expression is shown","callback > timeRangeRow","<input type=""time"" data-start step=""900"" value=""${text(value.start)}"" required>","Retained / automatic handling as stated in source"
"B0408","public/assets/bookit-review-improvements.js","107","Form / interface constraint","<input type=""time"" data-end step=""900"" value=""${text(value.end==='24:00'?'23:59':value.end)}"" ${value.end==='24:00'?'disabled':''} required>","At this operation","Required input or conditional control; attribute expression is shown","callback > timeRangeRow","<input type=""time"" data-end step=""900"" value=""${text(value.end==='24:00'?'23:59':value.end)}"" ${value.end==='24:00'?'disabled':''} required>","Retained / automatic handling as stated in source"
"B0409","public/assets/bookit-review-improvements.js","110","Form / interface constraint","<input type=""date"" data-native-date data-from value=""${text(value.from)}"" required>","At this operation","Required input or conditional control; attribute expression is shown","callback > leaveRangeRow","<input type=""date"" data-native-date data-from value=""${text(value.from)}"" required>","Retained / automatic handling as stated in source"
"B0410","public/assets/bookit-review-improvements.js","110","Form / interface constraint","<input type=""date"" data-native-date data-to value=""${text(value.to)}"" required>","At this operation","Required input or conditional control; attribute expression is shown","callback > leaveRangeRow","<input type=""date"" data-native-date data-to value=""${text(value.to)}"" required>","Retained / automatic handling as stated in source"
"B0411","public/assets/bookit-review-improvements.js","120","Interface control","el.disabled","At this operation","Sets control visibility or availability to !windows||(el.hasAttribute('data-end')&&el.closest('[data-time-range]').querySelector('[data-midnight]').checked)","callback > availabilityPreview > callback","el.disabled=!windows||(el.hasAttribute('data-end')&&el.closest('[data-time-range]').querySelector('[data-midnight]').checked)","Retained / automatic handling as stated in source"
"B0412","public/assets/bookit-review-improvements.js","174","Interface control","retry.disabled","(retry)","Sets control visibility or availability to false","callback > callback","retry.disabled=false","Retained / automatic handling as stated in source"
"B0413","public/assets/bookit-worker-load-guard.js","8","Boolean decision","False result from callback > isWorkerRequest","At this operation","Eligibility or control result is false; caller determines effect","callback > isWorkerRequest","return false;","Retained / automatic handling as stated in source"
"B0414","public/assets/bookit-worker-load-guard.js","28","Error / validation","Exception from error","At this operation","Stops this operation and propagates an error","callback > bookitFetch","throw error;","Retained / automatic handling as stated in source"
"B0415","public/assets/document-viewer.js","12","Error / validation","Invalid viewer resource","(!/^[\w.-]+$/.test(filename))","Stops this operation and propagates an error","callback > callback","throw Error('Invalid viewer resource');","Retained / automatic handling as stated in source"
"B0416","public/assets/document-viewer.js","14","Error / validation","Character maps unavailable","(kind==='cMapUrl') AND (!r.ok)","Stops this operation and propagates an error","callback > callback > callback","throw Error('Character maps unavailable');","Retained / automatic handling as stated in source"
"B0417","public/assets/document-viewer.js","14","Error / validation","Exception from e","(kind==='cMapUrl')","Stops this operation and propagates an error","callback > callback > callback","throw e;","Retained / automatic handling as stated in source"
"B0418","public/assets/document-viewer.js","16","Error / validation","Character map unavailable","(kind==='cMapUrl') AND (!Object.hasOwn(maps,key))","Stops this operation and propagates an error","callback > callback","throw Error('Character map unavailable');","Retained / automatic handling as stated in source"
"B0419","public/assets/document-viewer.js","19","Error / validation","Invalid viewer resource","(!folder)","Stops this operation and propagates an error","callback > callback","throw Error('Invalid viewer resource');","Retained / automatic handling as stated in source"
"B0420","public/assets/document-viewer.js","20","Error / validation","Viewer resource unavailable","(!r.ok)","Stops this operation and propagates an error","callback > callback","throw Error('Viewer resource unavailable');","Retained / automatic handling as stated in source"
"B0421","public/assets/document-viewer.js","23","Interface control","$('retryPdf').hidden","At this operation","Sets control visibility or availability to !error","callback > callback","$('retryPdf').hidden=!error","Retained / automatic handling as stated in source"
"B0422","public/assets/document-viewer.js","25","Interface control","$(id).disabled","At this operation","Sets control visibility or availability to !pdf","callback > controls","$(id).disabled=!pdf","Retained / automatic handling as stated in source"
"B0423","public/assets/document-viewer.js","26","Interface control","$('previousPage').disabled","(pdf)","Sets control visibility or availability to pageNumber<=1","callback > controls","$('previousPage').disabled=pageNumber<=1","Retained / automatic handling as stated in source"
"B0424","public/assets/document-viewer.js","26","Interface control","$('nextPage').disabled","(pdf)","Sets control visibility or availability to pageNumber>=pdf.numPages","callback > controls","$('nextPage').disabled=pageNumber>=pdf.numPages","Retained / automatic handling as stated in source"
"B0425","public/assets/document-viewer.js","26","Interface control","$('previousPage').hidden","(pdf)","Sets control visibility or availability to pdf.numPages===1","callback > controls","$('previousPage').hidden=pdf.numPages===1","Retained / automatic handling as stated in source"
"B0426","public/assets/document-viewer.js","26","Interface control","$('nextPage').hidden","(pdf)","Sets control visibility or availability to pdf.numPages===1","callback > controls","$('nextPage').hidden=pdf.numPages===1","Retained / automatic handling as stated in source"
"B0427","public/assets/document-viewer.js","26","Interface control","$('zoomOut').disabled","(pdf)","Sets control visibility or availability to zoom<=.5","callback > controls","$('zoomOut').disabled=zoom<=.5","Retained / automatic handling as stated in source"
"B0428","public/assets/document-viewer.js","26","Interface control","$('zoomIn').disabled","(pdf)","Sets control visibility or availability to zoom>=3","callback > controls","$('zoomIn').disabled=zoom>=3","Retained / automatic handling as stated in source"
"B0429","public/assets/document-viewer.js","28","Interface control","canvas.hidden","At this operation","Sets control visibility or availability to true","callback > clearCanvas","canvas.hidden=true","Retained / automatic handling as stated in source"
"B0430","public/assets/document-viewer.js","38","Interface control","canvas.hidden","At this operation","Sets control visibility or availability to false","callback > draw","canvas.hidden=false","Retained / automatic handling as stated in source"
"B0431","public/assets/document-viewer.js","44","Error / validation","Open a document from the worker or participant file.","(!['worker','participant','plan'].includes(scope)||!/^\d+$/.test(id||'')||!Number.isSafeInteger(Number(id))||Number(id)<1)","Stops this operation and propagates an error","callback > fileUrl","throw Error('Open a document from the worker or participant file.');","Retained / automatic handling as stated in source"
"B0432","public/assets/document-viewer.js","46","Error / validation","The stored document is empty. Download it or ask for a replacement.","(!text.trim())","Stops this operation and propagates an error","callback > displayHtml","throw Error('The stored document is empty. Download it or ask for a replacement.');","Retained / automatic handling as stated in source"
"B0433","public/assets/document-viewer.js","58","Interface control","frame.hidden","At this operation","Sets control visibility or availability to false","callback > displayHtml","frame.hidden=false","Retained / automatic handling as stated in source"
"B0434","public/assets/document-viewer.js","59","Interface control","$('pdfSurface').hidden","At this operation","Sets control visibility or availability to true","callback > displayHtml","$('pdfSurface').hidden=true","Retained / automatic handling as stated in source"
"B0435","public/assets/document-viewer.js","59","Interface control","$('pdfControls').hidden","At this operation","Sets control visibility or availability to true","callback > displayHtml","$('pdfControls').hidden=true","Retained / automatic handling as stated in source"
"B0436","public/assets/document-viewer.js","59","Interface control","$('viewerToolbar').hidden","At this operation","Sets control visibility or availability to embedded","callback > displayHtml","$('viewerToolbar').hidden=embedded","Retained / automatic handling as stated in source"
"B0437","public/assets/document-viewer.js","63","Interface control","$('htmlDocument').hidden","At this operation","Sets control visibility or availability to true","callback > start","$('htmlDocument').hidden=true","Retained / automatic handling as stated in source"
"B0438","public/assets/document-viewer.js","63","Interface control","$('pdfSurface').hidden","At this operation","Sets control visibility or availability to true","callback > start","$('pdfSurface').hidden=true","Retained / automatic handling as stated in source"
"B0439","public/assets/document-viewer.js","63","Interface control","$('pdfControls').hidden","At this operation","Sets control visibility or availability to true","callback > start","$('pdfControls').hidden=true","Retained / automatic handling as stated in source"
"B0440","public/assets/document-viewer.js","63","Interface control","$('textPanel').hidden","At this operation","Sets control visibility or availability to true","callback > start","$('textPanel').hidden=true","Retained / automatic handling as stated in source"
"B0441","public/assets/document-viewer.js","63","Interface control","$('viewerToolbar').hidden","At this operation","Sets control visibility or availability to embedded","callback > start","$('viewerToolbar').hidden=embedded","Retained / automatic handling as stated in source"
"B0442","public/assets/document-viewer.js","63","Interface control","$('downloadPdf').hidden","At this operation","Sets control visibility or availability to true","callback > start","$('downloadPdf').hidden=true","Retained / automatic handling as stated in source"
"B0443","public/assets/document-viewer.js","66","Interface control","$('downloadPdf').hidden","At this operation","Sets control visibility or availability to embedded","callback > start","$('downloadPdf').hidden=embedded","Retained / automatic handling as stated in source"
"B0444","public/assets/document-viewer.js","70","Error / validation","The document could not be loaded. Please retry.","(!response.ok)","Stops this operation and propagates an error","callback > start","throw Error(errors[response.status]||'The document could not be loaded. Please retry.');","Retained / automatic handling as stated in source"
"B0445","public/assets/document-viewer.js","72","Error / validation","This document is too large for the preview. Download the original to open it.","(data.length>32*1024*1024)","Stops this operation and propagates an error","callback > start","throw Error('This document is too large for the preview. Download the original to open it.');","Retained / automatic handling as stated in source"
"B0446","public/assets/document-viewer.js","75","Error / validation","The stored file is not a readable PDF or HTML document. Download it or ask for a replacement.","(!isPdf)","Stops this operation and propagates an error","callback > start","throw Error('The stored file is not a readable PDF or HTML document. Download it or ask for a replacement.');","Retained / automatic handling as stated in source"
"B0447","public/assets/document-viewer.js","76","Interface control","$('pdfSurface').hidden","At this operation","Sets control visibility or availability to false","callback > start","$('pdfSurface').hidden=false","Retained / automatic handling as stated in source"
"B0448","public/assets/document-viewer.js","76","Interface control","$('pdfControls').hidden","At this operation","Sets control visibility or availability to false","callback > start","$('pdfControls').hidden=false","Retained / automatic handling as stated in source"
"B0449","public/assets/document-viewer.js","76","Interface control","$('viewerToolbar').hidden","At this operation","Sets control visibility or availability to false","callback > start","$('viewerToolbar').hidden=false","Retained / automatic handling as stated in source"
"B0450","public/assets/document-viewer.js","87","Interface control","$('textPanel').hidden","At this operation","Sets control visibility or availability to !show","callback > mount > callback","$('textPanel').hidden=!show","Retained / automatic handling as stated in source"
"B0451","public/assets/launch-assurance.js","12","Form / interface constraint","<input type=""checkbox"" name=""confirm"" required>","At this operation","Required input or conditional control; attribute expression is shown","callback > callback","<input type=""checkbox"" name=""confirm"" required>","Retained / automatic handling as stated in source"
"B0452","public/assets/launch-assurance.js","23","Interface control","button.disabled","At this operation","Sets control visibility or availability to true","callback > callback","button.disabled=true","Retained / automatic handling as stated in source"
"B0453","public/assets/launch-assurance.js","40","Error / validation","Unknown form. Reload the workspace.","At this operation","Stops this operation and propagates an error","callback > callback","throw Error('Unknown form. Reload the workspace.');","Retained / automatic handling as stated in source"
"B0454","public/assets/launch-assurance.js","42","Interface control","button.disabled","At this operation","Sets control visibility or availability to false","callback > callback","button.disabled=false","Retained / automatic handling as stated in source"
"B0455","public/assets/next-actions.js","72","Returned status / rejection reason","","(items.length===1 && items[0].label===group.title && (!items[0].notes.size || [...items[0].notes].join(' ')===group.hint))","Returned message / status; caller decides whether it blocks","callback > subitems","return '';","Retained / automatic handling as stated in source"
"B0456","public/assets/policy-fill.js","68","Returned status / rejection reason","","(!iso)","Returned message / status; caller decides whether it blocks","callback > when","return '';","Retained / automatic handling as stated in source"
"B0457","public/assets/policy-fill.js","71","Error / validation","Exception from new Error(j.error || r.status)","NOT (r.ok)","Stops this operation and propagates an error","callback > get > callback > callback","throw new Error(j.error || r.status);","Retained / automatic handling as stated in source"
"B0458","public/assets/policy-fill.js","76","Error / validation","Exception from Object.assign(new Error(j.error || r.status), { status: r.status })","(!r.ok)","Stops this operation and propagates an error","callback > post > callback > callback","throw Object.assign(new Error(j.error || r.status), { status: r.status });","Retained / automatic handling as stated in source"
"B0459","public/assets/policy-fill.js","97","Confirmation","Discard only your unsaved changes? The last saved version will remain.","(!confirm('Discard only your unsaved changes? The last saved version will remain.'))","Waits for a person to confirm or enter a value","callback > registerMode > callback","confirm('Discard only your unsaved changes? The last saved version will remain.')","Retained / automatic handling as stated in source"
"B0460","public/assets/policy-fill.js","99","Interface control","b.disabled","At this operation","Sets control visibility or availability to on","callback > registerMode > busy > callback > callback","b.disabled=on","Retained / automatic handling as stated in source"
"B0461","public/assets/policy-fill.js","99","Interface control","retry.hidden","At this operation","Sets control visibility or availability to !state.dirty","callback > registerMode > busy","retry.hidden=!state.dirty","Retained / automatic handling as stated in source"
"B0462","public/assets/policy-fill.js","99","Interface control","retry.disabled","At this operation","Sets control visibility or availability to on","callback > registerMode > busy","retry.disabled=on","Retained / automatic handling as stated in source"
"B0463","public/assets/policy-fill.js","99","Interface control","discard.hidden","At this operation","Sets control visibility or availability to !state.dirty","callback > registerMode > busy","discard.hidden=!state.dirty","Retained / automatic handling as stated in source"
"B0464","public/assets/policy-fill.js","99","Interface control","discard.disabled","At this operation","Sets control visibility or availability to on","callback > registerMode > busy","discard.disabled=on","Retained / automatic handling as stated in source"
"B0465","public/assets/policy-fill.js","100","Interface control","state.editing.panel.hidden","(state.editing)","Sets control visibility or availability to true","callback > registerMode > closeEditor","state.editing.panel.hidden=true","Retained / automatic handling as stated in source"
"B0466","public/assets/policy-fill.js","105","Interface control","recovery.hidden","At this operation","Sets control visibility or availability to false","callback > registerMode > showConflict","recovery.hidden=false","Retained / automatic handling as stated in source"
"B0467","public/assets/policy-fill.js","123","Interface control","b.disabled","At this operation","Sets control visibility or availability to true","callback > registerMode > showConflict > callback > callback > callback","b.disabled=true","Retained / automatic handling as stated in source"
"B0468","public/assets/policy-fill.js","124","Confirmation","Have you saved or copied everything you need from this draft?","(confirm('Have you saved or copied everything you need from this draft?'))","Waits for a person to confirm or enter a value","callback > registerMode > showConflict > callback > callback > callback","confirm('Have you saved or copied everything you need from this draft?')","Retained / automatic handling as stated in source"
"B0469","public/assets/policy-fill.js","124","Interface control","recovery.hidden","(confirm('Have you saved or copied everything you need from this draft?'))","Sets control visibility or availability to true","callback > registerMode > showConflict > callback > callback > callback","recovery.hidden=true","Retained / automatic handling as stated in source"
"B0470","public/assets/policy-fill.js","134","Interface control","recovery.hidden","(!state.recovery)","Sets control visibility or availability to true","callback > registerMode > save > callback","recovery.hidden=true","Retained / automatic handling as stated in source"
"B0471","public/assets/policy-fill.js","150","Confirmation","Remove this entry from the current register? Earlier saved versions remain on file.","(canEdit) AND (!confirm('Remove this entry from the current register? Earlier saved versions remain on file.'))","Waits for a person to confirm or enter a value","callback > registerMode > callback > render > callback > callback","confirm('Remove this entry from the current register? Earlier saved versions remain on file.')","Retained / automatic handling as stated in source"
"B0472","public/assets/policy-fill.js","156","Interface control","panel.hidden","At this operation","Sets control visibility or availability to false","callback > registerMode > callback > openPanel","panel.hidden=false","Retained / automatic handling as stated in source"
"B0473","public/assets/policy-fill.js","161","Confirmation","Discard this unsaved entry?","((state.dirty||state.editing.dirty)&&!confirm('Discard this unsaved entry?'))","Waits for a person to confirm or enter a value","callback > registerMode > callback > openPanel > callback","confirm('Discard this unsaved entry?')","Retained / automatic handling as stated in source"
"B0474","public/assets/policy-fill.js","178","Confirmation","Clear everything typed on this page?","(confirm('Clear everything typed on this page?'))","Waits for a person to confirm or enter a value","callback > formMode > callback","confirm('Clear everything typed on this page?')","Retained / automatic handling as stated in source"
"B0475","public/assets/policy-register-access.js","13","Error / validation","Access could not be updated.","(!r.ok)","Stops this operation and propagates an error","callback > request","throw Error(j.error||'Access could not be updated.');","Retained / automatic handling as stated in source"
"B0476","public/assets/policy-register-access.js","30","Interface control","scopeSave.disabled","At this operation","Sets control visibility or availability to grantSave.disabled=false","callback > load > mutate","scopeSave.disabled=grantSave.disabled=false","Retained / automatic handling as stated in source"
"B0477","public/assets/policy-register-access.js","30","Interface control","grantSave.disabled","At this operation","Sets control visibility or availability to false","callback > load > mutate","grantSave.disabled=false","Retained / automatic handling as stated in source"
"B0478","public/assets/policy-register-access.js","31","Confirmation","Confirm the register contains only the records appropriate to this scope. Changing scope removes all worker grants.","(confirm('Confirm the register contains only the records appropriate to this scope. Changing scope removes all worker grants.'))","Waits for a person to confirm or enter a value","callback > load > callback","confirm('Confirm the register contains only the records appropriate to this scope. Changing scope removes all worker grants.')","Retained / automatic handling as stated in source"
"B0479","public/assets/process-workflows.js","10","Form / interface constraint","<input type=""checkbox"" name=""${name}"" required>","At this operation","Required input or conditional control; attribute expression is shown","callback > callback","<input type=""checkbox"" name=""${name}"" required>","Retained / automatic handling as stated in source"
"B0480","public/assets/process-workflows.js","24","Error / validation","Access to this person is no longer available.","(API.me.role==='coordinator'&&target&&target!==subject()) AND (!client)","Stops this operation and propagates an error","callback > render","throw Error('Access to this person is no longer available.');","Retained / automatic handling as stated in source"
"B0481","public/assets/process-workflows.js","46","Returned status / rejection reason","#/account/notifications","(panel==='preferences')","Returned message / status; caller decides whether it blocks","callback > canonicalPanel","return '#/account/notifications';","Retained / automatic handling as stated in source"
"B0482","public/assets/process-workflows.js","50","Returned status / rejection reason","#/clients","(API.me?.role==='coordinator'&&String(t.destination).startsWith('#/account/documents'))","Returned message / status; caller decides whether it blocks","callback > taskDestination","return '#/clients';","Retained / automatic handling as stated in source"
"B0483","public/assets/process-workflows.js","54","Returned status / rejection reason","#/journey?panel=tasks","(t.owner_kind==='office'&&t.destination==='#/journey')","Returned message / status; caller decides whether it blocks","callback > taskDestination","return '#/journey?panel=tasks';","Retained / automatic handling as stated in source"
"B0484","public/assets/process-workflows.js","67","Returned status / rejection reason","","(!ai.enabled && !ai.suggestions?.length)","Returned message / status; caller decides whether it blocks","callback > documentAssistance","return '';","Retained / automatic handling as stated in source"
"B0485","public/assets/process-workflows.js","101","Error / validation","This worker is no longer available. Choose another worker.","(!worker.id)","Stops this operation and propagates an error","callback > bookAgain","throw Error('This worker is no longer available. Choose another worker.');","Retained / automatic handling as stated in source"
"B0486","public/assets/process-workflows.js","102","Error / validation","Confirm the visits and charges first.","(!d.querySelector('[data-confirm-end]').checked)","Stops this operation and propagates an error","callback > prepareSeriesEnd > callback","throw Error('Confirm the visits and charges first.');","Retained / automatic handling as stated in source"
"B0487","public/assets/process-workflows.js","103","Boolean decision","False result from callback > availability","(result===null)","Eligibility or control result is false; caller determines effect","callback > availability","return false;","Retained / automatic handling as stated in source"
"B0488","public/assets/process-workflows.js","111","Error / validation","Read and confirm the plan before accepting.","(d.plan_id&&!x.querySelector('[data-plan-read]').checked)","Stops this operation and propagates an error","callback > callback > callback","throw Error('Read and confirm the plan before accepting.');","Retained / automatic handling as stated in source"
"B0489","public/assets/process-workflows.js","115","Error / validation","Choose the visits you can work.","(!ids.length)","Stops this operation and propagates an error","callback > callback","throw Error('Choose the visits you can work.');","Retained / automatic handling as stated in source"
"B0490","public/assets/process-workflows.js","115","Error / validation","Read and confirm this plan version.","(seriesData.plan_id&&!f.querySelector('[name=read]').checked)","Stops this operation and propagates an error","callback > callback","throw Error('Read and confirm this plan version.');","Retained / automatic handling as stated in source"
"B0491","public/assets/process-workflows.js","125","Error / validation","Record a reason in at least 15 characters.","(x.trim().length<15)","Stops this operation and propagates an error","callback > callback > callback","throw Error('Record a reason in at least 15 characters.');","Retained / automatic handling as stated in source"
"B0492","public/assets/process-workflows.js","139","Error / validation","Exception from err","(!err.data?.needs_confirm)","Stops this operation and propagates an error","callback > callback","throw err;","Retained / automatic handling as stated in source"
"B0493","public/assets/process-workflows.js","145","Interface control","x.disabled","At this operation","Sets control visibility or availability to true","callback > callback > callback","x.disabled=true","Retained / automatic handling as stated in source"
"B0494","public/assets/process-workflows.js","158","Interface control","b.disabled","At this operation","Sets control visibility or availability to true","callback > callback","b.disabled=true","Retained / automatic handling as stated in source"
"B0495","public/assets/process-workflows.js","158","Interface control","b.disabled","(b.isConnected)","Sets control visibility or availability to false","callback > callback","b.disabled=false","Retained / automatic handling as stated in source"
"B0496","public/assets/process-workflows.js","159","Interface control","btn.disabled","At this operation","Sets control visibility or availability to true","callback > callback","btn.disabled=true","Retained / automatic handling as stated in source"
"B0497","public/assets/process-workflows.js","159","Interface control","btn.disabled","(btn.isConnected&&!f.querySelector('[data-flow-status]')?.textContent.startsWith('Incident filed'))","Sets control visibility or availability to false","callback > callback","btn.disabled=false","Retained / automatic handling as stated in source"
"B0498","public/assets/process-workflows.js","164","Interface control","n.hidden","(n)","Sets control visibility or availability to !(API.online&&API.me)","callback > nav","n.hidden=!(API.online&&API.me)","Retained / automatic handling as stated in source"
"B0499","public/assets/process-workflows.js","168","Error / validation","Choose a time.","(!v)","Stops this operation and propagates an error","callback > alternatives > callback","throw Error('Choose a time.');","Retained / automatic handling as stated in source"
"B0500","public/assets/process-workflows.js","169","Error / validation","Enter a reference, amount and evidence.","(reference.length<5||!amount||note.length<10)","Stops this operation and propagates an error","callback > paymentProof > callback","throw Error('Enter a reference, amount and evidence.');","Retained / automatic handling as stated in source"
"B0501","public/assets/worker-credentials.js","16","Returned status / rejection reason","neutral","(d.review_state==='superseded')","Returned message / status; caller decides whether it blocks","callback > fileState","return 'neutral';","Retained / automatic handling as stated in source"
"B0502","public/assets/worker-credentials.js","17","Returned status / rejection reason","missing","(d.review==='rejected' || d.review_state==='rejected' || d.status==='expired' || (!d.has_file && !platform(d)))","Returned message / status; caller decides whether it blocks","callback > fileState","return 'missing';","Retained / automatic handling as stated in source"
"B0503","public/assets/worker-credentials.js","18","Returned status / rejection reason","attention","(d.status==='expiring')","Returned message / status; caller decides whether it blocks","callback > fileState","return 'attention';","Retained / automatic handling as stated in source"
"B0504","public/assets/worker-credentials.js","22","Returned status / rejection reason","Replace requested","(d.review === 'rejected' || d.review_state === 'rejected')","Returned message / status; caller decides whether it blocks","callback > label","return 'Replace requested';","Retained / automatic handling as stated in source"
"B0505","public/assets/worker-credentials.js","23","Returned status / rejection reason","Earlier record","(d.review_state === 'superseded')","Returned message / status; caller decides whether it blocks","callback > label","return 'Earlier record';","Retained / automatic handling as stated in source"
"B0506","public/assets/worker-credentials.js","24","Returned status / rejection reason","Expired","(d.status === 'expired')","Returned message / status; caller decides whether it blocks","callback > label","return 'Expired';","Retained / automatic handling as stated in source"
"B0507","public/assets/worker-credentials.js","25","Returned status / rejection reason","Completed in Training","(platform(d))","Returned message / status; caller decides whether it blocks","callback > label","return 'Completed in Training';","Retained / automatic handling as stated in source"
"B0508","public/assets/worker-credentials.js","26","Returned status / rejection reason","Needs a file","(!d.has_file)","Returned message / status; caller decides whether it blocks","callback > label","return 'Needs a file';","Retained / automatic handling as stated in source"
"B0509","public/assets/worker-credentials.js","47","Returned status / rejection reason","","(!docs.length)","Returned message / status; caller decides whether it blocks","callback > files","return '';","Retained / automatic handling as stated in source"
"B0510","public/assets/worker-credentials.js","85","Interface control","select.disabled","At this operation","Sets control visibility or availability to !!target","callback > selectType","select.disabled=!!target","Retained / automatic handling as stated in source"
"B0511","public/assets/worker-credentials.js","88","Form / interface constraint","<input name=""file"" type=""file"" required accept=""application/pdf,image/jpeg,image/png"">","At this operation","Required input or conditional control; attribute expression is shown","callback > selectType","<input name=""file"" type=""file"" required accept=""application/pdf,image/jpeg,image/png"">","Retained / automatic handling as stated in source"
"B0512","public/assets/worker-credentials.js","88","Form / interface constraint","<input name=""label"" required maxlength=""80"" value=""${e(target?.label || '')}"">","At this operation","Required input or conditional control; attribute expression is shown","callback > selectType","<input name=""label"" required maxlength=""80"" value=""${e(target?.label || '')}"">","Retained / automatic handling as stated in source"
"B0513","public/assets/worker-credentials.js","88","Form / interface constraint","<input name=""expiry_date"" type=""date"" ${type.expiry==='required'?'required':''}>","At this operation","Required input or conditional control; attribute expression is shown","callback > selectType","<input name=""expiry_date"" type=""date"" ${type.expiry==='required'?'required':''}>","Retained / automatic handling as stated in source"
"B0514","public/assets/worker-credentials.js","88","Form / interface constraint","<input name=""label"" required maxlength=""80"" value=""${e(target?.label || '')}"">","(type.needsLabel)","Required input or conditional control; attribute expression is shown","callback > selectType","<input name=""label"" required maxlength=""80"" value=""${e(target?.label || '')}"">","Retained / automatic handling as stated in source"
"B0515","public/assets/worker-credentials.js","88","Form / interface constraint","<input name=""expiry_date"" type=""date"" ${type.expiry==='required'?'required':''}>","(type.expiry!=='none')","Required input or conditional control; attribute expression is shown","callback > selectType","<input name=""expiry_date"" type=""date"" ${type.expiry==='required'?'required':''}>","Retained / automatic handling as stated in source"
"B0516","public/assets/worker-credentials.js","107","Interface control","c.disabled","At this operation","Sets control visibility or availability to true","callback > upload > callback","c.disabled=true","Retained / automatic handling as stated in source"
"B0517","public/assets/worker-credentials.js","107","Interface control","select.disabled","At this operation","Sets control visibility or availability to true","callback > upload","select.disabled=true","Retained / automatic handling as stated in source"
"B0518","public/assets/worker-credentials.js","110","Error / validation","Could not read this file.","(!body.file)","Stops this operation and propagates an error","callback > upload","throw Error('Could not read this file.');","Retained / automatic handling as stated in source"
"B0519","public/assets/worker-credentials.js","114","Interface control","c.disabled","(current(s))","Sets control visibility or availability to false","callback > upload > callback","c.disabled=false","Retained / automatic handling as stated in source"
"B0520","public/assets/worker-credentials.js","114","Interface control","select.disabled","(current(s))","Sets control visibility or availability to !!s.target","callback > upload","select.disabled=!!s.target","Retained / automatic handling as stated in source"
"B0521","public/assets/worker-credentials.js","128","Interface control","b.disabled","At this operation","Sets control visibility or availability to true","callback > act","b.disabled=true","Retained / automatic handling as stated in source"
"B0522","public/assets/worker-credentials.js","136","Form / interface constraint","<textarea id=""credRemovalReason"" maxlength=""1000"" rows=""3"" required>","NOT (action==='remove') AND (action==='request-removal')","Required input or conditional control; attribute expression is shown","callback > act","<textarea id=""credRemovalReason"" maxlength=""1000"" rows=""3"" required>","Retained / automatic handling as stated in source"
"B0523","public/assets/worker-credentials.js","136","Error / validation","Enter a reason for removal.","NOT (action==='remove') AND (action==='request-removal') AND (!v)","Stops this operation and propagates an error","callback > act > callback","throw Error('Enter a reason for removal.');","Retained / automatic handling as stated in source"
"B0524","public/assets/worker-credentials.js","142","Interface control","b.disabled","At this operation","Sets control visibility or availability to false","callback > act","b.disabled=false","Retained / automatic handling as stated in source"
"B0525","public/document-viewer.html","6","HTML input / control","<button id=""previousPage"" class=""icon-button"" disabled aria-label=""Previous page"" title=""Previous page"">","Static or template condition shown in attribute","Required input or unavailable control","HTML","<button id=""previousPage"" class=""icon-button"" disabled aria-label=""Previous page"" title=""Previous page"">","Retained / automatic handling as stated in source"
"B0526","public/document-viewer.html","6","HTML input / control","<input id=""pageNumber"" type=""number"" min=""1"" value=""1"" disabled aria-label=""Page number"">","Static or template condition shown in attribute","Required input or unavailable control","HTML","<input id=""pageNumber"" type=""number"" min=""1"" value=""1"" disabled aria-label=""Page number"">","Retained / automatic handling as stated in source"
"B0527","public/document-viewer.html","6","HTML input / control","<button id=""nextPage"" class=""icon-button"" disabled aria-label=""Next page"" title=""Next page"">","Static or template condition shown in attribute","Required input or unavailable control","HTML","<button id=""nextPage"" class=""icon-button"" disabled aria-label=""Next page"" title=""Next page"">","Retained / automatic handling as stated in source"
"B0528","public/document-viewer.html","7","HTML input / control","<button id=""zoomOut"" class=""icon-button"" disabled aria-label=""Zoom out"" title=""Zoom out"">","Static or template condition shown in attribute","Required input or unavailable control","HTML","<button id=""zoomOut"" class=""icon-button"" disabled aria-label=""Zoom out"" title=""Zoom out"">","Retained / automatic handling as stated in source"
"B0529","public/document-viewer.html","7","HTML input / control","<button id=""zoomIn"" class=""icon-button"" disabled aria-label=""Zoom in"" title=""Zoom in"">","Static or template condition shown in attribute","Required input or unavailable control","HTML","<button id=""zoomIn"" class=""icon-button"" disabled aria-label=""Zoom in"" title=""Zoom in"">","Retained / automatic handling as stated in source"
"B0530","public/document-viewer.html","7","HTML input / control","<button id=""fitPage"" disabled title=""Fit page to width"">","Static or template condition shown in attribute","Required input or unavailable control","HTML","<button id=""fitPage"" disabled title=""Fit page to width"">","Retained / automatic handling as stated in source"
"B0531","public/document-viewer.html","8","HTML input / control","<button id=""rotatePage"" disabled>","Static or template condition shown in attribute","Required input or unavailable control","HTML","<button id=""rotatePage"" disabled>","Retained / automatic handling as stated in source"
"B0532","public/document-viewer.html","8","HTML input / control","<button id=""showText"" disabled aria-expanded=""false"" aria-controls=""textPanel"">","Static or template condition shown in attribute","Required input or unavailable control","HTML","<button id=""showText"" disabled aria-expanded=""false"" aria-controls=""textPanel"">","Retained / automatic handling as stated in source"
"B0533","public/document-viewer.html","12","HTML input / control","<button id=""retryPdf"" hidden>","Static or template condition shown in attribute","Required input or unavailable control","HTML","<button id=""retryPdf"" hidden>","Retained / automatic handling as stated in source"
"B0534","public/index.html","5021","Database constraint","Police check (transport)","At this operation","SQLite rejects data that fails this declared CHECK constraint","module","'Police check (transport)'","Retained / automatic handling as stated in source"
"B0535","public/index.html","5030","Database constraint","Police check (transport)","At this operation","SQLite rejects data that fails this declared CHECK constraint","module","'Police check (transport)'","Retained / automatic handling as stated in source"
"B0536","public/index.html","5051","Database constraint","Police check (transport)","At this operation","SQLite rejects data that fails this declared CHECK constraint","module","'Police check (transport)'","Retained / automatic handling as stated in source"
"B0537","public/index.html","5159","Returned status / rejection reason","","(!p.length)","Returned message / status; caller decides whether it blocks","callback","return '';","Retained / automatic handling as stated in source"
"B0538","public/index.html","5276","Interface control","$('#readAloud').disabled","(!synth || !window.SpeechSynthesisUtterance)","Sets control visibility or availability to true","module","$('#readAloud').disabled = true","Retained / automatic handling as stated in source"
"B0539","public/index.html","5277","Interface control","$('#readStop').disabled","(!synth || !window.SpeechSynthesisUtterance)","Sets control visibility or availability to true","module","$('#readStop').disabled = true","Retained / automatic handling as stated in source"
"B0540","public/index.html","5383","Interface control","form.hidden","At this operation","Sets control visibility or availability to !!two","loginStep","form.hidden = !!two","Retained / automatic handling as stated in source"
"B0541","public/index.html","5384","Interface control","wrap.hidden","At this operation","Sets control visibility or availability to !two","loginStep","wrap.hidden = !two","Retained / automatic handling as stated in source"
"B0542","public/index.html","5415","Interface control","el.hidden","(el)","Sets control visibility or availability to false","callback","el.hidden = false","Retained / automatic handling as stated in source"
"B0543","public/index.html","5447","Interface control","w.hidden","(w)","Sets control visibility or availability to (document.querySelector('input[name=""pPlan""]:checked') || {}).value !== 'plan'","callback > callback","w.hidden = (document.querySelector('input[name=""pPlan""]:checked') || {}).value !== 'plan'","Retained / automatic handling as stated in source"
"B0544","public/index.html","5461","Interface control","wrap.hidden","At this operation","Sets control visibility or availability to !show","initHiScreen > callback","wrap.hidden = !show","Retained / automatic handling as stated in source"
"B0545","public/index.html","5465","Interface control","note.hidden","At this operation","Sets control visibility or availability to !$$('input[name=""pHi""]:checked').some(c => !hiHeld(c.value))","initHiScreen > callback","note.hidden = !$$('input[name=""pHi""]:checked').some(c => !hiHeld(c.value))","Retained / automatic handling as stated in source"
"B0546","public/index.html","5475","Interface control","$('#forgotNote').hidden","At this operation","Sets control visibility or availability to true","callback","$('#forgotNote').hidden = true","Retained / automatic handling as stated in source"
"B0547","public/index.html","5482","Interface control","note.hidden","At this operation","Sets control visibility or availability to false","callback","note.hidden = false","Retained / automatic handling as stated in source"
"B0548","public/index.html","5636","Returned status / rejection reason","","(!TIER_ART[key])","Returned message / status; caller decides whether it blocks","tierChipHtml","return '';","Retained / automatic handling as stated in source"
"B0549","public/index.html","5712","Interface control","$('#pClaimSection').hidden","At this operation","Sets control visibility or availability to false","renderClaimSection","$('#pClaimSection').hidden = false","Retained / automatic handling as stated in source"
"B0550","public/index.html","5718","Returned status / rejection reason","sleepover","(f.sleepover)","Returned message / status; caller decides whether it blocks","calcCategory","return 'sleepover';","Retained / automatic handling as stated in source"
"B0551","public/index.html","5720","Returned status / rejection reason","saturday","(f.day === 'saturday')","Returned message / status; caller decides whether it blocks","calcCategory","return 'saturday';","Retained / automatic handling as stated in source"
"B0552","public/index.html","5721","Returned status / rejection reason","sunday","(f.day === 'sunday')","Returned message / status; caller decides whether it blocks","calcCategory","return 'sunday';","Retained / automatic handling as stated in source"
"B0553","public/index.html","5722","Returned status / rejection reason","public-holiday","(f.day === 'public-holiday')","Returned message / status; caller decides whether it blocks","calcCategory","return 'public-holiday';","Retained / automatic handling as stated in source"
"B0554","public/index.html","5753","Interface control","$('#calcSleepWrap').hidden","At this operation","Sets control visibility or availability to !(CALC.rules.sleepover_services.includes(f.service))","recalcNow","$('#calcSleepWrap').hidden = !(CALC.rules.sleepover_services.includes(f.service))","Retained / automatic handling as stated in source"
"B0555","public/index.html","5756","Interface control","$('#calcStart').disabled","At this operation","Sets control visibility or availability to sleep || flat","recalcNow","$('#calcStart').disabled = sleep || flat","Retained / automatic handling as stated in source"
"B0556","public/index.html","5757","Interface control","$('#calcHours').disabled","At this operation","Sets control visibility or availability to sleep","recalcNow","$('#calcHours').disabled = sleep","Retained / automatic handling as stated in source"
"B0557","public/index.html","5789","Interface control","$('#calcOffline').hidden","(!calc)","Sets control visibility or availability to false","renderCalculatorPage","$('#calcOffline').hidden = false","Retained / automatic handling as stated in source"
"B0558","public/index.html","5790","Interface control","bodyEl.hidden","(!calc)","Sets control visibility or availability to true","renderCalculatorPage","bodyEl.hidden = true","Retained / automatic handling as stated in source"
"B0559","public/index.html","5793","Interface control","$('#calcOffline').hidden","At this operation","Sets control visibility or availability to true","renderCalculatorPage","$('#calcOffline').hidden = true","Retained / automatic handling as stated in source"
"B0560","public/index.html","5795","Interface control","bodyEl.hidden","At this operation","Sets control visibility or availability to false","renderCalculatorPage","bodyEl.hidden = false","Retained / automatic handling as stated in source"
"B0561","public/index.html","5857","Interface control","el.hidden","At this operation","Sets control visibility or availability to !allDemo","demoNote","el.hidden = !allDemo","Retained / automatic handling as stated in source"
"B0562","public/index.html","5912","Interface control","row.hidden","At this operation","Sets control visibility or availability to !tags.length","syncFilterOptions","row.hidden = !tags.length","Retained / automatic handling as stated in source"
"B0563","public/index.html","5962","Interface control","clr.hidden","(clr)","Sets control visibility or availability to !active","renderWorkerGrid","clr.hidden = !active","Retained / automatic handling as stated in source"
"B0564","public/index.html","6286","Interface control","$('#gsChooser').hidden","At this operation","Sets control visibility or availability to !!path","showPath","$('#gsChooser').hidden = !!path","Retained / automatic handling as stated in source"
"B0565","public/index.html","6287","Interface control","$('#gsParticipant').hidden","At this operation","Sets control visibility or availability to path !== 'participant'","showPath","$('#gsParticipant').hidden = path !== 'participant'","Retained / automatic handling as stated in source"
"B0566","public/index.html","6288","Interface control","$('#gsWorker').hidden","At this operation","Sets control visibility or availability to path !== 'worker'","showPath","$('#gsWorker').hidden = path !== 'worker'","Retained / automatic handling as stated in source"
"B0567","public/index.html","6289","Interface control","$('#gsSuccess').hidden","At this operation","Sets control visibility or availability to true","showPath","$('#gsSuccess').hidden = true","Retained / automatic handling as stated in source"
"B0568","public/index.html","6296","Interface control","$('#gsChooser').hidden","At this operation","Sets control visibility or availability to true","gsSuccess","$('#gsChooser').hidden = true","Retained / automatic handling as stated in source"
"B0569","public/index.html","6297","Interface control","$('#gsParticipant').hidden","At this operation","Sets control visibility or availability to true","gsSuccess","$('#gsParticipant').hidden = true","Retained / automatic handling as stated in source"
"B0570","public/index.html","6298","Interface control","$('#gsWorker').hidden","At this operation","Sets control visibility or availability to true","gsSuccess","$('#gsWorker').hidden = true","Retained / automatic handling as stated in source"
"B0571","public/index.html","6302","Interface control","box.hidden","At this operation","Sets control visibility or availability to false","gsSuccess","box.hidden = false","Retained / automatic handling as stated in source"
"B0572","public/index.html","6349","Interface control","$('#cNameOpt').hidden","At this operation","Sets control visibility or availability to !isComplaint","callback","$('#cNameOpt').hidden = !isComplaint","Retained / automatic handling as stated in source"
"B0573","public/index.html","6350","Interface control","$('#cEmailOpt').hidden","At this operation","Sets control visibility or availability to !isComplaint","callback","$('#cEmailOpt').hidden = !isComplaint","Retained / automatic handling as stated in source"
"B0574","public/index.html","6351","Interface control","$('#cAnonNote').hidden","At this operation","Sets control visibility or availability to !isComplaint","callback","$('#cAnonNote').hidden = !isComplaint","Retained / automatic handling as stated in source"
"B0575","public/index.html","6887","Interface control","b.hidden","At this operation","Sets control visibility or availability to n === 0","updateMsgBadge","b.hidden = n === 0","Retained / automatic handling as stated in source"
"B0576","public/index.html","6908","Interface control","$('#convoEmpty').hidden","At this operation","Sets control visibility or availability to CONVOS.length > 0","renderConvoList","$('#convoEmpty').hidden = CONVOS.length > 0","Retained / automatic handling as stated in source"
"B0577","public/index.html","6919","Interface control","$('#threadContent').hidden","(!c)","Sets control visibility or availability to true","renderThread","$('#threadContent').hidden = true","Retained / automatic handling as stated in source"
"B0578","public/index.html","6925","Interface control","$('#threadContent').hidden","At this operation","Sets control visibility or availability to false","renderThread","$('#threadContent').hidden = false","Retained / automatic handling as stated in source"
"B0579","public/index.html","6940","Interface control","$('#convoEmpty').hidden","(window.API && API.online) AND (API.me && API.me.role === 'coordinator' && !API.actingFor)","Sets control visibility or availability to false","renderMessagesPage","$('#convoEmpty').hidden = false","Retained / automatic handling as stated in source"
"B0580","public/index.html","6943","Interface control","$('#threadContent').hidden","(window.API && API.online) AND (API.me && API.me.role === 'coordinator' && !API.actingFor)","Sets control visibility or availability to true","renderMessagesPage","$('#threadContent').hidden = true","Retained / automatic handling as stated in source"
"B0581","public/index.html","6949","Interface control","$('#convoEmpty').hidden","(window.API && API.online)","Sets control visibility or availability to false","renderMessagesPage","$('#convoEmpty').hidden = false","Retained / automatic handling as stated in source"
"B0582","public/index.html","6952","Interface control","$('#threadContent').hidden","(window.API && API.online)","Sets control visibility or availability to true","renderMessagesPage","$('#threadContent').hidden = true","Retained / automatic handling as stated in source"
"B0583","public/index.html","7158","Interface control","dot.hidden","(dot)","Sets control visibility or availability to !total","paintBlockers","dot.hidden = !total","Retained / automatic handling as stated in source"
"B0584","public/index.html","7161","Interface control","el.hidden","At this operation","Sets control visibility or availability to !n","paintBlockers > callback","el.hidden = !n","Retained / automatic handling as stated in source"
"B0585","public/index.html","7259","Interface control","c.disabled","At this operation","Sets control visibility or availability to true","callback","c.disabled = true","Retained / automatic handling as stated in source"
"B0586","public/index.html","7260","Interface control","c.disabled","NOT (done)","Sets control visibility or availability to false","callback","c.disabled=false","Retained / automatic handling as stated in source"
"B0587","public/index.html","7261","Interface control","c.disabled","At this operation","Sets control visibility or availability to false","callback","c.disabled = false","Retained / automatic handling as stated in source"
"B0588","public/index.html","7280","Returned status / rejection reason","","(!API.me || API.me.role === 'worker' || API.me.admin)","Returned message / status; caller decides whether it blocks","callback","return '';","Retained / automatic handling as stated in source"
"B0589","public/index.html","7281","Returned status / rejection reason","","At this operation","Returned message / status; caller decides whether it blocks","callback","return '';","Retained / automatic handling as stated in source"
"B0590","public/index.html","7293","Returned status / rejection reason","","(!API.me || API.me.role === 'worker' || API.me.admin)","Returned message / status; caller decides whether it blocks","callback","return '';","Retained / automatic handling as stated in source"
"B0591","public/index.html","7294","Returned status / rejection reason","","At this operation","Returned message / status; caller decides whether it blocks","callback","return '';","Retained / automatic handling as stated in source"
"B0592","public/index.html","7296","Returned status / rejection reason","","(!open.length)","Returned message / status; caller decides whether it blocks","callback","return '';","Retained / automatic handling as stated in source"
"B0593","public/index.html","7305","Form / interface constraint","<textarea id=""rmReason"" rows=""3"" required minlength=""20"" style=""width:100%;font:inherit;padding:8px 10px;border:1.5px solid #E2E0DA;border-radius:10px;"" placeholder=""e.g. Trial shift used to test the site on 30 August, not a real support."">","At this operation","Required input or conditional control; attribute expression is shown","callback > callback","<textarea id=""rmReason"" rows=""3"" required minlength=""20"" style=""width:100%;font:inherit;padding:8px 10px;border:1.5px solid #E2E0DA;border-radius:10px;"" placeholder=""e.g. Trial shift used to test the site on 30 August, not a real support."">","Retained / automatic handling as stated in source"
"B0594","public/index.html","7452","Form / interface constraint","<input type=""file"" name=""files"" accept="".docx,.pdf"" multiple required style=""font-size:.85rem;"">","At this operation","Required input or conditional control; attribute expression is shown","callback","<input type=""file"" name=""files"" accept="".docx,.pdf"" multiple required style=""font-size:.85rem;"">","Retained / automatic handling as stated in source"
"B0595","public/index.html","7499","Confirmation","Unpublish this page? The file in the folder is untouched.","(!confirm('Unpublish this page? The file in the folder is untouched.'))","Waits for a person to confirm or enter a value","callback","confirm('Unpublish this page? The file in the folder is untouched.')","Retained / automatic handling as stated in source"
"B0596","public/index.html","7509","Form / interface constraint","<input name=""title"" placeholder=""A file added to the folder: its name"" required style=""${inp}min-width:220px;"">","At this operation","Required input or conditional control; attribute expression is shown","callback","<input name=""title"" placeholder=""A file added to the folder: its name"" required style=""${inp}min-width:220px;"">","Retained / automatic handling as stated in source"
"B0597","public/index.html","7509","Form / interface constraint","<input name=""url"" placeholder=""its https:// link"" required style=""${inp}min-width:260px;"">","At this operation","Required input or conditional control; attribute expression is shown","callback","<input name=""url"" placeholder=""its https:// link"" required style=""${inp}min-width:260px;"">","Retained / automatic handling as stated in source"
"B0598","public/index.html","7586","Confirmation","Out of area. ${body.replace(/<[^>]+>/g, '')} Go ahead anyway?","(typeof HTMLDialogElement !== 'function')","Waits for a person to confirm or enter a value","outOfAreaDialog","window.confirm(`Out of area.\n\n${body.replace(/<[^>]+>/g, '')}\n\nGo ahead anyway?`)","Retained / automatic handling as stated in source"
"B0599","public/index.html","7609","Error / validation","Series end cancelled.","(window.CareFlow && /^\/series\/\d+\/end$/.test(path) && opts.method==='POST' && !opts.body?.token) AND (!proof)","Stops this operation and propagates an error","callback","throw new Error('Series end cancelled.');","Retained / automatic handling as stated in source"
"B0600","public/index.html","7611","Error / validation","Payment recording cancelled.","(window.CareFlow&&/^\/admin\/invoices\/[A-Z0-9-]+\/paid$/.test(path)&&opts.method==='POST'&&!opts.body?.reference) AND (!proof)","Stops this operation and propagates an error","callback","throw Error('Payment recording cancelled.');","Retained / automatic handling as stated in source"
"B0601","public/index.html","7633","Error / validation","Exception from err","(!res.ok)","Stops this operation and propagates an error","callback","throw err;","Retained / automatic handling as stated in source"
"B0602","public/index.html","7647","Interface control","el.hidden","At this operation","Sets control visibility or availability to !el.dataset.navAudience.split(' ').includes(role)","syncPrimaryNavigation > callback","el.hidden = !el.dataset.navAudience.split(' ').includes(role)","Retained / automatic handling as stated in source"
"B0603","public/index.html","7649","Interface control","$('#btnMessages').hidden","At this operation","Sets control visibility or availability to role === 'guest'","syncPrimaryNavigation","$('#btnMessages').hidden = role === 'guest'","Retained / automatic handling as stated in source"
"B0604","public/index.html","7655","Interface control","$('#btnLogin').hidden","At this operation","Sets control visibility or availability to authed","updateAuthUI","$('#btnLogin').hidden = authed","Retained / automatic handling as stated in source"
"B0605","public/index.html","7656","Interface control","$('#btnGetStarted').hidden","At this operation","Sets control visibility or availability to authed","updateAuthUI","$('#btnGetStarted').hidden = authed","Retained / automatic handling as stated in source"
"B0606","public/index.html","7658","Interface control","gsl.hidden","(gsl)","Sets control visibility or availability to authed","updateAuthUI","gsl.hidden = authed","Retained / automatic handling as stated in source"
"B0607","public/index.html","7660","Interface control","fw.hidden","(fw)","Sets control visibility or availability to authed","updateAuthUI","fw.hidden = authed","Retained / automatic handling as stated in source"
"B0608","public/index.html","7661","Interface control","$('#acctWrap').hidden","At this operation","Sets control visibility or availability to !authed","updateAuthUI","$('#acctWrap').hidden = !authed","Retained / automatic handling as stated in source"
"B0609","public/index.html","7667","Interface control","nb.hidden","(nb)","Sets control visibility or availability to !API.me || !!(API.me && API.me.admin)","updateAuthUI","nb.hidden = !API.me || !!(API.me && API.me.admin)","Retained / automatic handling as stated in source"
"B0610","public/index.html","7669","Interface control","np.hidden","(np)","Sets control visibility or availability to !(API.me && vrole() === 'participant')","updateAuthUI","np.hidden = !(API.me && vrole() === 'participant')","Retained / automatic handling as stated in source"
"B0611","public/index.html","7672","Interface control","na.hidden","(na)","Sets control visibility or availability to !(API.online && API.me && API.me.admin)","updateAuthUI","na.hidden = !(API.online && API.me && API.me.admin)","Retained / automatic handling as stated in source"
"B0612","public/index.html","7674","Interface control","ns.hidden","(ns)","Sets control visibility or availability to !(API.online && API.me && API.me.role === 'worker')","updateAuthUI","ns.hidden = !(API.online && API.me && API.me.role === 'worker')","Retained / automatic handling as stated in source"
"B0613","public/index.html","7677","Interface control","vb.hidden","(vb)","Sets control visibility or availability to !(API.online && API.me && API.me.verified === 0)","updateAuthUI","vb.hidden = !(API.online && API.me && API.me.verified === 0)","Retained / automatic handling as stated in source"
"B0614","public/index.html","7726","Interface control","pip.hidden","(m.role === 'worker' && m.tier && TIER_ART[m.tier])","Sets control visibility or availability to true","renderAcctChip","pip.hidden = true","Retained / automatic handling as stated in source"
"B0615","public/index.html","7732","Interface control","pip.hidden","NOT (m.role === 'worker' && m.tier && TIER_ART[m.tier])","Sets control visibility or availability to true","renderAcctChip","pip.hidden = true","Retained / automatic handling as stated in source"
"B0616","public/index.html","7794","Interface control","$('#acctMenu').hidden","At this operation","Sets control visibility or availability to false","openAcctMenu","$('#acctMenu').hidden = false","Retained / automatic handling as stated in source"
"B0617","public/index.html","7801","Interface control","men.hidden","At this operation","Sets control visibility or availability to true","closeAcctMenu","men.hidden = true","Retained / automatic handling as stated in source"
"B0618","public/index.html","7871","Interface control","menu.hidden","At this operation","Sets control visibility or availability to false","taRender","menu.hidden = false","Retained / automatic handling as stated in source"
"B0619","public/index.html","7879","Interface control","chosen.hidden","At this operation","Sets control visibility or availability to false","taChoose","chosen.hidden = false","Retained / automatic handling as stated in source"
"B0620","public/index.html","7880","Interface control","document.getElementById('wdSearchWrap').hidden","At this operation","Sets control visibility or availability to true","taChoose","document.getElementById('wdSearchWrap').hidden = true","Retained / automatic handling as stated in source"
"B0621","public/index.html","7881","Interface control","document.getElementById('wdMenu').hidden","At this operation","Sets control visibility or availability to true","taChoose","document.getElementById('wdMenu').hidden = true","Retained / automatic handling as stated in source"
"B0622","public/index.html","7883","Interface control","numWrap.hidden","(t.numberLabel)","Sets control visibility or availability to false","taChoose","numWrap.hidden = false","Retained / automatic handling as stated in source"
"B0623","public/index.html","7884","Interface control","numWrap.hidden","NOT (t.numberLabel)","Sets control visibility or availability to true","taChoose","numWrap.hidden = true","Retained / automatic handling as stated in source"
"B0624","public/index.html","7885","Interface control","document.getElementById('wdExpiryWrap').hidden","At this operation","Sets control visibility or availability to t.expiry === 'none'","taChoose","document.getElementById('wdExpiryWrap').hidden = t.expiry === 'none'","Retained / automatic handling as stated in source"
"B0625","public/index.html","7886","Interface control","document.getElementById('wdExpReq').hidden","At this operation","Sets control visibility or availability to t.expiry !== 'required'","taChoose","document.getElementById('wdExpReq').hidden = t.expiry !== 'required'","Retained / automatic handling as stated in source"
"B0626","public/index.html","7887","Interface control","document.getElementById('wdLabelWrap').hidden","At this operation","Sets control visibility or availability to !t.needsLabel","taChoose","document.getElementById('wdLabelWrap').hidden = !t.needsLabel","Retained / automatic handling as stated in source"
"B0627","public/index.html","7890","Interface control","help.hidden","At this operation","Sets control visibility or availability to !(t.help || t.link)","taChoose","help.hidden = !(t.help || t.link)","Retained / automatic handling as stated in source"
"B0628","public/index.html","7891","Interface control","document.getElementById('wdFieldRow').hidden","At this operation","Sets control visibility or availability to false","taChoose","document.getElementById('wdFieldRow').hidden = false","Retained / automatic handling as stated in source"
"B0629","public/index.html","7896","Interface control","s.hidden","At this operation","Sets control visibility or availability to false","taReset","s.hidden = false","Retained / automatic handling as stated in source"
"B0630","public/index.html","7899","Interface control","document.getElementById('wdChosen').hidden","At this operation","Sets control visibility or availability to true","taReset","document.getElementById('wdChosen').hidden = true","Retained / automatic handling as stated in source"
"B0631","public/index.html","7900","Interface control","document.getElementById('wdFieldRow').hidden","At this operation","Sets control visibility or availability to true","taReset","document.getElementById('wdFieldRow').hidden = true","Retained / automatic handling as stated in source"
"B0632","public/index.html","7901","Interface control","document.getElementById('wdHelp').hidden","At this operation","Sets control visibility or availability to true","taReset","document.getElementById('wdHelp').hidden = true","Retained / automatic handling as stated in source"
"B0633","public/index.html","7915","Interface control","m.hidden","(!e.target.closest('.typeahead')) AND (m)","Sets control visibility or availability to true","callback","m.hidden = true","Retained / automatic handling as stated in source"
"B0634","public/index.html","7935","Interface control","menu.hidden","NOT (e.key === 'ArrowDown' || e.key === 'ArrowUp') AND NOT (e.key === 'Enter') AND (e.key === 'Escape')","Sets control visibility or availability to true","callback","menu.hidden = true","Retained / automatic handling as stated in source"
"B0635","public/index.html","7971","Interface control","b.hidden","At this operation","Sets control visibility or availability to !n","setUnread","b.hidden = !n","Retained / automatic handling as stated in source"
"B0636","public/index.html","7973","Interface control","ab.hidden","(ab)","Sets control visibility or availability to !n","setUnread","ab.hidden = !n","Retained / automatic handling as stated in source"
"B0637","public/index.html","7982","Interface control","$('#verifyBanner').hidden","At this operation","Sets control visibility or availability to true","callback","$('#verifyBanner').hidden = true","Retained / automatic handling as stated in source"
"B0638","public/index.html","8056","Interface control","$('#convoEmpty').hidden","At this operation","Sets control visibility or availability to LIVE.convos.length > 0","renderMessagesOnline","$('#convoEmpty').hidden = LIVE.convos.length > 0","Retained / automatic handling as stated in source"
"B0639","public/index.html","8059","Interface control","$('#threadContent').hidden","NOT (active)","Sets control visibility or availability to true","renderMessagesOnline","$('#threadContent').hidden = true","Retained / automatic handling as stated in source"
"B0640","public/index.html","8073","Interface control","$('#threadContent').hidden","At this operation","Sets control visibility or availability to false","renderThreadOnline","$('#threadContent').hidden = false","Retained / automatic handling as stated in source"
"B0641","public/index.html","8092","Interface control","roNote.hidden","(roNote)","Sets control visibility or availability to !ro","renderThreadOnline","roNote.hidden = !ro","Retained / automatic handling as stated in source"
"B0642","public/index.html","8093","Interface control","composerEl.hidden","(composerEl)","Sets control visibility or availability to ro","renderThreadOnline","composerEl.hidden = ro","Retained / automatic handling as stated in source"
"B0643","public/index.html","8094","Interface control","$('#attClip').hidden","At this operation","Sets control visibility or availability to ro","renderThreadOnline","$('#attClip').hidden = ro","Retained / automatic handling as stated in source"
"B0644","public/index.html","8095","Interface control","$('#msgScopeWrap').hidden","At this operation","Sets control visibility or availability to ro","renderThreadOnline","$('#msgScopeWrap').hidden = ro","Retained / automatic handling as stated in source"
"B0645","public/index.html","8153","Interface control","$('#bkSleepWrap').hidden","At this operation","Sets control visibility or availability to !ok","syncSleepoverOption","$('#bkSleepWrap').hidden = !ok","Retained / automatic handling as stated in source"
"B0646","public/index.html","8191","Interface control","$('#bkRepeatEndWrap').hidden","At this operation","Sets control visibility or availability to !on","syncRepeatUI","$('#bkRepeatEndWrap').hidden = !on","Retained / automatic handling as stated in source"
"B0647","public/index.html","8192","Interface control","$('#bkRepeatNote').hidden","At this operation","Sets control visibility or availability to !on","syncRepeatUI","$('#bkRepeatNote').hidden = !on","Retained / automatic handling as stated in source"
"B0648","public/index.html","8194","Interface control","$('#bkRepeatCountWrap').hidden","At this operation","Sets control visibility or availability to mode !== 'count'","syncRepeatUI","$('#bkRepeatCountWrap').hidden = mode !== 'count'","Retained / automatic handling as stated in source"
"B0649","public/index.html","8195","Interface control","$('#bkRepeatUntilWrap').hidden","At this operation","Sets control visibility or availability to mode !== 'until'","syncRepeatUI","$('#bkRepeatUntilWrap').hidden = mode !== 'until'","Retained / automatic handling as stated in source"
"B0650","public/index.html","8511","Form / interface constraint","<textarea class=""note-scope-detail"" rows=""2"" maxlength=""4000"" hidden style=""margin-top:9px;"" placeholder=""What were you asked to do? We'll follow it up — you're not in trouble for telling us."">","At this operation","Required input or conditional control; attribute expression is shown","renderBookingsPage > callback","<textarea class=""note-scope-detail"" rows=""2"" maxlength=""4000"" hidden style=""margin-top:9px;"" placeholder=""What were you asked to do? We'll follow it up — you're not in trouble for telling us."">","Retained / automatic handling as stated in source"
"B0651","public/index.html","8511","Form / interface constraint","<button class=""btn btn-primary btn-sm"" type=""button"" disabled aria-disabled=""true"" title=""Finish your training first"">","At this operation","Required input or conditional control; attribute expression is shown","renderBookingsPage > callback","<button class=""btn btn-primary btn-sm"" type=""button"" disabled aria-disabled=""true"" title=""Finish your training first"">","Retained / automatic handling as stated in source"
"B0652","public/index.html","8546","Form / interface constraint","<textarea class=""note-scope-detail"" rows=""2"" maxlength=""4000"" hidden style=""margin-top:9px;"" placeholder=""What were you asked to do? We'll follow it up — you're not in trouble for telling us."">","(vrole() === 'worker' && b.status === 'accepted' && bookingEndLocal(b) <= new Date() && wActive && !bookingProviderLocked(b))","Required input or conditional control; attribute expression is shown","renderBookingsPage > callback","<textarea class=""note-scope-detail"" rows=""2"" maxlength=""4000"" hidden style=""margin-top:9px;"" placeholder=""What were you asked to do? We'll follow it up — you're not in trouble for telling us."">","Retained / automatic handling as stated in source"
"B0653","public/index.html","8573","Form / interface constraint","<button class=""btn btn-primary btn-sm"" type=""button"" disabled aria-disabled=""true"" title=""Finish your training first"">","(vrole() === 'worker' && b.status === 'requested' && wActive && !bookingProviderLocked(b) && bookingStartLocal(b) > new Date()) AND (trainLock === 'hard')","Required input or conditional control; attribute expression is shown","renderBookingsPage > callback","<button class=""btn btn-primary btn-sm"" type=""button"" disabled aria-disabled=""true"" title=""Finish your training first"">","Retained / automatic handling as stated in source"
"B0654","public/index.html","8592","Interface control","w.hidden","(e.target && e.target.id === 'bdPlan') AND (w)","Sets control visibility or availability to e.target.value !== 'plan'","callback","w.hidden = e.target.value !== 'plan'","Retained / automatic handling as stated in source"
"B0655","public/index.html","8738","Boolean decision","False result from spPaint > callback > callback","(!need)","Eligibility or control result is false; caller determines effect","spPaint > callback > callback","return false;","Retained / automatic handling as stated in source"
"B0656","public/index.html","8739","Returned status / rejection reason","","(confirmed && !miss.length)","Returned message / status; caller decides whether it blocks","spPaint > callback","return '';","Retained / automatic handling as stated in source"
"B0657","public/index.html","8740","Returned status / rejection reason","<p style=""margin:0 0 8px;font-size:.93rem;color:#9E2F1C;font-weight:700;"">Every question is answered — tick the box at the bottom and press Save and submit to confirm the plan.</p>","(!confirmed && !miss.length)","Returned message / status; caller decides whether it blocks","spPaint > callback","return '<p style=""margin:0 0 8px;font-size:.93rem;color:#9E2F1C;font-weight:700;"">Every question is answered — tick the box at the bottom and press Save and submit to confirm the plan.</p>';","Retained / automatic handling as stated in source"
"B0658","public/index.html","8799","Interface control","el.hidden","At this operation","Sets control visibility or availability to !on","spToggleConditional > callback","el.hidden = !on","Retained / automatic handling as stated in source"
"B0659","public/index.html","8835","Interface control","missEl.hidden","(confirm) AND (miss.length) AND (missEl)","Sets control visibility or availability to false","spSave","missEl.hidden = false","Retained / automatic handling as stated in source"
"B0660","public/index.html","8839","Interface control","first.closest('.sp-sec').hidden","(confirm) AND (miss.length) AND (first)","Sets control visibility or availability to false","spSave","first.closest('.sp-sec').hidden=false","Retained / automatic handling as stated in source"
"B0661","public/index.html","8844","Interface control","missEl.hidden","(confirm) AND (!($('#spDecl') && $('#spDecl').checked)) AND (missEl)","Sets control visibility or availability to false","spSave","missEl.hidden = false","Retained / automatic handling as stated in source"
"B0662","public/index.html","8848","Interface control","missEl.hidden","(missEl)","Sets control visibility or availability to true","spSave","missEl.hidden = true","Retained / automatic handling as stated in source"
"B0663","public/index.html","8860","Interface control","missEl.hidden","(err.data?.conflict) AND (missEl)","Sets control visibility or availability to false","spSave > callback","missEl.hidden=false","Retained / automatic handling as stated in source"
"B0664","public/index.html","8861","Interface control","missEl.hidden","NOT (err.data?.conflict) AND (missEl)","Sets control visibility or availability to false","spSave > callback","missEl.hidden=false","Retained / automatic handling as stated in source"
"B0665","public/index.html","8941","Interface control","out.hidden","(!out.hidden)","Sets control visibility or availability to true","paintBrief","out.hidden = true","Retained / automatic handling as stated in source"
"B0666","public/index.html","8942","Interface control","out.hidden","At this operation","Sets control visibility or availability to false","paintBrief","out.hidden = false","Retained / automatic handling as stated in source"
"B0667","public/index.html","9042","Interface control","det.hidden","(r) AND (det)","Sets control visibility or availability to r.value !== 'yes'","callback","det.hidden = r.value !== 'yes'","Retained / automatic handling as stated in source"
"B0668","public/index.html","9064","Interface control","out.hidden","(th) AND (out)","Sets control visibility or availability to !out.hidden","callback","out.hidden = !out.hidden","Retained / automatic handling as stated in source"
"B0669","public/index.html","9070","Interface control","form.hidden","(nOpen) AND (form)","Sets control visibility or availability to false","callback","form.hidden = false","Retained / automatic handling as stated in source"
"B0670","public/index.html","9070","Interface control","nOpen.hidden","(nOpen) AND (form)","Sets control visibility or availability to true","callback","nOpen.hidden = true","Retained / automatic handling as stated in source"
"B0671","public/index.html","9076","Interface control","form.hidden","(nCancel) AND (form)","Sets control visibility or availability to true","callback","form.hidden = true","Retained / automatic handling as stated in source"
"B0672","public/index.html","9078","Interface control","btn.hidden","(nCancel) AND (btn)","Sets control visibility or availability to false","callback","btn.hidden = false","Retained / automatic handling as stated in source"
"B0673","public/index.html","9088","Interface control","box.hidden","(nRead) AND (!box.hidden)","Sets control visibility or availability to true","callback","box.hidden = true","Retained / automatic handling as stated in source"
"B0674","public/index.html","9089","Interface control","box.hidden","(nRead)","Sets control visibility or availability to false","callback","box.hidden = false","Retained / automatic handling as stated in source"
"B0675","public/index.html","9101","Interface control","nSave.disabled","(nSave)","Sets control visibility or availability to true","callback","nSave.disabled = true","Retained / automatic handling as stated in source"
"B0676","public/index.html","9112","Interface control","nSave.disabled","(nSave)","Sets control visibility or availability to false","callback","nSave.disabled = false","Retained / automatic handling as stated in source"
"B0677","public/index.html","9119","Interface control","nAdd.disabled","(nAdd)","Sets control visibility or availability to true","callback","nAdd.disabled = true","Retained / automatic handling as stated in source"
"B0678","public/index.html","9125","Interface control","nAdd.disabled","(nAdd)","Sets control visibility or availability to false","callback","nAdd.disabled = false","Retained / automatic handling as stated in source"
"B0679","public/index.html","9129","Interface control","e.target.disabled","(e.target && e.target.id === 'mpPhotoSave')","Sets control visibility or availability to true","callback","e.target.disabled = true","Retained / automatic handling as stated in source"
"B0680","public/index.html","9132","Interface control","e.target.disabled","(e.target && e.target.id === 'mpPhotoSave') AND (!file)","Sets control visibility or availability to false","callback","e.target.disabled = false","Retained / automatic handling as stated in source"
"B0681","public/index.html","9137","Interface control","e.target.disabled","(e.target && e.target.id === 'mpPhotoSave')","Sets control visibility or availability to false","callback","e.target.disabled = false","Retained / automatic handling as stated in source"
"B0682","public/index.html","9146","Interface control","row.querySelector('.rate-more').hidden","(st)","Sets control visibility or availability to false","callback","row.querySelector('.rate-more').hidden = false","Retained / automatic handling as stated in source"
"B0683","public/index.html","9153","Interface control","rs.disabled","(rs)","Sets control visibility or availability to true","callback","rs.disabled = true","Retained / automatic handling as stated in source"
"B0684","public/index.html","9158","Interface control","rs.disabled","(rs)","Sets control visibility or availability to false","callback","rs.disabled = false","Retained / automatic handling as stated in source"
"B0685","public/index.html","9177","Interface control","e.target.disabled","(e.target && e.target.id === 'wdAdd')","Sets control visibility or availability to true","callback","e.target.disabled = true","Retained / automatic handling as stated in source"
"B0686","public/index.html","9183","Interface control","e.target.disabled","(e.target && e.target.id === 'wdAdd') AND (file && file.mime === 'application/pdf' && file.data.length > 5_400_000)","Sets control visibility or availability to false","callback","e.target.disabled = false","Retained / automatic handling as stated in source"
"B0687","public/index.html","9194","Interface control","e.target.disabled","(e.target && e.target.id === 'wdAdd')","Sets control visibility or availability to false","callback","e.target.disabled = false","Retained / automatic handling as stated in source"
"B0688","public/index.html","9198","Interface control","e.target.disabled","(e.target && e.target.id === 'pdAdd')","Sets control visibility or availability to true","callback","e.target.disabled = true","Retained / automatic handling as stated in source"
"B0689","public/index.html","9203","Interface control","e.target.disabled","(e.target && e.target.id === 'pdAdd') AND (file && file.mime === 'application/pdf' && file.data.length > 5_400_000)","Sets control visibility or availability to false","callback","e.target.disabled = false","Retained / automatic handling as stated in source"
"B0690","public/index.html","9214","Interface control","e.target.disabled","(e.target && e.target.id === 'pdAdd')","Sets control visibility or availability to false","callback","e.target.disabled = false","Retained / automatic handling as stated in source"
"B0691","public/index.html","9230","Interface control","e.target.disabled","(e.target && e.target.id === 'incSubmitW')","Sets control visibility or availability to true","callback","e.target.disabled = true","Retained / automatic handling as stated in source"
"B0692","public/index.html","9235","Interface control","e.target.disabled","(e.target && e.target.id === 'incSubmitW')","Sets control visibility or availability to false","callback","e.target.disabled = false","Retained / automatic handling as stated in source"
"B0693","public/index.html","9286","Returned status / rejection reason","<div class=""info-card""><p class=""adm-empty"">The self-test could not be loaded.</p></div>","(!t)","Returned message / status; caller decides whether it blocks","selfTestHtml","return '<div class=""info-card""><p class=""adm-empty"">The self-test could not be loaded.</p></div>';","Retained / automatic handling as stated in source"
"B0694","public/index.html","9361","Interface control","back.disabled","(back)","Sets control visibility or availability to true","callback","back.disabled = true","Retained / automatic handling as stated in source"
"B0695","public/index.html","9368","Interface control","back.disabled","(back)","Sets control visibility or availability to false","callback","back.disabled = false","Retained / automatic handling as stated in source"
"B0696","public/index.html","9436","Returned status / rejection reason","","At this operation","Returned message / status; caller decides whether it blocks","parseNwsd > callback","return '';","Retained / automatic handling as stated in source"
"B0697","public/index.html","9471","Returned status / rejection reason","","At this operation","Returned message / status; caller decides whether it blocks","parseNwsd > callback","return '';","Retained / automatic handling as stated in source"
"B0698","public/index.html","9498","Boolean decision","False result from applyNwsd > callback","At this operation","Eligibility or control result is false; caller determines effect","applyNwsd > callback","return false;","Retained / automatic handling as stated in source"
"B0699","public/index.html","9507","Interface control","note.hidden","(note)","Sets control visibility or availability to false","applyNwsd","note.hidden = false","Retained / automatic handling as stated in source"
"B0700","public/index.html","9521","Returned status / rejection reason","<div class=""info-card""><p class=""adm-empty"">The screening queue could not be loaded.</p></div>","(!d)","Returned message / status; caller decides whether it blocks","screeningHtml","return '<div class=""info-card""><p class=""adm-empty"">The screening queue could not be loaded.</p></div>';","Retained / automatic handling as stated in source"
"B0701","public/index.html","9526","Form / interface constraint","<input type=""checkbox"" data-scr-linked=""${w.id}"" ${w.linked?'checked disabled':''}>","At this operation","Required input or conditional control; attribute expression is shown","screeningHtml > callback","<input type=""checkbox"" data-scr-linked=""${w.id}"" ${w.linked?'checked disabled':''}>","Retained / automatic handling as stated in source"
"B0702","public/index.html","9597","Returned status / rejection reason","<div class=""info-card""><p class=""adm-empty"">The AI queue could not be loaded.</p></div>","(!q)","Returned message / status; caller decides whether it blocks","aiQueueHtml","return '<div class=""info-card""><p class=""adm-empty"">The AI queue could not be loaded.</p></div>';","Retained / automatic handling as stated in source"
"B0703","public/index.html","9684","Interface control","p.hidden","At this operation","Sets control visibility or availability to p.dataset.cmpPane !== key","cmpShowTab > callback","p.hidden = p.dataset.cmpPane !== key","Retained / automatic handling as stated in source"
"B0704","public/index.html","9693","Interface control","el.hidden","At this operation","Sets control visibility or availability to !hit","cmpFilter > callback","el.hidden = !hit","Retained / automatic handling as stated in source"
"B0705","public/index.html","9893","Returned status / rejection reason","<span class=""adm-badge"">screening on file — not verified</span>","(docOk && !scr.verified)","Returned message / status; caller decides whether it blocks","renderAdminPage > callback","return '<span class=""adm-badge"">screening on file — not verified</span>';","Retained / automatic handling as stated in source"
"B0706","public/index.html","9925","Returned status / rejection reason","","(d.pending.length) AND (!pl || pl.ok)","Returned message / status; caller decides whether it blocks","renderAdminPage > callback > callback","return '';","Retained / automatic handling as stated in source"
"B0707","public/index.html","10146","Returned status / rejection reason","<p style=""margin:8px 0 0;font-size:.86rem;color:#9E2F1C;""><b>NDIS plan:</b> no copy on file yet — their first booking waits on it (they upload it from My documents, or file it below).</p>","NOT (!pdx) AND (!np)","Returned message / status; caller decides whether it blocks","renderAdminPage > callback > callback","return '<p style=""margin:8px 0 0;font-size:.86rem;color:#9E2F1C;""><b>NDIS plan:</b> no copy on file yet — their first booking waits on it (they upload it from My documents, or file it below).</p>';","Retained / automatic handling as stated in source"
"B0708","public/index.html","10149","Returned status / rejection reason","<p style=""margin:8px 0 0;font-size:.86rem;color:#9E2F1C;""><b>Support plan:</b> not written yet — their first booking waits on it.</p>","NOT (!pdx) AND (!pr.plan)","Returned message / status; caller decides whether it blocks","renderAdminPage > callback > callback","return '<p style=""margin:8px 0 0;font-size:.86rem;color:#9E2F1C;""><b>Support plan:</b> not written yet — their first booking waits on it.</p>';","Retained / automatic handling as stated in source"
"B0709","public/index.html","10150","Returned status / rejection reason","<p style=""margin:8px 0 0;font-size:.86rem;color:#8a6d00;""><b>Support plan:</b> draft in progress, not confirmed.</p>","NOT (!pdx) AND (pr.plan.status !== 'confirmed')","Returned message / status; caller decides whether it blocks","renderAdminPage > callback > callback","return '<p style=""margin:8px 0 0;font-size:.86rem;color:#8a6d00;""><b>Support plan:</b> draft in progress, not confirmed.</p>';","Retained / automatic handling as stated in source"
"B0710","public/index.html","10245","Form / interface constraint","<button class=""adm-btn-sm"" id=""admRunClaims"" type=""button"" ${cl.ready_count?'':'disabled'}>","NOT (cl.error)","Required input or conditional control; attribute expression is shown","renderAdminPage","<button class=""adm-btn-sm"" id=""admRunClaims"" type=""button"" ${cl.ready_count?'':'disabled'}>","Retained / automatic handling as stated in source"
"B0711","public/index.html","10253","Form / interface constraint","<button class=""adm-btn-sm"" id=""admRunClaims"" type=""button"" ${cl.ready_count?'':'disabled'}>","NOT (cl.error) AND (cl.unclaimed.length)","Required input or conditional control; attribute expression is shown","renderAdminPage","<button class=""adm-btn-sm"" id=""admRunClaims"" type=""button"" ${cl.ready_count?'':'disabled'}>","Retained / automatic handling as stated in source"
"B0712","public/index.html","10369","Form / interface constraint","<input name=""name"" placeholder=""Full name"" required style=""${inpStyle}"">","At this operation","Required input or conditional control; attribute expression is shown","renderAdminPage","<input name=""name"" placeholder=""Full name"" required style=""${inpStyle}"">","Retained / automatic handling as stated in source"
"B0713","public/index.html","10369","Form / interface constraint","<input name=""email"" type=""email"" placeholder=""Email"" required style=""${inpStyle}"">","At this operation","Required input or conditional control; attribute expression is shown","renderAdminPage","<input name=""email"" type=""email"" placeholder=""Email"" required style=""${inpStyle}"">","Retained / automatic handling as stated in source"
"B0714","public/index.html","10369","Form / interface constraint","<input name=""consent"" placeholder=""Consent, in words: who agreed, on the phone, on what date"" required style=""${inpStyle}"">","At this operation","Required input or conditional control; attribute expression is shown","renderAdminPage","<input name=""consent"" placeholder=""Consent, in words: who agreed, on the phone, on what date"" required style=""${inpStyle}"">","Retained / automatic handling as stated in source"
"B0715","public/index.html","10369","Form / interface constraint","<input name=""pid"" type=""number"" min=""1"" placeholder=""Participant #"" required style=""${inpStyle}"">","At this operation","Required input or conditional control; attribute expression is shown","renderAdminPage","<input name=""pid"" type=""number"" min=""1"" placeholder=""Participant #"" required style=""${inpStyle}"">","Retained / automatic handling as stated in source"
"B0716","public/index.html","10369","Form / interface constraint","<input name=""ids"" placeholder=""Booking numbers, e.g. 412, 413"" required style=""${inpStyle};min-width:220px;"">","At this operation","Required input or conditional control; attribute expression is shown","renderAdminPage","<input name=""ids"" placeholder=""Booking numbers, e.g. 412, 413"" required style=""${inpStyle};min-width:220px;"">","Retained / automatic handling as stated in source"
"B0717","public/index.html","10600","Interface control","e.target.disabled","(e.target && e.target.id === 'admRunClaims')","Sets control visibility or availability to true","callback","e.target.disabled = true","Retained / automatic handling as stated in source"
"B0718","public/index.html","10605","Interface control","e.target.disabled","(e.target && e.target.id === 'admRunClaims')","Sets control visibility or availability to false","callback","e.target.disabled = false","Retained / automatic handling as stated in source"
"B0719","public/index.html","10610","Interface control","pd.disabled","(pd)","Sets control visibility or availability to true","callback","pd.disabled = true","Retained / automatic handling as stated in source"
"B0720","public/index.html","10615","Interface control","pd.disabled","(pd)","Sets control visibility or availability to false","callback","pd.disabled = false","Retained / automatic handling as stated in source"
"B0721","public/index.html","10619","Confirmation","This permanently removes every demo account (the 12 demo workers + the demo participant) and all their conversations and bookings. Type LAUNCH to confirm:","(e.target && e.target.id === 'admLaunchSweep')","Waits for a person to confirm or enter a value","callback","prompt('This permanently removes every demo account (the 12 demo workers + the demo participant) and all their conversations and bookings.\n\nType LAUNCH to confirm:')","Retained / automatic handling as stated in source"
"B0722","public/index.html","10621","Interface control","e.target.disabled","(e.target && e.target.id === 'admLaunchSweep')","Sets control visibility or availability to true","callback","e.target.disabled = true","Retained / automatic handling as stated in source"
"B0723","public/index.html","10628","Interface control","e.target.disabled","(e.target && e.target.id === 'admLaunchSweep')","Sets control visibility or availability to false","callback","e.target.disabled = false","Retained / automatic handling as stated in source"
"B0724","public/index.html","10643","Interface control","e.target.disabled","(e.target && e.target.id === 'ladSave')","Sets control visibility or availability to true","callback","e.target.disabled = true","Retained / automatic handling as stated in source"
"B0725","public/index.html","10648","Interface control","e.target.disabled","(e.target && e.target.id === 'ladSave')","Sets control visibility or availability to false","callback","e.target.disabled = false","Retained / automatic handling as stated in source"
"B0726","public/index.html","10652","Interface control","e.target.disabled","(e.target && e.target.id === 'ladReview')","Sets control visibility or availability to true","callback","e.target.disabled = true","Retained / automatic handling as stated in source"
"B0727","public/index.html","10659","Interface control","e.target.disabled","(e.target && e.target.id === 'ladReview')","Sets control visibility or availability to false","callback","e.target.disabled = false","Retained / automatic handling as stated in source"
"B0728","public/index.html","10664","Confirmation","Moving someone up by hand is allowed and takes effect on their next shift. Why? (this goes in the permanent log)","(e.target && e.target.classList && e.target.classList.contains('lad-up'))","Waits for a person to confirm or enter a value","callback","prompt('Moving someone up by hand is allowed and takes effect on their next shift.\n\nWhy? (this goes in the permanent log)')","Retained / automatic handling as stated in source"
"B0729","public/index.html","10680","Confirmation","Pausing stops the tier clock dead — hours don't count against them and their tier can't go down. Use it for parental leave, carer's leave, workers comp or long-term illness. Paused until (DD/MM/YYYY):","(e.target && e.target.classList && e.target.classList.contains('lad-pause')) AND (!resuming)","Waits for a person to confirm or enter a value","callback","prompt('Pausing stops the tier clock dead — hours don\'t count against them and their tier can\'t go down. Use it for parental leave, carer\'s leave, workers comp or long-term illness.\n\nPaused until (DD/MM/YYYY):')","Retained / automatic handling as stated in source"
"B0730","public/index.html","10685","Confirmation","Reason (goes in the permanent log):","(e.target && e.target.classList && e.target.classList.contains('lad-pause')) AND (!resuming)","Waits for a person to confirm or enter a value","callback","prompt('Reason (goes in the permanent log):')","Retained / automatic handling as stated in source"
"B0731","public/index.html","10696","Interface control","e.target.disabled","(e.target && e.target.id === 'admSweep')","Sets control visibility or availability to true","callback","e.target.disabled = true","Retained / automatic handling as stated in source"
"B0732","public/index.html","10701","Interface control","e.target.disabled","(e.target && e.target.id === 'admSweep')","Sets control visibility or availability to false","callback","e.target.disabled = false","Retained / automatic handling as stated in source"
"B0733","public/index.html","10706","Interface control","e.target.disabled","(e.target && e.target.id === 'c37Recheck')","Sets control visibility or availability to true","callback","e.target.disabled = true","Retained / automatic handling as stated in source"
"B0734","public/index.html","10714","Interface control","e.target.disabled","(e.target && e.target.id === 'c37Recheck')","Sets control visibility or availability to false","callback","e.target.disabled = false","Retained / automatic handling as stated in source"
"B0735","public/index.html","10732","Interface control","cs.disabled","(cs)","Sets control visibility or availability to true","callback","cs.disabled = true","Retained / automatic handling as stated in source"
"B0736","public/index.html","10739","Interface control","cs.disabled","(cs)","Sets control visibility or availability to false","callback","cs.disabled = false","Retained / automatic handling as stated in source"
"B0737","public/index.html","10748","Confirmation","Record that you have just checked all three banning-order registers for this worker — the NDIS Commission register, aged care orders under the Aged Care Act 2024, and earlier orders under the ACQSC Act — and that none of them shows an order in force?","(cbAll) AND (!confirm('Record that you have just checked all three banning-order registers for this worker — the NDIS Commission register, aged care orders under the Aged Care Act 2024, and earlier orders under the ACQSC Act — and that none of them shows an order in force?'))","Waits for a person to confirm or enter a value","callback","confirm('Record that you have just checked all three banning-order registers for this worker — the NDIS Commission register, aged care orders under the Aged Care Act 2024, and earlier orders under the ACQSC Act — and that none of them shows an order in force?')","Retained / automatic handling as stated in source"
"B0738","public/index.html","10749","Interface control","cbAll.disabled","(cbAll)","Sets control visibility or availability to true","callback","cbAll.disabled = true","Retained / automatic handling as stated in source"
"B0739","public/index.html","10754","Interface control","cbAll.disabled","(cbAll)","Sets control visibility or availability to false","callback","cbAll.disabled = false","Retained / automatic handling as stated in source"
"B0740","public/index.html","10765","Confirmation","A banning order in force removes this worker from the platform immediately and permanently until you clear it. What does the register say? (order number, date, scope)","(cb) AND (result === 'banned')","Waits for a person to confirm or enter a value","callback","prompt('A banning order in force removes this worker from the platform immediately and permanently until you clear it.\n\nWhat does the register say? (order number, date, scope)')","Retained / automatic handling as stated in source"
"B0741","public/index.html","10768","Interface control","cb.disabled","(cb)","Sets control visibility or availability to true","callback","cb.disabled = true","Retained / automatic handling as stated in source"
"B0742","public/index.html","10776","Interface control","cb.disabled","(cb)","Sets control visibility or availability to false","callback","cb.disabled = false","Retained / automatic handling as stated in source"
"B0743","public/index.html","10784","Confirmation","Block this worker from the platform straight away. Why? (this is recorded in the evidence log)","(cbl) AND (on)","Waits for a person to confirm or enter a value","callback","prompt('Block this worker from the platform straight away.\n\nWhy? (this is recorded in the evidence log)')","Retained / automatic handling as stated in source"
"B0744","public/index.html","10787","Interface control","cbl.disabled","(cbl)","Sets control visibility or availability to true","callback","cbl.disabled = true","Retained / automatic handling as stated in source"
"B0745","public/index.html","10792","Interface control","cbl.disabled","(cbl)","Sets control visibility or availability to false","callback","cbl.disabled = false","Retained / automatic handling as stated in source"
"B0746","public/index.html","10804","Interface control","e.target.disabled","(e.target && e.target.id === 'silGenerate')","Sets control visibility or availability to true","callback","e.target.disabled = true","Retained / automatic handling as stated in source"
"B0747","public/index.html","10812","Interface control","e.target.disabled","(e.target && e.target.id === 'silGenerate')","Sets control visibility or availability to false","callback","e.target.disabled = false","Retained / automatic handling as stated in source"
"B0748","public/index.html","10817","Confirmation","Remove this house and its roster template? Already-generated bookings stay.","(shd) AND (!confirm('Remove this house and its roster template? Already-generated bookings stay.'))","Waits for a person to confirm or enter a value","callback","confirm('Remove this house and its roster template? Already-generated bookings stay.')","Retained / automatic handling as stated in source"
"B0749","public/index.html","10825","Interface control","ssa.disabled","(ssa)","Sets control visibility or availability to true","callback","ssa.disabled = true","Retained / automatic handling as stated in source"
"B0750","public/index.html","10839","Interface control","ssa.disabled","(ssa)","Sets control visibility or availability to false","callback","ssa.disabled = false","Retained / automatic handling as stated in source"
"B0751","public/index.html","10931","Interface control","paAdd.disabled","(paAdd)","Sets control visibility or availability to true","callback","paAdd.disabled = true","Retained / automatic handling as stated in source"
"B0752","public/index.html","10936","Interface control","paAdd.disabled","(paAdd) AND (file && file.mime === 'application/pdf' && file.data.length > 5_400_000)","Sets control visibility or availability to false","callback","paAdd.disabled = false","Retained / automatic handling as stated in source"
"B0753","public/index.html","10948","Interface control","paAdd.disabled","(paAdd)","Sets control visibility or availability to false","callback","paAdd.disabled = false","Retained / automatic handling as stated in source"
"B0754","public/index.html","11005","Interface control","bfs.disabled","(bfs)","Sets control visibility or availability to true","callback","bfs.disabled = true","Retained / automatic handling as stated in source"
"B0755","public/index.html","11010","Interface control","bfs.disabled","(bfs)","Sets control visibility or availability to false","callback","bfs.disabled = false","Retained / automatic handling as stated in source"
"B0756","public/index.html","11019","Interface control","host.hidden","(bfh) AND (!host.hidden)","Sets control visibility or availability to true","callback","host.hidden = true","Retained / automatic handling as stated in source"
"B0757","public/index.html","11025","Interface control","host.hidden","(bfh)","Sets control visibility or availability to false","callback","host.hidden = false","Retained / automatic handling as stated in source"
"B0758","public/index.html","11049","Confirmation","Close incident — what was learned / changed as a result?","(ia) AND (ia.dataset.incAct === 'close')","Waits for a person to confirm or enter a value","callback","prompt('Close incident — what was learned / changed as a result?')","Retained / automatic handling as stated in source"
"B0759","public/index.html","11069","Confirmation","Resolve complaint — what was the outcome?","(ca) AND (ca.dataset.compAct === 'resolve')","Waits for a person to confirm or enter a value","callback","prompt('Resolve complaint — what was the outcome?')","Retained / automatic handling as stated in source"
"B0760","public/index.html","11079","Interface control","b.disabled","At this operation","Sets control visibility or availability to true","callback","b.disabled = true","Retained / automatic handling as stated in source"
"B0761","public/index.html","11086","Interface control","b.disabled","At this operation","Sets control visibility or availability to false","callback","b.disabled = false","Retained / automatic handling as stated in source"
"B0762","public/index.html","11122","Form / interface constraint","<button type=""button"" data-cw-up=""${w.id}"" ${i === 0 ? 'disabled' : ''} aria-label=""Move ${esc(w.name)} up"">","At this operation","Required input or conditional control; attribute expression is shown","careWebHtml > callback","<button type=""button"" data-cw-up=""${w.id}"" ${i === 0 ? 'disabled' : ''} aria-label=""Move ${esc(w.name)} up"">","Retained / automatic handling as stated in source"
"B0763","public/index.html","11122","Form / interface constraint","<button type=""button"" data-cw-down=""${w.id}"" ${i === web.length - 1 ? 'disabled' : ''} aria-label=""Move ${esc(w.name)} down"">","At this operation","Required input or conditional control; attribute expression is shown","careWebHtml > callback","<button type=""button"" data-cw-down=""${w.id}"" ${i === web.length - 1 ? 'disabled' : ''} aria-label=""Move ${esc(w.name)} down"">","Retained / automatic handling as stated in source"
"B0764","public/index.html","11176","Returned status / rejection reason","","(!isFinite(mins))","Returned message / status; caller decides whether it blocks","offerClock","return '';","Retained / automatic handling as stated in source"
"B0765","public/index.html","11177","Returned status / rejection reason","closing now","(mins <= 0)","Returned message / status; caller decides whether it blocks","offerClock","return 'closing now';","Retained / automatic handling as stated in source"
"B0766","public/index.html","11184","Returned status / rejection reason","","(!offers.length)","Returned message / status; caller decides whether it blocks","offersHtml","return '';","Retained / automatic handling as stated in source"
"B0767","public/index.html","11247","Returned status / rejection reason","","(!o)","Returned message / status; caller decides whether it blocks","outOfAreaHtml","return '';","Retained / automatic handling as stated in source"
"B0768","public/index.html","11278","Returned status / rejection reason","","At this operation","Returned message / status; caller decides whether it blocks","coverStripHtml","return '';","Retained / automatic handling as stated in source"
"B0769","public/index.html","11321","Returned status / rejection reason","","(!d || !d.tier)","Returned message / status; caller decides whether it blocks","tierCardHtml","return '';","Retained / automatic handling as stated in source"
"B0770","public/index.html","11581","Returned status / rejection reason","<p class=""adm-empty"">The audit pack preview couldn't be loaded. The download button still works — try <a href=""/api/admin/audit-pack.zip"" download>downloading the pack</a> directly.</p>","(!d)","Returned message / status; caller decides whether it blocks","auditPackHtml","return '<p class=""adm-empty"">The audit pack preview couldn\'t be loaded. The download button still works — try <a href=""/api/admin/audit-pack.zip"" download>downloading the pack</a> directly.</p>';","Retained / automatic handling as stated in source"
"B0771","public/index.html","11679","Interface control","p.hidden","At this operation","Sets control visibility or availability to p.dataset.docPane !== key","docShowTab > callback","p.hidden = p.dataset.docPane !== key","Retained / automatic handling as stated in source"
"B0772","public/index.html","11686","Interface control","p.hidden","At this operation","Sets control visibility or availability to p.dataset.frPane !== key","frShowTab > callback","p.hidden = p.dataset.frPane !== key","Retained / automatic handling as stated in source"
"B0773","public/index.html","11692","Interface control","r.hidden","At this operation","Sets control visibility or availability to !!needle && !r.textContent.toLowerCase().includes(needle)","frSearch > callback","r.hidden = !!needle && !r.textContent.toLowerCase().includes(needle)","Retained / automatic handling as stated in source"
"B0774","public/index.html","11728","Returned status / rejection reason","","(!list.length)","Returned message / status; caller decides whether it blocks","formsBoardHtml > callback","return '';","Retained / automatic handling as stated in source"
"B0775","public/index.html","11735","Returned status / rejection reason","","(!list.length)","Returned message / status; caller decides whether it blocks","formsBoardHtml > callback","return '';","Retained / automatic handling as stated in source"
"B0776","public/index.html","11770","Interface control","r.hidden","(b)","Sets control visibility or availability to want === 'all' ? false : want === 'gaps' ? r.dataset.frGap !== '1' : want === 'unrecorded' ? (r.dataset.frTrack === 'live' || r.dataset.frRec === '1') : r.dataset.frTrack !== want","callback > callback","r.hidden = want === 'all' ? false : want === 'gaps' ? r.dataset.frGap !== '1' : want === 'unrecorded' ? (r.dataset.frTrack === 'live' || r.dataset.frRec === '1') : r.dataset.frTrack !== want","Retained / automatic handling as stated in source"
"B0777","public/index.html","11780","Interface control","h.hidden","(b)","Sets control visibility or availability to !any","callback > callback","h.hidden = !any","Retained / automatic handling as stated in source"
"B0778","public/index.html","11780","Interface control","tbl.hidden","(b) AND (tbl)","Sets control visibility or availability to !any","callback > callback","tbl.hidden = !any","Retained / automatic handling as stated in source"
"B0779","public/index.html","11785","Interface control","box.hidden","(fe) AND (box)","Sets control visibility or availability to !box.hidden","callback","box.hidden = !box.hidden","Retained / automatic handling as stated in source"
"B0780","public/index.html","11787","Interface control","box.hidden","(fc) AND (box)","Sets control visibility or availability to true","callback","box.hidden = true","Retained / automatic handling as stated in source"
"B0781","public/index.html","11790","Interface control","fu.disabled","(fu)","Sets control visibility or availability to true","callback","fu.disabled = true","Retained / automatic handling as stated in source"
"B0782","public/index.html","11793","Interface control","fu.disabled","(fu)","Sets control visibility or availability to false","callback > callback","fu.disabled = false","Retained / automatic handling as stated in source"
"B0783","public/index.html","11800","Interface control","fs.disabled","(fs)","Sets control visibility or availability to true","callback","fs.disabled = true","Retained / automatic handling as stated in source"
"B0784","public/index.html","11805","Interface control","fs.disabled","(fs)","Sets control visibility or availability to false","callback > callback","fs.disabled = false","Retained / automatic handling as stated in source"
"B0785","public/index.html","11811","Interface control","cp.disabled","(cp)","Sets control visibility or availability to true","callback","cp.disabled = true","Retained / automatic handling as stated in source"
"B0786","public/index.html","11815","Interface control","cp.disabled","(cp)","Sets control visibility or availability to false","callback > callback","cp.disabled = false","Retained / automatic handling as stated in source"
"B0787","public/index.html","11820","Returned status / rejection reason","","(!list || !list.length)","Returned message / status; caller decides whether it blocks","officeQueueHtml","return '';","Retained / automatic handling as stated in source"
"B0788","public/index.html","11999","Interface control","add.disabled","(add)","Sets control visibility or availability to true","callback","add.disabled = true","Retained / automatic handling as stated in source"
"B0789","public/index.html","12004","Interface control","add.disabled","(add)","Sets control visibility or availability to false","callback","add.disabled = false","Retained / automatic handling as stated in source"
"B0790","public/index.html","12009","Confirmation","Take this person out of your care web? They can still be booked normally — they just won't be asked automatically when a shift needs covering.","(del) AND (!confirm('Take this person out of your care web? They can still be booked normally — they just won\'t be asked automatically when a shift needs covering.'))","Waits for a person to confirm or enter a value","callback","confirm('Take this person out of your care web? They can still be booked normally — they just won\'t be asked automatically when a shift needs covering.')","Retained / automatic handling as stated in source"
"B0791","public/index.html","12020","Interface control","btn.disabled","(yes || nope)","Sets control visibility or availability to true","callback","btn.disabled = true","Retained / automatic handling as stated in source"
"B0792","public/index.html","12022","Interface control","btn.disabled","(yes || nope) AND (yes) AND (!await BookItReview.acceptCover(Number(yes.dataset.coverId)))","Sets control visibility or availability to false","callback","btn.disabled=false","Retained / automatic handling as stated in source"
"B0793","public/index.html","12028","Interface control","btn.disabled","(yes || nope)","Sets control visibility or availability to false","callback","btn.disabled = false","Retained / automatic handling as stated in source"
"B0794","public/index.html","12037","Interface control","btn.disabled","(sy || sn)","Sets control visibility or availability to true","callback","btn.disabled = true","Retained / automatic handling as stated in source"
"B0795","public/index.html","12042","Interface control","btn.disabled","(sy || sn)","Sets control visibility or availability to false","callback","btn.disabled = false","Retained / automatic handling as stated in source"
"B0796","public/index.html","12046","Interface control","e.target.disabled","(e.target && e.target.id === 'sbSave')","Sets control visibility or availability to true","callback","e.target.disabled = true","Retained / automatic handling as stated in source"
"B0797","public/index.html","12055","Interface control","e.target.disabled","(e.target && e.target.id === 'sbSave')","Sets control visibility or availability to false","callback","e.target.disabled = false","Retained / automatic handling as stated in source"
"B0798","public/index.html","12062","Confirmation","What's happened? One line is plenty — it goes to the participant so they know it isn't personal. You are not in trouble for this. Telling us now gives us the best chance of finding cover in time.","(cant)","Waits for a person to confirm or enter a value","callback","prompt('What\'s happened? One line is plenty — it goes to the participant so they know it isn\'t personal.\n\nYou are not in trouble for this. Telling us now gives us the best chance of finding cover in time.')","Retained / automatic handling as stated in source"
"B0799","public/index.html","12064","Interface control","cant.disabled","(cant)","Sets control visibility or availability to true","callback","cant.disabled = true","Retained / automatic handling as stated in source"
"B0800","public/index.html","12069","Interface control","cant.disabled","(cant)","Sets control visibility or availability to false","callback","cant.disabled = false","Retained / automatic handling as stated in source"
"B0801","public/index.html","12074","Confirmation","Cancel this shift instead of finding cover? Nobody else will be asked and you won't be charged.","(sd) AND (!confirm('Cancel this shift instead of finding cover? Nobody else will be asked and you won\'t be charged.'))","Waits for a person to confirm or enter a value","callback","confirm('Cancel this shift instead of finding cover? Nobody else will be asked and you won\'t be charged.')","Retained / automatic handling as stated in source"
"B0802","public/index.html","12086","Interface control","box.hidden","(ofc) AND (!box.hidden)","Sets control visibility or availability to true","callback","box.hidden = true","Retained / automatic handling as stated in source"
"B0803","public/index.html","12087","Interface control","box.hidden","(ofc)","Sets control visibility or availability to false","callback","box.hidden = false","Retained / automatic handling as stated in source"
"B0804","public/index.html","12093","Returned status / rejection reason","","(ofc) AND (!list.length)","Returned message / status; caller decides whether it blocks","callback > callback","return '';","Retained / automatic handling as stated in source"
"B0805","public/index.html","12103","Interface control","ofa.disabled","(ofa)","Sets control visibility or availability to true","callback","ofa.disabled = true","Retained / automatic handling as stated in source"
"B0806","public/index.html","12105","Interface control","ofa.disabled","(ofa) AND (!proof)","Sets control visibility or availability to false","callback","ofa.disabled=false","Retained / automatic handling as stated in source"
"B0807","public/index.html","12109","Interface control","ofa.disabled","(ofa)","Sets control visibility or availability to false","callback","ofa.disabled = false","Retained / automatic handling as stated in source"
"B0808","public/index.html","12117","Interface control","box.hidden","(cands) AND (!box.hidden)","Sets control visibility or availability to true","callback","box.hidden = true","Retained / automatic handling as stated in source"
"B0809","public/index.html","12118","Interface control","box.hidden","(cands)","Sets control visibility or availability to false","callback","box.hidden = false","Retained / automatic handling as stated in source"
"B0810","public/index.html","12124","Returned status / rejection reason","","(cands) AND (!list.length)","Returned message / status; caller decides whether it blocks","callback > callback","return '';","Retained / automatic handling as stated in source"
"B0811","public/index.html","12135","Interface control","asg.disabled","(asg)","Sets control visibility or availability to true","callback","asg.disabled = true","Retained / automatic handling as stated in source"
"B0812","public/index.html","12140","Interface control","asg.disabled","(asg)","Sets control visibility or availability to false","callback","asg.disabled = false","Retained / automatic handling as stated in source"
"B0813","public/index.html","12148","Interface control","box.hidden","(srp)","Sets control visibility or availability to false","callback","box.hidden = false","Retained / automatic handling as stated in source"
"B0814","public/index.html","12161","Interface control","srk.disabled","(srk)","Sets control visibility or availability to true","callback","srk.disabled = true","Retained / automatic handling as stated in source"
"B0815","public/index.html","12166","Interface control","srk.disabled","(srk)","Sets control visibility or availability to false","callback","srk.disabled = false","Retained / automatic handling as stated in source"
"B0816","public/index.html","12175","Interface control","sra.disabled","(sra)","Sets control visibility or availability to true","callback","sra.disabled = true","Retained / automatic handling as stated in source"
"B0817","public/index.html","12180","Interface control","sra.disabled","(sra)","Sets control visibility or availability to false","callback","sra.disabled = false","Retained / automatic handling as stated in source"
"B0818","public/index.html","12185","Interface control","esc2.disabled","(esc2)","Sets control visibility or availability to true","callback","esc2.disabled = true","Retained / automatic handling as stated in source"
"B0819","public/index.html","12190","Interface control","esc2.disabled","(esc2)","Sets control visibility or availability to false","callback","esc2.disabled = false","Retained / automatic handling as stated in source"
"B0820","public/index.html","12195","Confirmation","Close this off — what happened? (This is the audit trail, so a plain sentence is right.)","(cbc)","Waits for a person to confirm or enter a value","callback","prompt('Close this off — what happened? (This is the audit trail, so a plain sentence is right.)')","Retained / automatic handling as stated in source"
"B0821","public/index.html","12197","Confirmation","Roughly how many minutes of office time did this one take? (0 if none) · 0","(cbc)","Waits for a person to confirm or enter a value","callback","prompt('Roughly how many minutes of office time did this one take? (0 if none)', '0')","Retained / automatic handling as stated in source"
"B0822","public/index.html","12211","Interface control","e.target.disabled","(e.target && e.target.id === 'sbFill')","Sets control visibility or availability to true","callback","e.target.disabled = true","Retained / automatic handling as stated in source"
"B0823","public/index.html","12217","Interface control","e.target.disabled","(e.target && e.target.id === 'sbFill')","Sets control visibility or availability to false","callback","e.target.disabled = false","Retained / automatic handling as stated in source"
"B0824","public/index.html","12221","Interface control","e.target.disabled","(e.target && e.target.id === 'ocSave')","Sets control visibility or availability to true","callback","e.target.disabled = true","Retained / automatic handling as stated in source"
"B0825","public/index.html","12229","Interface control","e.target.disabled","(e.target && e.target.id === 'ocSave')","Sets control visibility or availability to false","callback","e.target.disabled = false","Retained / automatic handling as stated in source"
"B0826","public/index.html","12239","Interface control","e.target.disabled","(e.target && e.target.id === 'apSave')","Sets control visibility or availability to true","callback","e.target.disabled = true","Retained / automatic handling as stated in source"
"B0827","public/index.html","12250","Interface control","e.target.disabled","(e.target && e.target.id === 'apSave')","Sets control visibility or availability to false","callback","e.target.disabled = false","Retained / automatic handling as stated in source"
"B0828","public/index.html","12277","Returned status / rejection reason","","(!API.me)","Returned message / status; caller decides whether it blocks","vrole","return '';","Retained / automatic handling as stated in source"
"B0829","public/index.html","12284","Interface control","bar.hidden","At this operation","Sets control visibility or availability to !on","actBarSync","bar.hidden = !on","Retained / automatic handling as stated in source"
"B0830","public/index.html","12450","Form / interface constraint","<input type=""email"" id=""accEmail"" required maxlength=""160"" placeholder=""coordinator@example.com"">","At this operation","Required input or conditional control; attribute expression is shown","renderAccessPage","<input type=""email"" id=""accEmail"" required maxlength=""160"" placeholder=""coordinator@example.com"">","Retained / automatic handling as stated in source"
"B0831","public/index.html","12484","Interface control","done.hidden","At this operation","Sets control visibility or availability to false","callback","done.hidden = false","Retained / automatic handling as stated in source"
"B0832","public/index.html","12498","Interface control","box.hidden","(ed) AND (box)","Sets control visibility or availability to !box.hidden","callback","box.hidden = !box.hidden","Retained / automatic handling as stated in source"
"B0833","public/index.html","12565","Form / interface constraint","<input type=""text"" id=""invName"" required maxlength=""80"">","At this operation","Required input or conditional control; attribute expression is shown","renderInvitePage","<input type=""text"" id=""invName"" required maxlength=""80"">","Retained / automatic handling as stated in source"
"B0834","public/index.html","12565","Form / interface constraint","<input type=""email"" id=""invEmail"" required maxlength=""120"" value=""${esc(d.email)}"">","At this operation","Required input or conditional control; attribute expression is shown","renderInvitePage","<input type=""email"" id=""invEmail"" required maxlength=""120"" value=""${esc(d.email)}"">","Retained / automatic handling as stated in source"
"B0835","public/index.html","12565","Form / interface constraint","<input type=""password"" id=""invPw"" required minlength=""8"" autocomplete=""new-password"">","At this operation","Required input or conditional control; attribute expression is shown","renderInvitePage","<input type=""password"" id=""invPw"" required minlength=""8"" autocomplete=""new-password"">","Retained / automatic handling as stated in source"
"B0836","public/index.html","12565","Form / interface constraint","<input type=""checkbox"" id=""invTerms"" required style=""width:18px;height:18px;margin-top:3px;flex:none;"">","At this operation","Required input or conditional control; attribute expression is shown","renderInvitePage","<input type=""checkbox"" id=""invTerms"" required style=""width:18px;height:18px;margin-top:3px;flex:none;"">","Retained / automatic handling as stated in source"
"B0837","public/index.html","12592","Interface control","el.hidden","(el)","Sets control visibility or availability to false","callback","el.hidden = false","Retained / automatic handling as stated in source"
"B0838","public/index.html","12613","Interface control","el.hidden","(el)","Sets control visibility or availability to false","callback","el.hidden = false","Retained / automatic handling as stated in source"
"B0839","public/index.html","12825","Form / interface constraint","<input id=""pjTitleIn"" maxlength=""120"" placeholder=""e.g. Saturday support to get out and about in Sutherland"" value=""${j ? jbv(j.title) : ''}"" required>","At this operation","Required input or conditional control; attribute expression is shown","renderPostJob","<input id=""pjTitleIn"" maxlength=""120"" placeholder=""e.g. Saturday support to get out and about in Sutherland"" value=""${j ? jbv(j.title) : ''}"" required>","Retained / automatic handling as stated in source"
"B0840","public/index.html","12825","Form / interface constraint","<input id=""pjSuburb"" maxlength=""80"" placeholder=""e.g. Illawong NSW"" value=""${j ? jbv(j.suburb) : ''}"" required>","At this operation","Required input or conditional control; attribute expression is shown","renderPostJob","<input id=""pjSuburb"" maxlength=""80"" placeholder=""e.g. Illawong NSW"" value=""${j ? jbv(j.suburb) : ''}"" required>","Retained / automatic handling as stated in source"
"B0841","public/index.html","12825","Form / interface constraint","<input id=""pjHours"" type=""number"" min=""1"" max=""80"" value=""${j ? jbv(j.hours_week) : ''}"" placeholder=""e.g. 6"" required>","At this operation","Required input or conditional control; attribute expression is shown","renderPostJob","<input id=""pjHours"" type=""number"" min=""1"" max=""80"" value=""${j ? jbv(j.hours_week) : ''}"" placeholder=""e.g. 6"" required>","Retained / automatic handling as stated in source"
"B0842","public/index.html","12825","Form / interface constraint","<textarea id=""pjDesc"" rows=""6"" maxlength=""4000"" placeholder=""A typical week, what good support looks like for you, anything that matters — pets, routines, sense of humour…"" required>","At this operation","Required input or conditional control; attribute expression is shown","renderPostJob","<textarea id=""pjDesc"" rows=""6"" maxlength=""4000"" placeholder=""A typical week, what good support looks like for you, anything that matters — pets, routines, sense of humour…"" required>","Retained / automatic handling as stated in source"
"B0843","public/index.html","12966","Returned status / rejection reason","","(!list.length)","Returned message / status; caller decides whether it blocks","seriesCardHtml","return '';","Retained / automatic handling as stated in source"
"B0844","public/index.html","13009","Interface control","box.hidden","(ed) AND (box)","Sets control visibility or availability to !box.hidden","callback","box.hidden = !box.hidden","Retained / automatic handling as stated in source"
"B0845","public/index.html","13045","Interface control","box.hidden","(mv) AND (box)","Sets control visibility or availability to !box.hidden","callback","box.hidden = !box.hidden","Retained / automatic handling as stated in source"
"B0846","public/index.html","13104","Interface control","box.hidden","(open) AND (box) AND (box.hidden)","Sets control visibility or availability to false","callback","box.hidden = false","Retained / automatic handling as stated in source"
"B0847","public/index.html","13105","Interface control","box.hidden","(open) AND (box) AND NOT (box.hidden)","Sets control visibility or availability to true","callback","box.hidden = true","Retained / automatic handling as stated in source"
"B0848","public/index.html","13112","Interface control","box.hidden","(keep) AND (box)","Sets control visibility or availability to true","callback","box.hidden = true","Retained / automatic handling as stated in source"
"B0849","public/index.html","13212","Interface control","$('#stCustomWrap').hidden","(pre) AND NOT (ST.preset !== 'custom')","Sets control visibility or availability to false","callback","$('#stCustomWrap').hidden = false","Retained / automatic handling as stated in source"
"B0850","public/index.html","13224","Interface control","tr.hidden","(op) AND (!tr.hidden)","Sets control visibility or availability to true","callback","tr.hidden = true","Retained / automatic handling as stated in source"
"B0851","public/index.html","13225","Interface control","tr.hidden","(op)","Sets control visibility or availability to false","callback","tr.hidden = false","Retained / automatic handling as stated in source"
"B0852","public/index.html","13246","Returned status / rejection reason","","(b.status !== 'completed')","Returned message / status; caller decides whether it blocks","apprPanelHtml","return '';","Retained / automatic handling as stated in source"
"B0853","public/index.html","13287","Returned status / rejection reason","","At this operation","Returned message / status; caller decides whether it blocks","apprPanelHtml","return '';","Retained / automatic handling as stated in source"
"B0854","public/index.html","13302","Interface control","q.hidden","(ask) AND (q)","Sets control visibility or availability to !q.hidden","callback","q.hidden = !q.hidden","Retained / automatic handling as stated in source"
"B0855","public/index.html","13430","Interface control","sb.hidden","(id === 'secStart' || id === 'secRestart') AND (sb)","Sets control visibility or availability to true","callback","sb.hidden = true","Retained / automatic handling as stated in source"
"B0856","public/index.html","13451","Interface control","el.hidden","(id === 'secConfirmGo') AND (el)","Sets control visibility or availability to false","callback","el.hidden = false","Retained / automatic handling as stated in source"
"B0857","public/index.html","13464","Interface control","w.hidden","(id === 'secRegen' || id === 'secOff') AND (w)","Sets control visibility or availability to false","callback","w.hidden = false","Retained / automatic handling as stated in source"
"B0858","public/index.html","13475","Interface control","$('#secPwWrap').hidden","(id === 'secPwGo') AND NOT (SEC.mode === 'off')","Sets control visibility or availability to true","callback","$('#secPwWrap').hidden = true","Retained / automatic handling as stated in source"
"B0859","public/index.html","13507","Interface control","box.hidden","(box)","Sets control visibility or availability to false","openPlanAckPanel","box.hidden = false","Retained / automatic handling as stated in source"
"B0860","public/index.html","13547","Interface control","panel.querySelector('.ack-nudge').hidden","(!panel.querySelector('.ack-tick').checked)","Sets control visibility or availability to false","callback","panel.querySelector('.ack-nudge').hidden = false","Retained / automatic handling as stated in source"
"B0861","public/index.html","13637","Returned status / rejection reason","<span class=""doc-chip mute"">No longer held</span>","(d.gone)","Returned message / status; caller decides whether it blocks","docChips","return '<span class=""doc-chip mute"">No longer held</span>';","Retained / automatic handling as stated in source"
"B0862","public/index.html","13646","Returned status / rejection reason","","(!att)","Returned message / status; caller decides whether it blocks","msgAttHtml","return '';","Retained / automatic handling as stated in source"
"B0863","public/index.html","13652","Returned status / rejection reason","<p class=""muted-sm"">You have access to messages on this account but not to <b>documents</b> — so you can write here, but not attach. Ask them to tick the documents box on People with access if that should change.</p>","(API.me && API.me.role === 'coordinator' && !((d && d.documents) || []).length && d && d.no_scope)","Returned message / status; caller decides whether it blocks","attEmptyHtml","return '<p class=""muted-sm"">You have access to messages on this account but not to <b>documents</b> — so you can write here, but not attach. Ask them to tick the documents box on People with access if that should change.</p>';","Retained / automatic handling as stated in source"
"B0864","public/index.html","13654","Returned status / rejection reason","<p class=""muted-sm"">Nothing to attach yet. Upload your certificates and checks on your <b>Bookings page</b> and they appear here, with their verification status carried along.</p>","(API.me && API.me.role === 'worker')","Returned message / status; caller decides whether it blocks","attEmptyHtml","return '<p class=""muted-sm"">Nothing to attach yet. Upload your certificates and checks on your <b>Bookings page</b> and they appear here, with their verification status carried along.</p>';","Retained / automatic handling as stated in source"
"B0865","public/index.html","13655","Returned status / rejection reason","<p class=""muted-sm"">Nothing to attach yet. Documents you add under <b>My documents</b> on your Bookings page appear here.</p>","At this operation","Returned message / status; caller decides whether it blocks","attEmptyHtml","return '<p class=""muted-sm"">Nothing to attach yet. Documents you add under <b>My documents</b> on your Bookings page appear here.</p>';","Retained / automatic handling as stated in source"
"B0866","public/index.html","13693","Interface control","$('#attStaged').hidden","At this operation","Sets control visibility or availability to false","attStage","$('#attStaged').hidden = false","Retained / automatic handling as stated in source"
"B0867","public/index.html","13699","Interface control","$('#attStaged').hidden","At this operation","Sets control visibility or availability to true","attClear","$('#attStaged').hidden = true","Retained / automatic handling as stated in source"
"B0868","public/index.html","13722","Interface control","$('#msgSearchClear').hidden","At this operation","Sets control visibility or availability to !ATT.q","msgSearchNow","$('#msgSearchClear').hidden = !ATT.q","Retained / automatic handling as stated in source"
"B0869","public/index.html","13725","Interface control","$('#msgSearchWrap').hidden","(!ATT.q)","Sets control visibility or availability to true","msgSearchNow","$('#msgSearchWrap').hidden = true","Retained / automatic handling as stated in source"
"B0870","public/index.html","13726","Interface control","$('#convoList').hidden","(!ATT.q)","Sets control visibility or availability to false","msgSearchNow","$('#convoList').hidden = false","Retained / automatic handling as stated in source"
"B0871","public/index.html","13741","Interface control","$('#msgSearchWrap').hidden","At this operation","Sets control visibility or availability to false","renderMsgResults","$('#msgSearchWrap').hidden = false","Retained / automatic handling as stated in source"
"B0872","public/index.html","13742","Interface control","$('#convoList').hidden","At this operation","Sets control visibility or availability to true","renderMsgResults","$('#convoList').hidden = true","Retained / automatic handling as stated in source"
"B0873","public/index.html","14004","Interface control","out.hidden","(!out.hidden)","Sets control visibility or availability to true","trOpenModule","out.hidden = true","Retained / automatic handling as stated in source"
"B0874","public/index.html","14005","Interface control","out.hidden","At this operation","Sets control visibility or availability to false","trOpenModule","out.hidden = false","Retained / automatic handling as stated in source"
"B0875","public/index.html","14049","Interface control","box.hidden","At this operation","Sets control visibility or availability to false","callback","box.hidden = false","Retained / automatic handling as stated in source"
"B0876","public/index.html","14052","Interface control","w.hidden","At this operation","Sets control visibility or availability to true","callback > callback","w.hidden = true","Retained / automatic handling as stated in source"
"B0877","public/index.html","14056","Interface control","why.hidden","(why)","Sets control visibility or availability to false","callback","why.hidden = false","Retained / automatic handling as stated in source"
"B0878","public/index.html","14080","Interface control","host.hidden","At this operation","Sets control visibility or availability to true","renderTrainingMatrix","host.hidden = true","Retained / automatic handling as stated in source"
"B0879","public/index.html","14081","Interface control","host.hidden","At this operation","Sets control visibility or availability to false","renderTrainingMatrix","host.hidden = false","Retained / automatic handling as stated in source"
"B0880","public/index.html","14135","Error / validation","Settings timed out","At this operation","Request rejected or operation failed","renderAccountPage > callback > callback","reject(new Error('Settings timed out'))","Retained / automatic handling as stated in source"
"B0881","public/index.html","14173","Form / interface constraint","<input type=""checkbox"" data-not-kind=""${esc(k.key)}"" ${k.on ? 'checked' : ''} ${k.optional ? '' : 'disabled'} style=""margin-top:3px;"">","(nots)","Required input or conditional control; attribute expression is shown","renderAccountContent","<input type=""checkbox"" data-not-kind=""${esc(k.key)}"" ${k.on ? 'checked' : ''} ${k.optional ? '' : 'disabled'} style=""margin-top:3px;"">","Retained / automatic handling as stated in source"
"B0882","public/index.html","14177","Form / interface constraint","<input type=""checkbox"" data-not-kind=""${esc(k.key)}"" ${k.on ? 'checked' : ''} ${k.optional ? '' : 'disabled'} style=""margin-top:3px;"">","(nots)","Required input or conditional control; attribute expression is shown","renderAccountContent > callback","<input type=""checkbox"" data-not-kind=""${esc(k.key)}"" ${k.on ? 'checked' : ''} ${k.optional ? '' : 'disabled'} style=""margin-top:3px;"">","Retained / automatic handling as stated in source"
"B0883","public/index.html","14295","Form / interface constraint","<input id=""profPhotoFile"" type=""file"" accept="".jpg,.jpeg,.png"" hidden>","At this operation","Required input or conditional control; attribute expression is shown","renderAccountContent","<input id=""profPhotoFile"" type=""file"" accept="".jpg,.jpeg,.png"" hidden>","Retained / automatic handling as stated in source"
"B0884","public/index.html","14303","Form / interface constraint","<input id=""profPhotoFile"" type=""file"" accept="".jpg,.jpeg,.png"" hidden>","(canPhoto)","Required input or conditional control; attribute expression is shown","renderAccountContent","<input id=""profPhotoFile"" type=""file"" accept="".jpg,.jpeg,.png"" hidden>","Retained / automatic handling as stated in source"
"B0885","public/index.html","14490","Returned status / rejection reason","· <span class=""muted-sm"">available soon</span>","(x.sign === 'click') AND (!url)","Returned message / status; caller decides whether it blocks","renderPdocsMini > callback > callback","return ' · <span class=""muted-sm"">available soon</span>';","Retained / automatic handling as stated in source"
"B0886","public/index.html","14494","Returned status / rejection reason","· <span class=""muted-sm"">a photo or PDF of the plan the NDIA sent you — use <b>Add a document</b> below; our office checks it before your first shift</span>","(x.key === 'p-ndis-plan')","Returned message / status; caller decides whether it blocks","renderPdocsMini > callback > callback","return ' · <span class=""muted-sm"">a photo or PDF of the plan the NDIA sent you — use <b>Add a document</b> below; our office checks it before your first shift</span>';","Retained / automatic handling as stated in source"
"B0887","public/index.html","14496","Returned status / rejection reason","· <span class=""muted-sm"">our office fills this in with you, on screen</span>","(x.screen && x.screen.who === 'office')","Returned message / status; caller decides whether it blocks","renderPdocsMini > callback > callback","return ' · <span class=""muted-sm"">our office fills this in with you, on screen</span>';","Retained / automatic handling as stated in source"
"B0888","public/index.html","14503","Returned status / rejection reason","","(!items.length)","Returned message / status; caller decides whether it blocks","renderPdocsMini > callback","return '';","Retained / automatic handling as stated in source"
"B0889","public/index.html","14689","Interface control","e.target.disabled","(id === 'mpdAdd')","Sets control visibility or availability to true","callback","e.target.disabled = true","Retained / automatic handling as stated in source"
"B0890","public/index.html","14692","Interface control","e.target.disabled","(id === 'mpdAdd') AND (!file)","Sets control visibility or availability to false","callback","e.target.disabled = false","Retained / automatic handling as stated in source"
"B0891","public/index.html","14695","Interface control","e.target.disabled","(id === 'mpdAdd') AND (file.mime === 'application/pdf' && file.data.length > 5_400_000)","Sets control visibility or availability to false","callback","e.target.disabled = false","Retained / automatic handling as stated in source"
"B0892","public/index.html","14700","Interface control","e.target.disabled","(id === 'mpdAdd')","Sets control visibility or availability to false","callback","e.target.disabled = false","Retained / automatic handling as stated in source"
"B0893","public/index.html","14732","Interface control","pagg.disabled","(pagg)","Sets control visibility or availability to true","callback","pagg.disabled = true","Retained / automatic handling as stated in source"
"B0894","public/index.html","14737","Interface control","pagg.disabled","(pagg)","Sets control visibility or availability to false","callback","pagg.disabled = false","Retained / automatic handling as stated in source"
"B0895","public/index.html","14773","Interface control","e.target.disabled","(id === 'svyGo')","Sets control visibility or availability to true","callback","e.target.disabled = true","Retained / automatic handling as stated in source"
"B0896","public/index.html","14778","Interface control","e.target.disabled","(id === 'svyGo')","Sets control visibility or availability to false","callback","e.target.disabled = false","Retained / automatic handling as stated in source"
"B0897","public/index.html","14786","Interface control","errEl.hidden","(id === 'detGo') AND (errEl)","Sets control visibility or availability to true","callback","errEl.hidden = true","Retained / automatic handling as stated in source"
"B0898","public/index.html","14792","Interface control","errEl.hidden","(id === 'detGo') AND (errEl)","Sets control visibility or availability to false","callback","errEl.hidden = false","Retained / automatic handling as stated in source"
"B0899","public/index.html","14799","Interface control","errEl.hidden","(id === 'pwGo')","Sets control visibility or availability to true","callback","errEl.hidden = true","Retained / automatic handling as stated in source"
"B0900","public/index.html","14802","Interface control","errEl.hidden","(id === 'pwGo')","Sets control visibility or availability to false","callback","errEl.hidden = false","Retained / automatic handling as stated in source"
"B0901","public/index.html","14811","Interface control","vn.hidden","(id === 'pauseGo') AND (vn && r.note)","Sets control visibility or availability to false","callback","vn.hidden = false","Retained / automatic handling as stated in source"
"B0902","public/index.html","14830","Interface control","$('#payConfirm').hidden","(id === 'payGo')","Sets control visibility or availability to true","callback","$('#payConfirm').hidden = true","Retained / automatic handling as stated in source"
"B0903","public/index.html","14838","Interface control","box.hidden","(id === 'payGo') AND (err.data && err.data.needs_confirm)","Sets control visibility or availability to false","callback","box.hidden = false","Retained / automatic handling as stated in source"
"B0904","public/index.html","14895","Returned status / rejection reason","","(!m)","Returned message / status; caller decides whether it blocks","auToISO","return '';","Retained / automatic handling as stated in source"
"B0905","public/index.html","14898","Returned status / rejection reason","","(mo < 1 || mo > 12 || d < 1 || d > 31)","Returned message / status; caller decides whether it blocks","auToISO","return '';","Retained / automatic handling as stated in source"
"B0906","public/index.html","14900","Returned status / rejection reason","","(dt.getFullYear() !== y || dt.getMonth() !== mo - 1 || dt.getDate() !== d)","Returned message / status; caller decides whether it blocks","auToISO","return '';","Retained / automatic handling as stated in source"
"B0907","public/index.html","14959","Returned status / rejection reason","<span class=""adm-badge"" style=""color:#6B7590;border-color:#DCD5C9;"">replaced</span>","(superseded)","Returned message / status; caller decides whether it blocks","stageChip","return '<span class=""adm-badge"" style=""color:#6B7590;border-color:#DCD5C9;"">replaced</span>';","Retained / automatic handling as stated in source"
"B0908","public/index.html","14960","Returned status / rejection reason","<span class=""adm-badge"" style=""background:#FCE9E3;border-color:#C8462E;color:#C8462E;"">EXPIRED</span>","(dd.status === 'expired')","Returned message / status; caller decides whether it blocks","stageChip","return '<span class=""adm-badge"" style=""background:#FCE9E3;border-color:#C8462E;color:#C8462E;"">EXPIRED</span>';","Retained / automatic handling as stated in source"
"B0909","public/index.html","14967","Returned status / rejection reason","<span class=""adm-badge"" style=""background:#E1F3E7;border-color:#1F7A4D;color:#1F7A4D;"">current ✓</span>","(dd.status === 'valid')","Returned message / status; caller decides whether it blocks","stageChip","return '<span class=""adm-badge"" style=""background:#E1F3E7;border-color:#1F7A4D;color:#1F7A4D;"">current ✓</span>';","Retained / automatic handling as stated in source"
"B0910","public/index.html","14968","Returned status / rejection reason","<span class=""adm-badge"">no expiry set</span>","At this operation","Returned message / status; caller decides whether it blocks","stageChip","return '<span class=""adm-badge"">no expiry set</span>';","Retained / automatic handling as stated in source"
"B0911","public/index.html","15032","Interface control","host.hidden","At this operation","Sets control visibility or availability to true","renderDocRequestsCard","host.hidden = true","Retained / automatic handling as stated in source"
"B0912","public/index.html","15033","Interface control","host.hidden","At this operation","Sets control visibility or availability to false","renderDocRequestsCard","host.hidden = false","Retained / automatic handling as stated in source"
"B0913","public/index.html","15132","Interface control","svi.disabled","(svi)","Sets control visibility or availability to true","callback","svi.disabled = true","Retained / automatic handling as stated in source"
"B0914","public/index.html","15134","Interface control","svi.disabled","(svi)","Sets control visibility or availability to false","callback","svi.disabled = false","Retained / automatic handling as stated in source"
"B0915","public/index.html","15147","Confirmation","Mark this support plan as reviewed by you? It records your name and today's date on the plan, and lifts the first-booking hold.","(prv) AND (!confirm('Mark this support plan as reviewed by you? It records your name and today\'s date on the plan, and lifts the first-booking hold.'))","Waits for a person to confirm or enter a value","callback","confirm('Mark this support plan as reviewed by you? It records your name and today\'s date on the plan, and lifts the first-booking hold.')","Retained / automatic handling as stated in source"
"B0916","public/index.html","15148","Interface control","prv.disabled","(prv)","Sets control visibility or availability to true","callback","prv.disabled = true","Retained / automatic handling as stated in source"
"B0917","public/index.html","15150","Interface control","prv.disabled","(prv)","Sets control visibility or availability to false","callback","prv.disabled = false","Retained / automatic handling as stated in source"
"B0918","public/index.html","15312","Access / decision gate","t.canPlayType('video/webm; codecs=""vp9""')","(t.canPlayType && t.canPlayType('video/webm; codecs=""vp9""'))","Checks access or an operation precondition; inspect the referenced helper","callback > callback","t.canPlayType('video/webm; codecs=""vp9""')","Retained / automatic handling as stated in source"
"B0919","public/index.html","15498","Interface control","x.hidden","(go)","Sets control visibility or availability to go.dataset.spSectionGo!=='all'&&x.dataset.spSection!==go.dataset.spSectionGo","callback > callback","x.hidden=go.dataset.spSectionGo!=='all'&&x.dataset.spSection!==go.dataset.spSectionGo","Retained / automatic handling as stated in source"
"B0920","public/index.html","15500","Error / validation","Review and confirm the answers.","(event.target.id==='spReviewConflict'&&SP_CONFLICT) AND (!d.querySelector('[data-keep]').checked)","Stops this operation and propagates an error","callback > callback","throw Error('Review and confirm the answers.');","Retained / automatic handling as stated in source"
"B0921","public/index.html","2840","HTML input / control","<input name=""date"" type=""date"" required>","Static or template condition shown in attribute","Required input or unavailable control","HTML","<input name=""date"" type=""date"" required>","Retained / automatic handling as stated in source"
"B0922","public/index.html","2841","HTML input / control","<input name=""start"" type=""time"" required value=""09:00"">","Static or template condition shown in attribute","Required input or unavailable control","HTML","<input name=""start"" type=""time"" required value=""09:00"">","Retained / automatic handling as stated in source"
"B0923","public/index.html","2842","HTML input / control","<input name=""hours"" type=""number"" min=""0.25"" max=""10"" step=""0.25"" required value=""2"">","Static or template condition shown in attribute","Required input or unavailable control","HTML","<input name=""hours"" type=""number"" min=""0.25"" max=""10"" step=""0.25"" required value=""2"">","Retained / automatic handling as stated in source"
"B0924","public/index.html","2909","HTML input / control","<button type=""button"" id=""filterClear"" class=""filter-clear"" hidden>","Static or template condition shown in attribute","Required input or unavailable control","HTML","<button type=""button"" id=""filterClear"" class=""filter-clear"" hidden>","Retained / automatic handling as stated in source"
"B0925","public/index.html","3327","HTML input / control","<input id=""cName"" type=""text"" required autocomplete=""name"">","Static or template condition shown in attribute","Required input or unavailable control","HTML","<input id=""cName"" type=""text"" required autocomplete=""name"">","Retained / automatic handling as stated in source"
"B0926","public/index.html","3328","HTML input / control","<input id=""cEmail"" type=""email"" required autocomplete=""email"">","Static or template condition shown in attribute","Required input or unavailable control","HTML","<input id=""cEmail"" type=""email"" required autocomplete=""email"">","Retained / automatic handling as stated in source"
"B0927","public/index.html","3335","HTML input / control","<textarea id=""cMsg"" rows=""5"" required>","Static or template condition shown in attribute","Required input or unavailable control","HTML","<textarea id=""cMsg"" rows=""5"" required>","Retained / automatic handling as stated in source"
"B0928","public/index.html","3448","HTML input / control","<input id=""pName"" type=""text"" required autocomplete=""name"">","Static or template condition shown in attribute","Required input or unavailable control","HTML","<input id=""pName"" type=""text"" required autocomplete=""name"">","Retained / automatic handling as stated in source"
"B0929","public/index.html","3449","HTML input / control","<input id=""pEmail"" type=""email"" required autocomplete=""email"">","Static or template condition shown in attribute","Required input or unavailable control","HTML","<input id=""pEmail"" type=""email"" required autocomplete=""email"">","Retained / automatic handling as stated in source"
"B0930","public/index.html","3451","HTML input / control","<input id=""pPostcode"" type=""text"" required>","Static or template condition shown in attribute","Required input or unavailable control","HTML","<input id=""pPostcode"" type=""text"" required>","Retained / automatic handling as stated in source"
"B0931","public/index.html","3500","HTML input / control","<input type=""checkbox"" id=""pTerms"" required style=""width:18px;height:18px;margin-top:3px;flex:none;"">","Static or template condition shown in attribute","Required input or unavailable control","HTML","<input type=""checkbox"" id=""pTerms"" required style=""width:18px;height:18px;margin-top:3px;flex:none;"">","Retained / automatic handling as stated in source"
"B0932","public/index.html","3514","HTML input / control","<input id=""wName"" type=""text"" required autocomplete=""name"">","Static or template condition shown in attribute","Required input or unavailable control","HTML","<input id=""wName"" type=""text"" required autocomplete=""name"">","Retained / automatic handling as stated in source"
"B0933","public/index.html","3515","HTML input / control","<input id=""wEmail"" type=""email"" required autocomplete=""email"">","Static or template condition shown in attribute","Required input or unavailable control","HTML","<input id=""wEmail"" type=""email"" required autocomplete=""email"">","Retained / automatic handling as stated in source"
"B0934","public/index.html","3517","HTML input / control","<input id=""wPostcode"" type=""text"" required>","Static or template condition shown in attribute","Required input or unavailable control","HTML","<input id=""wPostcode"" type=""text"" required>","Retained / automatic handling as stated in source"
"B0935","public/index.html","3541","HTML input / control","<input type=""checkbox"" id=""wTerms"" required style=""width:18px;height:18px;margin-top:3px;flex:none;"">","Static or template condition shown in attribute","Required input or unavailable control","HTML","<input type=""checkbox"" id=""wTerms"" required style=""width:18px;height:18px;margin-top:3px;flex:none;"">","Retained / automatic handling as stated in source"
"B0936","public/index.html","4048","HTML input / control","<input id=""rfName"" name=""coordinator"" required>","Static or template condition shown in attribute","Required input or unavailable control","HTML","<input id=""rfName"" name=""coordinator"" required>","Retained / automatic handling as stated in source"
"B0937","public/index.html","4050","HTML input / control","<input id=""rfEmail"" name=""email"" type=""email"" required>","Static or template condition shown in attribute","Required input or unavailable control","HTML","<input id=""rfEmail"" name=""email"" type=""email"" required>","Retained / automatic handling as stated in source"
"B0938","public/index.html","4052","HTML input / control","<input id=""rfPart"" name=""participant"" required>","Static or template condition shown in attribute","Required input or unavailable control","HTML","<input id=""rfPart"" name=""participant"" required>","Retained / automatic handling as stated in source"
"B0939","public/index.html","4055","HTML input / control","<textarea id=""rfSup"" name=""supports"" rows=""3"" required>","Static or template condition shown in attribute","Required input or unavailable control","HTML","<textarea id=""rfSup"" name=""supports"" rows=""3"" required>","Retained / automatic handling as stated in source"
"B0940","public/index.html","4166","HTML input / control","<button type=""button"" id=""msgSearchClear"" hidden aria-label=""Clear search"">","Static or template condition shown in attribute","Required input or unavailable control","HTML","<button type=""button"" id=""msgSearchClear"" hidden aria-label=""Clear search"">","Retained / automatic handling as stated in source"
"B0941","public/index.html","4210","HTML input / control","<button type=""button"" class=""att-clip"" id=""attClip"" hidden aria-label=""Attach a document"" title=""Attach a document you already hold on The Care Web"">","Static or template condition shown in attribute","Required input or unavailable control","HTML","<button type=""button"" class=""att-clip"" id=""attClip"" hidden aria-label=""Attach a document"" title=""Attach a document you already hold on The Care Web"">","Retained / automatic handling as stated in source"
"B0942","public/index.html","4637","HTML input / control","<input type=""password"" id=""resetPw"" required minlength=""8"" autocomplete=""new-password"">","Static or template condition shown in attribute","Required input or unavailable control","HTML","<input type=""password"" id=""resetPw"" required minlength=""8"" autocomplete=""new-password"">","Retained / automatic handling as stated in source"
"B0943","public/index.html","4638","HTML input / control","<input type=""password"" id=""resetPw2"" required minlength=""8"" autocomplete=""new-password"">","Static or template condition shown in attribute","Required input or unavailable control","HTML","<input type=""password"" id=""resetPw2"" required minlength=""8"" autocomplete=""new-password"">","Retained / automatic handling as stated in source"
"B0944","public/index.html","4840","HTML input / control","<input type=""email"" id=""loginEmail"" required autocomplete=""email"">","Static or template condition shown in attribute","Required input or unavailable control","HTML","<input type=""email"" id=""loginEmail"" required autocomplete=""email"">","Retained / automatic handling as stated in source"
"B0945","public/index.html","4841","HTML input / control","<input type=""password"" id=""loginPw"" required autocomplete=""current-password"">","Static or template condition shown in attribute","Required input or unavailable control","HTML","<input type=""password"" id=""loginPw"" required autocomplete=""current-password"">","Retained / automatic handling as stated in source"
"B0946","public/index.html","4855","HTML input / control","<input type=""email"" id=""forgotEmail"" required autocomplete=""email"">","Static or template condition shown in attribute","Required input or unavailable control","HTML","<input type=""email"" id=""forgotEmail"" required autocomplete=""email"">","Retained / automatic handling as stated in source"
"B0947","public/index.html","4872","HTML input / control","<select id=""bkService"" required>","Static or template condition shown in attribute","Required input or unavailable control","HTML","<select id=""bkService"" required>","Retained / automatic handling as stated in source"
"B0948","public/index.html","4873","HTML input / control","<input id=""bkDate"" type=""date"" required>","Static or template condition shown in attribute","Required input or unavailable control","HTML","<input id=""bkDate"" type=""date"" required>","Retained / automatic handling as stated in source"
"B0949","public/index.html","4874","HTML input / control","<input id=""bkStart"" type=""time"" value=""09:00"" required>","Static or template condition shown in attribute","Required input or unavailable control","HTML","<input id=""bkStart"" type=""time"" value=""09:00"" required>","Retained / automatic handling as stated in source"
"B0950","public/index.html","7312","HTML input / control","<textarea id=""rmReason"" rows=""3"" required minlength=""20"" style=""width:100%;font:inherit;padding:8px 10px;border:1.5px solid #E2E0DA;border-radius:10px;"" placeholder=""e.g. Trial shift used to test the site on 30 August, not a real support."">","Static or template condition shown in attribute","Required input or unavailable control","HTML","<textarea id=""rmReason"" rows=""3"" required minlength=""20"" style=""width:100%;font:inherit;padding:8px 10px;border:1.5px solid #E2E0DA;border-radius:10px;"" placeholder=""e.g. Trial shift used to test the site on 30 August, not a real support."">","Retained / automatic handling as stated in source"
"B0951","public/index.html","7456","HTML input / control","<input type=""file"" name=""files"" accept="".docx,.pdf"" multiple required style=""font-size:.85rem;"">","Static or template condition shown in attribute","Required input or unavailable control","HTML","<input type=""file"" name=""files"" accept="".docx,.pdf"" multiple required style=""font-size:.85rem;"">","Retained / automatic handling as stated in source"
"B0952","public/index.html","7520","HTML input / control","<input name=""title"" placeholder=""A file added to the folder: its name"" required style=""${inp}min-width:220px;"">","Static or template condition shown in attribute","Required input or unavailable control","HTML","<input name=""title"" placeholder=""A file added to the folder: its name"" required style=""${inp}min-width:220px;"">","Retained / automatic handling as stated in source"
"B0953","public/index.html","7521","HTML input / control","<input name=""url"" placeholder=""its https:// link"" required style=""${inp}min-width:260px;"">","Static or template condition shown in attribute","Required input or unavailable control","HTML","<input name=""url"" placeholder=""its https:// link"" required style=""${inp}min-width:260px;"">","Retained / automatic handling as stated in source"
"B0954","public/index.html","8561","HTML input / control","<textarea class=""note-scope-detail"" rows=""2"" maxlength=""4000"" hidden style=""margin-top:9px;"" placeholder=""What were you asked to do? We'll follow it up — you're not in trouble for telling us."">","Static or template condition shown in attribute","Required input or unavailable control","HTML","<textarea class=""note-scope-detail"" rows=""2"" maxlength=""4000"" hidden style=""margin-top:9px;"" placeholder=""What were you asked to do? We'll follow it up — you're not in trouble for telling us."">","Retained / automatic handling as stated in source"
"B0955","public/index.html","8573","HTML input / control","<button class=""btn btn-primary btn-sm"" type=""button"" disabled aria-disabled=""true"" title=""Finish your training first"">","Static or template condition shown in attribute","Required input or unavailable control","HTML","<button class=""btn btn-primary btn-sm"" type=""button"" disabled aria-disabled=""true"" title=""Finish your training first"">","Retained / automatic handling as stated in source"
"B0956","public/index.html","9574","HTML input / control","<input type=""checkbox"" data-scr-linked=""${w.id}"" ${w.linked?'checked disabled':''}>","Static or template condition shown in attribute","Required input or unavailable control","HTML","<input type=""checkbox"" data-scr-linked=""${w.id}"" ${w.linked?'checked disabled':''}>","Retained / automatic handling as stated in source"
"B0957","public/index.html","10257","HTML input / control","<button class=""adm-btn-sm"" id=""admRunClaims"" type=""button"" ${cl.ready_count?'':'disabled'}>","Static or template condition shown in attribute","Required input or unavailable control","HTML","<button class=""adm-btn-sm"" id=""admRunClaims"" type=""button"" ${cl.ready_count?'':'disabled'}>","Retained / automatic handling as stated in source"
"B0958","public/index.html","10394","HTML input / control","<input name=""name"" placeholder=""Full name"" required style=""${inpStyle}"">","Static or template condition shown in attribute","Required input or unavailable control","HTML","<input name=""name"" placeholder=""Full name"" required style=""${inpStyle}"">","Retained / automatic handling as stated in source"
"B0959","public/index.html","10394","HTML input / control","<input name=""email"" type=""email"" placeholder=""Email"" required style=""${inpStyle}"">","Static or template condition shown in attribute","Required input or unavailable control","HTML","<input name=""email"" type=""email"" placeholder=""Email"" required style=""${inpStyle}"">","Retained / automatic handling as stated in source"
"B0960","public/index.html","10397","HTML input / control","<input name=""consent"" placeholder=""Consent, in words: who agreed, on the phone, on what date"" required style=""${inpStyle}"">","Static or template condition shown in attribute","Required input or unavailable control","HTML","<input name=""consent"" placeholder=""Consent, in words: who agreed, on the phone, on what date"" required style=""${inpStyle}"">","Retained / automatic handling as stated in source"
"B0961","public/index.html","10404","HTML input / control","<input name=""pid"" type=""number"" min=""1"" placeholder=""Participant #"" required style=""${inpStyle}"">","Static or template condition shown in attribute","Required input or unavailable control","HTML","<input name=""pid"" type=""number"" min=""1"" placeholder=""Participant #"" required style=""${inpStyle}"">","Retained / automatic handling as stated in source"
"B0962","public/index.html","10416","HTML input / control","<input name=""ids"" placeholder=""Booking numbers, e.g. 412, 413"" required style=""${inpStyle};min-width:220px;"">","Static or template condition shown in attribute","Required input or unavailable control","HTML","<input name=""ids"" placeholder=""Booking numbers, e.g. 412, 413"" required style=""${inpStyle};min-width:220px;"">","Retained / automatic handling as stated in source"
"B0963","public/index.html","11126","HTML input / control","<button type=""button"" data-cw-up=""${w.id}"" ${i === 0 ? 'disabled' : ''} aria-label=""Move ${esc(w.name)} up"">","Static or template condition shown in attribute","Required input or unavailable control","HTML","<button type=""button"" data-cw-up=""${w.id}"" ${i === 0 ? 'disabled' : ''} aria-label=""Move ${esc(w.name)} up"">","Retained / automatic handling as stated in source"
"B0964","public/index.html","11127","HTML input / control","<button type=""button"" data-cw-down=""${w.id}"" ${i === web.length - 1 ? 'disabled' : ''} aria-label=""Move ${esc(w.name)} down"">","Static or template condition shown in attribute","Required input or unavailable control","HTML","<button type=""button"" data-cw-down=""${w.id}"" ${i === web.length - 1 ? 'disabled' : ''} aria-label=""Move ${esc(w.name)} down"">","Retained / automatic handling as stated in source"
"B0965","public/index.html","12455","HTML input / control","<input type=""email"" id=""accEmail"" required maxlength=""160"" placeholder=""coordinator@example.com"">","Static or template condition shown in attribute","Required input or unavailable control","HTML","<input type=""email"" id=""accEmail"" required maxlength=""160"" placeholder=""coordinator@example.com"">","Retained / automatic handling as stated in source"
"B0966","public/index.html","12569","HTML input / control","<input type=""text"" id=""invName"" required maxlength=""80"">","Static or template condition shown in attribute","Required input or unavailable control","HTML","<input type=""text"" id=""invName"" required maxlength=""80"">","Retained / automatic handling as stated in source"
"B0967","public/index.html","12570","HTML input / control","<input type=""email"" id=""invEmail"" required maxlength=""120"" value=""${esc(d.email)}"">","Static or template condition shown in attribute","Required input or unavailable control","HTML","<input type=""email"" id=""invEmail"" required maxlength=""120"" value=""${esc(d.email)}"">","Retained / automatic handling as stated in source"
"B0968","public/index.html","12571","HTML input / control","<input type=""password"" id=""invPw"" required minlength=""8"" autocomplete=""new-password"">","Static or template condition shown in attribute","Required input or unavailable control","HTML","<input type=""password"" id=""invPw"" required minlength=""8"" autocomplete=""new-password"">","Retained / automatic handling as stated in source"
"B0969","public/index.html","12573","HTML input / control","<input type=""checkbox"" id=""invTerms"" required style=""width:18px;height:18px;margin-top:3px;flex:none;"">","Static or template condition shown in attribute","Required input or unavailable control","HTML","<input type=""checkbox"" id=""invTerms"" required style=""width:18px;height:18px;margin-top:3px;flex:none;"">","Retained / automatic handling as stated in source"
"B0970","public/index.html","12828","HTML input / control","<input id=""pjTitleIn"" maxlength=""120"" placeholder=""e.g. Saturday support to get out and about in Sutherland"" value=""${j ? jbv(j.title) : ''}"" required>","Static or template condition shown in attribute","Required input or unavailable control","HTML","<input id=""pjTitleIn"" maxlength=""120"" placeholder=""e.g. Saturday support to get out and about in Sutherland"" value=""${j ? jbv(j.title) : ''}"" required>","Retained / automatic handling as stated in source"
"B0971","public/index.html","12835","HTML input / control","<input id=""pjSuburb"" maxlength=""80"" placeholder=""e.g. Illawong NSW"" value=""${j ? jbv(j.suburb) : ''}"" required>","Static or template condition shown in attribute","Required input or unavailable control","HTML","<input id=""pjSuburb"" maxlength=""80"" placeholder=""e.g. Illawong NSW"" value=""${j ? jbv(j.suburb) : ''}"" required>","Retained / automatic handling as stated in source"
"B0972","public/index.html","12845","HTML input / control","<input id=""pjHours"" type=""number"" min=""1"" max=""80"" value=""${j ? jbv(j.hours_week) : ''}"" placeholder=""e.g. 6"" required>","Static or template condition shown in attribute","Required input or unavailable control","HTML","<input id=""pjHours"" type=""number"" min=""1"" max=""80"" value=""${j ? jbv(j.hours_week) : ''}"" placeholder=""e.g. 6"" required>","Retained / automatic handling as stated in source"
"B0973","public/index.html","12850","HTML input / control","<textarea id=""pjDesc"" rows=""6"" maxlength=""4000"" placeholder=""A typical week, what good support looks like for you, anything that matters — pets, routines, sense of humour…"" required>","Static or template condition shown in attribute","Required input or unavailable control","HTML","<textarea id=""pjDesc"" rows=""6"" maxlength=""4000"" placeholder=""A typical week, what good support looks like for you, anything that matters — pets, routines, sense of humour…"" required>","Retained / automatic handling as stated in source"
"B0974","public/index.html","14179","HTML input / control","<input type=""checkbox"" data-not-kind=""${esc(k.key)}"" ${k.on ? 'checked' : ''} ${k.optional ? '' : 'disabled'} style=""margin-top:3px;"">","Static or template condition shown in attribute","Required input or unavailable control","HTML","<input type=""checkbox"" data-not-kind=""${esc(k.key)}"" ${k.on ? 'checked' : ''} ${k.optional ? '' : 'disabled'} style=""margin-top:3px;"">","Retained / automatic handling as stated in source"
"B0975","public/index.html","14305","HTML input / control","<input id=""profPhotoFile"" type=""file"" accept="".jpg,.jpeg,.png"" hidden>","Static or template condition shown in attribute","Required input or unavailable control","HTML","<input id=""profPhotoFile"" type=""file"" accept="".jpg,.jpeg,.png"" hidden>","Retained / automatic handling as stated in source"
"B0976","server.js","17","Access / decision gate","BOOKIT_HARDENING.assertProductionEnvironment({ rootDir: __dirname })","At this operation","Checks access or an operation precondition; inspect the referenced helper","module","BOOKIT_HARDENING.assertProductionEnvironment({ rootDir: __dirname })","Retained / automatic handling as stated in source"
"B0977","server.js","1045","Database constraint","CHECK (role IN ('participant','worker'))","(usrDef && !usrDef.sql.includes(""'coordinator'""))","SQLite rejects data that fails this declared CHECK constraint","module","""CHECK (role IN ('participant','worker'))""","Retained / automatic handling as stated in source"
"B0978","server.js","1045","Database constraint","CHECK (role IN ('participant','worker','coordinator'))","(usrDef && !usrDef.sql.includes(""'coordinator'""))","SQLite rejects data that fails this declared CHECK constraint","module","""CHECK (role IN ('participant','worker','coordinator'))""","Retained / automatic handling as stated in source"
"B0979","server.js","1474","Error / validation","e","At this operation","Request rejected or operation failed","jobRun","fail(e)","Retained / automatic handling as stated in source"
"B0980","server.js","1511","Returned status / rejection reason","","(!dueIso)","Returned message / status; caller decides whether it blocks","clockStage","return '';","Retained / automatic handling as stated in source"
"B0981","server.js","1520","Returned status / rejection reason","urgent","(elapsed >= CLOCK.urgent_at)","Returned message / status; caller decides whether it blocks","clockStage","return 'urgent';","Retained / automatic handling as stated in source"
"B0982","server.js","1521","Returned status / rejection reason","warn","(elapsed >= CLOCK.warn_at)","Returned message / status; caller decides whether it blocks","clockStage","return 'warn';","Retained / automatic handling as stated in source"
"B0983","server.js","1522","Returned status / rejection reason","","At this operation","Returned message / status; caller decides whether it blocks","clockStage","return '';","Retained / automatic handling as stated in source"
"B0984","server.js","1946","Boolean decision","False result from verifyPassword","(!salt || !hash)","Eligibility or control result is false; caller determines effect","verifyPassword","return false;","Retained / automatic handling as stated in source"
"B0985","server.js","2080","Boolean decision","False result from gateValid","(!m)","Eligibility or control result is false; caller determines effect","gateValid","return false;","Retained / automatic handling as stated in source"
"B0986","server.js","2085","Form / interface constraint","<input type=""password"" name=""pw"" placeholder=""Access password"" autofocus required>","At this operation","Required input or conditional control; attribute expression is shown","gatePage","<input type=""password"" name=""pw"" placeholder=""Access password"" autofocus required>","Retained / automatic handling as stated in source"
"B0987","server.js","2162","Error / validation","Stripe error ${r.statusCode}","(r.statusCode >= 400 || parsed.error)","Request rejected or operation failed","stripeRequest > callback > callback > callback","reject(new Error((parsed.error && parsed.error.message) || `Stripe error ${r.statusCode}`))","Retained / automatic handling as stated in source"
"B0988","server.js","2164","Error / validation","Stripe returned an unreadable response.","At this operation","Request rejected or operation failed","stripeRequest > callback > callback > callback","reject(new Error('Stripe returned an unreadable response.'))","Retained / automatic handling as stated in source"
"B0989","server.js","2173","Boolean decision","False result from verifyStripeSig","(!STRIPE_WEBHOOK_SECRET)","Eligibility or control result is false; caller determines effect","verifyStripeSig","return false;","Retained / automatic handling as stated in source"
"B0990","server.js","2183","Boolean decision","False result from verifyStripeSig","(!t || !v1s.length)","Eligibility or control result is false; caller determines effect","verifyStripeSig","return false;","Retained / automatic handling as stated in source"
"B0991","server.js","2184","Boolean decision","False result from verifyStripeSig","(Math.abs(Date.now() / 1000 - Number(t)) > 300)","Eligibility or control result is false; caller determines effect","verifyStripeSig","return false;","Retained / automatic handling as stated in source"
"B0992","server.js","2188","Boolean decision","False result from verifyStripeSig > callback","At this operation","Eligibility or control result is false; caller determines effect","verifyStripeSig > callback","return false;","Retained / automatic handling as stated in source"
"B0993","server.js","2193","HTTP 400","Bad signature.","(!verifyStripeSig(raw, req.headers['stripe-signature']))","Request rejected or operation failed","handleStripeWebhook","json(res, 400, { error: 'Bad signature.' })","Retained / automatic handling as stated in source"
"B0994","server.js","2196","HTTP 400","Bad payload.","At this operation","Request rejected or operation failed","handleStripeWebhook","json(res, 400, { error: 'Bad payload.' })","Retained / automatic handling as stated in source"
"B0995","server.js","2217","HTTP 403","Admin only.","(!user || !user.admin)","Request rejected or operation failed","requireAdmin","json(res, 403, { error: 'Admin only.' })","Retained / automatic handling as stated in source"
"B0996","server.js","2217","Boolean decision","False result from requireAdmin","(!user || !user.admin)","Eligibility or control result is false; caller determines effect","requireAdmin","return false;","Retained / automatic handling as stated in source"
"B0997","server.js","2288","Error / validation","err","At this operation","Request rejected or operation failed","smtpSend > callback > callback","reject(err)","Retained / automatic handling as stated in source"
"B0998","server.js","2289","Error / validation","SMTP timeout talking to ${SMTP_HOST}:${SMTP_PORT}","At this operation","Request rejected or operation failed","smtpSend > callback > callback","fail(new Error(`SMTP timeout talking to ${SMTP_HOST}:${SMTP_PORT}`))","Retained / automatic handling as stated in source"
"B0999","server.js","2301","Error / validation","${SMTP_HOST} said: ${line.trim() || '(empty reply)'}","(code !== step.expect)","Request rejected or operation failed","smtpSend > callback > callback","fail(new Error(`${SMTP_HOST} said: ${line.trim() || '(empty reply)'}`))","Retained / automatic handling as stated in source"
"B1000","server.js","2324","Error / validation","Exception from new Error(msg)","(!res.ok)","Stops this operation and propagates an error","resendSend","throw new Error(msg);","Retained / automatic handling as stated in source"
"B1001","server.js","2370","Error / validation","Exception from err","At this operation","Stops this operation and propagates an error","sendMailDirect > callback","throw err;","Retained / automatic handling as stated in source"
"B1002","server.js","2431","Database constraint","Police check (transport)","At this operation","SQLite rejects data that fails this declared CHECK constraint","seed","'Police check (transport)'","Retained / automatic handling as stated in source"
"B1003","server.js","2434","Database constraint","Police check (transport)","At this operation","SQLite rejects data that fails this declared CHECK constraint","seed","'Police check (transport)'","Retained / automatic handling as stated in source"
"B1004","server.js","2441","Database constraint","Police check (transport)","At this operation","SQLite rejects data that fails this declared CHECK constraint","seed","'Police check (transport)'","Retained / automatic handling as stated in source"
"B1005","server.js","2467","Database constraint","Police check (transport)","At this operation","SQLite rejects data that fails this declared CHECK constraint","seed","'Police check (transport)'","Retained / automatic handling as stated in source"
"B1006","server.js","2903","Error / validation","Too much data for a version-10 QR code.","(!version)","Stops this operation and propagates an error","qrEncode","throw new Error('Too much data for a version-10 QR code.');","Retained / automatic handling as stated in source"
"B1007","server.js","2931","Readiness / eligibility","blocks.push(cw.slice(at, at + d1))","At this operation","Adds a named condition to the returned readiness or error list","qrEncode","blocks.push(cw.slice(at, at + d1))","Retained / automatic handling as stated in source"
"B1008","server.js","2932","Readiness / eligibility","blocks.push(cw.slice(at, at + d2))","At this operation","Adds a named condition to the returned readiness or error list","qrEncode","blocks.push(cw.slice(at, at + d2))","Retained / automatic handling as stated in source"
"B1009","server.js","3156","Boolean decision","False result from useRecoveryCode","(!row)","Eligibility or control result is false; caller determines effect","useRecoveryCode","return false;","Retained / automatic handling as stated in source"
"B1010","server.js","3214","Returned status / rejection reason","That password appears on published breach lists. Please pick another one.","(WEAK_PASSWORDS.has(p))","Returned message / status; caller decides whether it blocks","weakPassword","return 'That password appears on published breach lists. Please pick another one.';","Retained / automatic handling as stated in source"
"B1011","server.js","3215","Returned status / rejection reason","That password is the same character repeated. Please pick another one.","(/^(.)\1+$/.test(p))","Returned message / status; caller decides whether it blocks","weakPassword","return 'That password is the same character repeated. Please pick another one.';","Retained / automatic handling as stated in source"
"B1012","server.js","3216","Returned status / rejection reason","That password is a keyboard or number run. Please pick another one.","(/^(0123456789|9876543210|abcdefgh|qwertyui)/.test(p))","Returned message / status; caller decides whether it blocks","weakPassword","return 'That password is a keyboard or number run. Please pick another one.';","Retained / automatic handling as stated in source"
"B1013","server.js","3218","Returned status / rejection reason","Please pick a password that does not contain your email address.","(local.length >= 4 && p.includes(local))","Returned message / status; caller decides whether it blocks","weakPassword","return 'Please pick a password that does not contain your email address.';","Retained / automatic handling as stated in source"
"B1014","server.js","3220","Returned status / rejection reason","Please pick a password that does not contain your name.","(first.length >= 4 && p.includes(first))","Returned message / status; caller decides whether it blocks","weakPassword","return 'Please pick a password that does not contain your name.';","Retained / automatic handling as stated in source"
"B1015","server.js","3221","Returned status / rejection reason","","At this operation","Returned message / status; caller decides whether it blocks","weakPassword","return '';","Retained / automatic handling as stated in source"
"B1016","server.js","3232","Returned status / rejection reason","","(!relation)","Returned message / status; caller decides whether it blocks","setRelation","return '';","Retained / automatic handling as stated in source"
"B1017","server.js","3252","Required catalogue field","required: true","At this operation","This selected form/module declares a required field; dynamic expression is shown","planAck","required: true","Retained / automatic handling as stated in source"
"B1018","server.js","3297","Required catalogue field","·","At this operation","This selected form/module declares a required field; dynamic expression is shown","moduleState","required: !!m.required","Retained / automatic handling as stated in source"
"B1019","server.js","3416","Returned status / rejection reason","Please write a shift note before you mark the shift completed — it's the record that the support happened.","(!note)","Returned message / status; caller decides whether it blocks","noteProblem","return 'Please write a shift note before you mark the shift completed — it\'s the record that the support happened.';","Retained / automatic handling as stated in source"
"B1020","server.js","3418","Returned status / rejection reason","","At this operation","Returned message / status; caller decides whether it blocks","noteProblem","return '';","Retained / automatic handling as stated in source"
"B1021","server.js","3421","Returned status / rejection reason","","(!scope)","Returned message / status; caller decides whether it blocks","scopeProblem","return '';","Retained / automatic handling as stated in source"
"B1022","server.js","3422","Returned status / rejection reason","Tell us what you were asked to do — a sentence is plenty.","(detail.length < SCOPE_MIN)","Returned message / status; caller decides whether it blocks","scopeProblem","return 'Tell us what you were asked to do — a sentence is plenty.';","Retained / automatic handling as stated in source"
"B1023","server.js","3423","Returned status / rejection reason","","At this operation","Returned message / status; caller decides whether it blocks","scopeProblem","return '';","Retained / automatic handling as stated in source"
"B1024","server.js","3446","HTTP 429","Too many attempts — try again later.","(limited(ip, 'register', 15))","Request rejected or operation failed","'POST' /^\/api\/register$/","json(res, 429, { error: 'Too many attempts — try again later.' })","Retained / automatic handling as stated in source"
"B1025","server.js","3454","HTTP 400","Please enter your name.","(!name || name.length < 2)","Request rejected or operation failed","'POST' /^\/api\/register$/","json(res, 400, { error: 'Please enter your name.' })","Retained / automatic handling as stated in source"
"B1026","server.js","3455","HTTP 400","Please enter a valid email address.","(!EMAIL_RE.test(email))","Request rejected or operation failed","'POST' /^\/api\/register$/","json(res, 400, { error: 'Please enter a valid email address.' })","Retained / automatic handling as stated in source"
"B1027","server.js","3470","HTTP 400","Coordinator accounts are made from an invitation. Ask the person you support to invite you from People with access, then open the link in that email.","(role === 'coordinator') AND (!invite)","Request rejected or operation failed","'POST' /^\/api\/register$/","json(res, 400, { error: 'Coordinator accounts are made from an invitation. Ask the person you support to invite you from People with access, then open the link in that email.' })","Retained / automatic handling as stated in source"
"B1028","server.js","3472","HTTP 403","This invitation was sent to a different email address. Register with that address, or ask them to send a fresh invitation to this one.","(role === 'coordinator') AND (String(invite.invite_email || '').toLowerCase() !== email)","Request rejected or operation failed","'POST' /^\/api\/register$/","json(res, 403, { error: 'This invitation was sent to a different email address. Register with that address, or ask them to send a fresh invitation to this one.' })","Retained / automatic handling as stated in source"
"B1029","server.js","3474","HTTP 400","Password needs at least 8 characters.","(password.length < 8)","Request rejected or operation failed","'POST' /^\/api\/register$/","json(res, 400, { error: 'Password needs at least 8 characters.' })","Retained / automatic handling as stated in source"
"B1030","server.js","3480","HTTP 400","res 400 { error: weak }","(weak)","Request rejected or operation failed","'POST' /^\/api\/register$/","json(res, 400, { error: weak })","Retained / automatic handling as stated in source"
"B1031","server.js","3485","HTTP 400","Please accept the current terms and privacy policy. If you already ticked the box, refresh the page to load the latest documents and try again.","(body.terms_accepted !== true || clean(body.terms_version, 20) !== CURRENT_TERMS_VERSION)","Request rejected or operation failed","'POST' /^\/api\/register$/","json(res, 400, { error: 'Please accept the current terms and privacy policy. If you already ticked the box, refresh the page to load the latest documents and try again.' })","Retained / automatic handling as stated in source"
"B1032","server.js","3486","HTTP 409","That email already has an account — try logging in.","(db.prepare('SELECT id FROM users WHERE email = ?').get(email))","Request rejected or operation failed","'POST' /^\/api\/register$/","json(res, 409, { error: 'That email already has an account — try logging in.' })","Retained / automatic handling as stated in source"
"B1033","server.js","3493","HTTP 403","This email address is reserved. If it is yours, contact the office — administrator accounts are set up directly, not through public registration.","(ADMIN_EMAILS.includes(email))","Request rejected or operation failed","'POST' /^\/api\/register$/","json(res, 403, { error: 'This email address is reserved. If it is yours, contact the office — administrator accounts are set up directly, not through public registration.' })","Retained / automatic handling as stated in source"
"B1034","server.js","3547","HTTP 429","Too many attempts — try again later.","(limited(ip, 'login', 25) || (email && limited('acct:' + email, 'login', 15)))","Request rejected or operation failed","'POST' /^\/api\/login$/","json(res, 429, { error: 'Too many attempts — try again later.' })","Retained / automatic handling as stated in source"
"B1035","server.js","3551","HTTP 401","Email or password doesn't match.","(!row || !verifyPassword(String(body.password || ''), row.pass))","Request rejected or operation failed","'POST' /^\/api\/login$/","json(res, 401, { error: 'Email or password doesn\'t match.' })","Retained / automatic handling as stated in source"
"B1036","server.js","3567","HTTP 429","Too many attempts — try again in a few minutes.","(limited(ip, 'mfa', 12))","Request rejected or operation failed","'POST' /^\/api\/login\/mfa$/","json(res, 429, { error: 'Too many attempts \u2014 try again in a few minutes.' })","Retained / automatic handling as stated in source"
"B1037","server.js","3569","HTTP 401","That sign-in took too long — enter your email and password again.","(!row)","Request rejected or operation failed","'POST' /^\/api\/login\/mfa$/","json(res, 401, { error: 'That sign-in took too long \u2014 enter your email and password again.' })","Retained / automatic handling as stated in source"
"B1038","server.js","3571","HTTP 401","Security settings changed. Sign in again.","(!rec || !rec.enabled)","Request rejected or operation failed","'POST' /^\/api\/login\/mfa$/","json(res,401,{error:'Security settings changed. Sign in again.'})","Retained / automatic handling as stated in source"
"B1039","server.js","3578","HTTP 401","That code isn’t right, or it has just expired. Wait for the next one and try again.","(/^\d{6}$/.test(typed.replace(/\s/g, ''))) AND (step === null)","Request rejected or operation failed","'POST' /^\/api\/login\/mfa$/","json(res, 401, { error: 'That code isn\u2019t right, or it has just expired. Wait for the next one and try again.' })","Retained / automatic handling as stated in source"
"B1040","server.js","3586","HTTP 401","That code isn’t right. Enter the six digits from your app, or one of your recovery codes.","NOT (/^\d{6}$/.test(typed.replace(/\s/g, ''))) AND NOT (useRecoveryCode(row.id, typed))","Request rejected or operation failed","'POST' /^\/api\/login\/mfa$/","json(res, 401, { error: 'That code isn\u2019t right. Enter the six digits from your app, or one of your recovery codes.' })","Retained / automatic handling as stated in source"
"B1041","server.js","3623","HTTP 403","You do not have permission for this participant.","(!target)","Request rejected or operation failed","'POST' /^\/api\/me\/billing$/","json(res,403,{error:'You do not have permission for this participant.'})","Retained / automatic handling as stated in source"
"B1042","server.js","3626","HTTP 401","Please log in.","(!user)","Request rejected or operation failed","'POST' /^\/api\/me\/billing$/","json(res, 401, { error: 'Please log in.' })","Retained / automatic handling as stated in source"
"B1043","server.js","3627","HTTP 403","Only participants have billing details.","(user.role !== 'participant')","Request rejected or operation failed","'POST' /^\/api\/me\/billing$/","json(res, 403, { error: 'Only participants have billing details.' })","Retained / automatic handling as stated in source"
"B1044","server.js","3630","HTTP 400","An NDIS number is 9 digits (e.g. 430123456).","(nd && !/^\d{9}$/.test(nd))","Request rejected or operation failed","'POST' /^\/api\/me\/billing$/","json(res, 400, { error: 'An NDIS number is 9 digits (e.g. 430123456).' })","Retained / automatic handling as stated in source"
"B1045","server.js","3632","HTTP 400","That plan manager email doesn't look right.","(pm && !EMAIL_RE.test(pm))","Request rejected or operation failed","'POST' /^\/api\/me\/billing$/","json(res, 400, { error: 'That plan manager email doesn\'t look right.' })","Retained / automatic handling as stated in source"
"B1046","server.js","3634","HTTP 400","Plan-managed accounts need your plan manager's email address, or invoices have nowhere to go.","(nextPlan === 'plan' && !pm)","Request rejected or operation failed","'POST' /^\/api\/me\/billing$/","json(res, 400, { error: 'Plan-managed accounts need your plan manager\'s email address, or invoices have nowhere to go.' })","Retained / automatic handling as stated in source"
"B1047","server.js","3635","HTTP 400","Agency-managed accounts need your 9-digit NDIS number, or The Care Web can't claim.","(nextPlan === 'ndia' && !/^\d{9}$/.test(nd))","Request rejected or operation failed","'POST' /^\/api\/me\/billing$/","json(res, 400, { error: 'Agency-managed accounts need your 9-digit NDIS number, or The Care Web can\'t claim.' })","Retained / automatic handling as stated in source"
"B1048","server.js","3642","HTTP 400","The ${what} looks wrong — it is on the front page of your NDIS plan.","(v && !/^\d{4}-\d{2}-\d{2}$/.test(v))","Request rejected or operation failed","'POST' /^\/api\/me\/billing$/","json(res, 400, { error: `The ${what} looks wrong — it is on the front page of your NDIS plan.` })","Retained / automatic handling as stated in source"
"B1049","server.js","3644","HTTP 400","The plan end date is before its start date.","(ps && pe && pe < ps)","Request rejected or operation failed","'POST' /^\/api\/me\/billing$/","json(res, 400, { error: 'The plan end date is before its start date.' })","Retained / automatic handling as stated in source"
"B1050","server.js","3652","HTTP 409","You have ${pending.n} shift${pending.n === 1 ? '' : 's'} worth $${pending.amt.toFixed(2)} ${pending.n === 1 ? ""that hasn't"" : ""that haven't""} been invoiced yet. Changing this now means ${pending.n === 1 ? 'it goes' : 'they go'} to ${dest} instead. Confirm to go ahead — anything already invoiced is not affected. ·","(changedPayer && pending.n > 0 && body.confirm !== true)","Request rejected or operation failed","'POST' /^\/api\/me\/billing$/","json(res, 409, { error: `You have ${pending.n} shift${pending.n === 1 ? '' : 's'} worth $${pending.amt.toFixed(2)} ${pending.n === 1 ? ""that hasn't"" : ""that haven't""} been invoiced yet. Changing this now means ${pending.n === 1 ? 'it goes' : 'they go'} to ${dest} instead. Confirm to go ahead — anything already invoiced is not affected.`, needs_confirm: true, moving: pending.n, amount: Math.round(pending.amt * 100) / 100, from: was.plan || '', to: nextPlan, to_label: dest })","Retained / automatic handling as stated in source"
"B1051","server.js","3680","HTTP 403","You do not have permission for this participant.","(!target)","Request rejected or operation failed","'POST' /^\/api\/me\/high-intensity$/","json(res,403,{error:'You do not have permission for this participant.'})","Retained / automatic handling as stated in source"
"B1052","server.js","3683","HTTP 401","Please log in.","(!user)","Request rejected or operation failed","'POST' /^\/api\/me\/high-intensity$/","json(res, 401, { error: 'Please log in.' })","Retained / automatic handling as stated in source"
"B1053","server.js","3684","HTTP 403","Only participants have a support-needs declaration.","(user.role !== 'participant')","Request rejected or operation failed","'POST' /^\/api\/me\/high-intensity$/","json(res, 403, { error: 'Only participants have a support-needs declaration.' })","Retained / automatic handling as stated in source"
"B1054","server.js","3704","HTTP 429","Too many attempts — try again later.","(limited(ip, 'forgot', 8) || (email && limited('acct:' + email, 'forgot', 6)))","Request rejected or operation failed","'POST' /^\/api\/forgot$/","json(res, 429, { error: 'Too many attempts — try again later.' })","Retained / automatic handling as stated in source"
"B1055","server.js","3719","HTTP 429","Too many attempts — try again later.","(limited(ip, 'reset', 10))","Request rejected or operation failed","'POST' /^\/api\/reset$/","json(res, 429, { error: 'Too many attempts — try again later.' })","Retained / automatic handling as stated in source"
"B1056","server.js","3721","HTTP 400","Password needs at least 8 characters.","(password.length < 8)","Request rejected or operation failed","'POST' /^\/api\/reset$/","json(res, 400, { error: 'Password needs at least 8 characters.' })","Retained / automatic handling as stated in source"
"B1057","server.js","3723","HTTP 400","That reset link is invalid or has expired — request a fresh one from the log in screen.","(!u)","Request rejected or operation failed","'POST' /^\/api\/reset$/","json(res, 400, { error: 'That reset link is invalid or has expired — request a fresh one from the log in screen.' })","Retained / automatic handling as stated in source"
"B1058","server.js","3728","HTTP 400","res 400 { error: weakR }","(weakR)","Request rejected or operation failed","'POST' /^\/api\/reset$/","json(res, 400, { error: weakR })","Retained / automatic handling as stated in source"
"B1059","server.js","3742","HTTP 401","Please log in.","(!user)","Request rejected or operation failed","'POST' /^\/api\/resend-verification$/","json(res, 401, { error: 'Please log in.' })","Retained / automatic handling as stated in source"
"B1060","server.js","3743","HTTP 429","Too many attempts — try again later.","(limited(ip, 'resend', 6))","Request rejected or operation failed","'POST' /^\/api\/resend-verification$/","json(res, 429, { error: 'Too many attempts — try again later.' })","Retained / automatic handling as stated in source"
"B1061","server.js","3750","HTTP 401","Please log in.","(!user)","Request rejected or operation failed","'POST' /^\/api\/email-test$/","json(res, 401, { error: 'Please log in.' })","Retained / automatic handling as stated in source"
"B1062","server.js","3751","HTTP 429","Too many attempts — try again later.","(limited(ip, 'emailtest', 6))","Request rejected or operation failed","'POST' /^\/api\/email-test$/","json(res, 429, { error: 'Too many attempts — try again later.' })","Retained / automatic handling as stated in source"
"B1063","server.js","3753","HTTP 400","Demo accounts never receive email — log in with a real account to test.","(user.email.endsWith('@demo.bookit.life'))","Request rejected or operation failed","'POST' /^\/api\/email-test$/","json(res, 400, { error: 'Demo accounts never receive email — log in with a real account to test.' })","Retained / automatic handling as stated in source"
"B1064","server.js","3761","HTTP 502","res 502 { ok: false, error: e.message }","At this operation","Request rejected or operation failed","'POST' /^\/api\/email-test$/","json(res, 502, { ok: false, error: e.message })","Retained / automatic handling as stated in source"
"B1065","server.js","3767","Access / decision gate","requireAdmin(user, res)","(!requireAdmin(user, res))","Checks access or an operation precondition; inspect the referenced helper","'GET' /^\/api\/admin\/overview$/","requireAdmin(user, res)","Retained / automatic handling as stated in source"
"B1066","server.js","3838","Access / decision gate","requireAdmin(user, res)","(!requireAdmin(user, res))","Checks access or an operation precondition; inspect the referenced helper","'POST' /^\/api\/admin\/launch-sweep$/","requireAdmin(user, res)","Retained / automatic handling as stated in source"
"B1067","server.js","3839","HTTP 400","Type LAUNCH to confirm — this permanently removes all demo accounts and their data.","(clean(body.confirm, 20) !== 'LAUNCH')","Request rejected or operation failed","'POST' /^\/api\/admin\/launch-sweep$/","json(res, 400, { error: 'Type LAUNCH to confirm — this permanently removes all demo accounts and their data.' })","Retained / automatic handling as stated in source"
"B1068","server.js","3865","Access / decision gate","requireAdmin(user, res)","(!requireAdmin(user, res))","Checks access or an operation precondition; inspect the referenced helper","'POST' /^\/api\/admin\/workers\/(\d+)\/approve$/","requireAdmin(user, res)","Retained / automatic handling as stated in source"
"B1069","server.js","3868","HTTP 404","No such worker.","(!w)","Request rejected or operation failed","'POST' /^\/api\/admin\/workers\/(\d+)\/approve$/","json(res, 404, { error: 'No such worker.' })","Retained / automatic handling as stated in source"
"B1070","server.js","3878","HTTP 409","Complete the application review before activation: · ,","(!isDemoWorker(w.email)) AND (ready.length)","Request rejected or operation failed","'POST' /^\/api\/admin\/workers\/(\d+)\/approve$/","json(res,409,{error:'Complete the application review before activation: '+ready.join(', '),missing:ready})","Retained / automatic handling as stated in source"
"B1071","server.js","3881","HTTP 400","This worker can't be approved yet — they don't meet the conditions for being on the platform. ${st.blocks.join(' ')} None of these can be overridden.","(!isDemoWorker(w.email)) AND (!st.ok)","Request rejected or operation failed","'POST' /^\/api\/admin\/workers\/(\d+)\/approve$/","json(res, 400, { blocked_0137: true, blocks: st.blocks, /* Careful with this sentence. Most of these blocks ARE conditions of registration; the CPR one is The Care Web's own rule enforced just as hard. Telling an auditor that a house rule is a condition of registration is a claim they can check and find wrong, so the wording names the effect rather than the source. */ error: `This worker can't be approved yet — they don't meet the conditions for being on the platform. ${st.blocks.join(' ')} None of these can be overridden.` })","Retained / automatic handling as stated in source"
"B1072","server.js","3895","Readiness / eligibility","a profile photo","(!isDemoWorker(w.email)) AND (!body.override) AND (!prof || !prof.photo)","Adds a named condition to the returned readiness or error list","'POST' /^\/api\/admin\/workers\/(\d+)\/approve$/","missing.push('a profile photo')","Retained / automatic handling as stated in source"
"B1073","server.js","3897","HTTP 400","Still needed before approval: ${missing.join(' and ')}. Ask the worker to add ${missing.length > 1 ? 'them' : 'it'} from their Bookings page — or tick ""approve anyway"" to override.","(!isDemoWorker(w.email)) AND (!body.override) AND (missing.length)","Request rejected or operation failed","'POST' /^\/api\/admin\/workers\/(\d+)\/approve$/","json(res, 400, { needs_override: true, error: `Still needed before approval: ${missing.join(' and ')}. Ask the worker to add ${missing.length > 1 ? 'them' : 'it'} from their Bookings page — or tick ""approve anyway"" to override.` })","Retained / automatic handling as stated in source"
"B1074","server.js","3911","Access / decision gate","requireAdmin(user, res)","(!requireAdmin(user, res))","Checks access or an operation precondition; inspect the referenced helper","'POST' /^\/api\/admin\/workers\/(\d+)\/hide$/","requireAdmin(user, res)","Retained / automatic handling as stated in source"
"B1075","server.js","3914","HTTP 404","No such worker.","(!w)","Request rejected or operation failed","'POST' /^\/api\/admin\/workers\/(\d+)\/hide$/","json(res, 404, { error: 'No such worker.' })","Retained / automatic handling as stated in source"
"B1076","server.js","3938","Access / decision gate","requireAdmin(user, res)","(!requireAdmin(user, res))","Checks access or an operation precondition; inspect the referenced helper","'GET' /^\/api\/admin\/scope-register$/","requireAdmin(user, res)","Retained / automatic handling as stated in source"
"B1077","server.js","3942","Access / decision gate","requireAdmin(user, res)","(!requireAdmin(user, res))","Checks access or an operation precondition; inspect the referenced helper","'GET' /^\/api\/admin\/scope-register\.csv$/","requireAdmin(user, res)","Retained / automatic handling as stated in source"
"B1078","server.js","3960","Access / decision gate","requireAdmin(user, res)","(!requireAdmin(user, res))","Checks access or an operation precondition; inspect the referenced helper","'POST' /^\/api\/admin\/scope-requests\/(\d+)$/","requireAdmin(user, res)","Retained / automatic handling as stated in source"
"B1079","server.js","3962","HTTP 404","Register entry not found.","(!row)","Request rejected or operation failed","'POST' /^\/api\/admin\/scope-requests\/(\d+)$/","json(res, 404, { error: 'Register entry not found.' })","Retained / automatic handling as stated in source"
"B1080","server.js","3963","HTTP 400","That entry is already closed.","(row.outcome !== 'open')","Request rejected or operation failed","'POST' /^\/api\/admin\/scope-requests\/(\d+)$/","json(res, 400, { error: 'That entry is already closed.' })","Retained / automatic handling as stated in source"
"B1081","server.js","3965","HTTP 400","Choose whether they were introduced to another provider, or took the request back.","(!['referred', 'withdrawn'].includes(outcome))","Request rejected or operation failed","'POST' /^\/api\/admin\/scope-requests\/(\d+)$/","json(res, 400, { error: 'Choose whether they were introduced to another provider, or took the request back.' })","Retained / automatic handling as stated in source"
"B1082","server.js","3968","HTTP 400","Name the provider you introduced them to — an unnamed referral is not a record.","(outcome === 'referred' && !referredTo)","Request rejected or operation failed","'POST' /^\/api\/admin\/scope-requests\/(\d+)$/","json(res, 400, { error: 'Name the provider you introduced them to — an unnamed referral is not a record.' })","Retained / automatic handling as stated in source"
"B1083","server.js","3969","HTTP 400","Say why it came off — ""ticked in error, confirmed by phone 21/07"" is enough.","(outcome === 'withdrawn' && !note)","Request rejected or operation failed","'POST' /^\/api\/admin\/scope-requests\/(\d+)$/","json(res, 400, { error: 'Say why it came off — ""ticked in error, confirmed by phone 21/07"" is enough.' })","Retained / automatic handling as stated in source"
"B1084","server.js","3986","Access / decision gate","requireAdmin(user, res)","(!requireAdmin(user, res))","Checks access or an operation precondition; inspect the referenced helper","'POST' /^\/api\/admin\/participants\/(\d+)\/high-intensity$/","requireAdmin(user, res)","Retained / automatic handling as stated in source"
"B1085","server.js","3989","HTTP 404","Participant not found.","(!p)","Request rejected or operation failed","'POST' /^\/api\/admin\/participants\/(\d+)\/high-intensity$/","json(res, 404, { error: 'Participant not found.' })","Retained / automatic handling as stated in source"
"B1086","server.js","3992","HTTP 400","Say why it is being cleared — ""ticked in error, confirmed by phone 21/07"" is enough.","(body.clear) AND (!note)","Request rejected or operation failed","'POST' /^\/api\/admin\/participants\/(\d+)\/high-intensity$/","json(res, 400, { error: 'Say why it is being cleared — ""ticked in error, confirmed by phone 21/07"" is enough.' })","Retained / automatic handling as stated in source"
"B1087","server.js","3997","HTTP 400","Write a line about what was discussed and who they were introduced to — that line is the record.","(!note)","Request rejected or operation failed","'POST' /^\/api\/admin\/participants\/(\d+)\/high-intensity$/","json(res, 400, { error: 'Write a line about what was discussed and who they were introduced to — that line is the record.' })","Retained / automatic handling as stated in source"
"B1088","server.js","4004","Access / decision gate","requireAdmin(user, res)","(!requireAdmin(user, res))","Checks access or an operation precondition; inspect the referenced helper","'GET' /^\/api\/admin\/invoices$/","requireAdmin(user, res)","Retained / automatic handling as stated in source"
"B1089","server.js","4014","Access / decision gate","requireAdmin(user, res)","(!requireAdmin(user, res))","Checks access or an operation precondition; inspect the referenced helper","'POST' /^\/api\/admin\/invoices\/(\d+)\/category$/","requireAdmin(user, res)","Retained / automatic handling as stated in source"
"B1090","server.js","4016","HTTP 404","No such billable shift.","(!b)","Request rejected or operation failed","'POST' /^\/api\/admin\/invoices\/(\d+)\/category$/","json(res, 404, { error: 'No such billable shift.' })","Retained / automatic handling as stated in source"
"B1091","server.js","4018","HTTP 400","Unknown rate category.","(!inv)","Request rejected or operation failed","'POST' /^\/api\/admin\/invoices\/(\d+)\/category$/","json(res, 400, { error: 'Unknown rate category.' })","Retained / automatic handling as stated in source"
"B1092","server.js","4022","Access / decision gate","requireAdmin(user, res)","(!requireAdmin(user, res))","Checks access or an operation precondition; inspect the referenced helper","'GET' /^\/api\/admin\/invoices\.csv$/","requireAdmin(user, res)","Retained / automatic handling as stated in source"
"B1093","server.js","4065","Readiness / eligibility","Awaiting timesheet approval.","(r.approval_state!=='approved')","Adds a named condition to the returned readiness or error list","lineFlags","flags.push('Awaiting timesheet approval.')","Retained / automatic handling as stated in source"
"B1094","server.js","4069","Readiness / eligibility","held${r.hold_reason ? ' — ' + r.hold_reason : ''}","(r.claim_hold)","Adds a named condition to the returned readiness or error list","lineFlags","flags.push(`held${r.hold_reason ? ' — ' + r.hold_reason : ''}`)","Retained / automatic handling as stated in source"
"B1095","server.js","4070","Readiness / eligibility","no funding type on the participant profile","(!['ndia', 'plan', 'self', 'private'].includes(r.funding))","Adds a named condition to the returned readiness or error list","lineFlags","flags.push('no funding type on the participant profile')","Retained / automatic handling as stated in source"
"B1096","server.js","4071","Readiness / eligibility","NDIS number missing","(r.funding === 'ndia' && !/^\d{9}$/.test(r.ndis_number || ''))","Adds a named condition to the returned readiness or error list","lineFlags","flags.push('NDIS number missing')","Retained / automatic handling as stated in source"
"B1097","server.js","4072","Readiness / eligibility","plan manager email missing","(r.funding === 'plan' && !r.pm_email)","Adds a named condition to the returned readiness or error list","lineFlags","flags.push('plan manager email missing')","Retained / automatic handling as stated in source"
"B1098","server.js","4073","Readiness / eligibility","support item number needed","(r.funding !== 'private' && !effectiveItem(r))","Adds a named condition to the returned readiness or error list","lineFlags","flags.push('support item number needed')","Retained / automatic handling as stated in source"
"B1099","server.js","4074","Readiness / eligibility","confirm the prefilled support item","NOT (r.funding !== 'private' && !effectiveItem(r)) AND (r.funding !== 'private' && ITEM_CONFIRM[r.service] && !r.support_item)","Adds a named condition to the returned readiness or error list","lineFlags","flags.push('confirm the prefilled support item')","Retained / automatic handling as stated in source"
"B1100","server.js","4079","Access / decision gate","requireAdmin(user, res)","(!requireAdmin(user, res))","Checks access or an operation precondition; inspect the referenced helper","'GET' /^\/api\/admin\/claims$/","requireAdmin(user, res)","Retained / automatic handling as stated in source"
"B1101","server.js","4106","Access / decision gate","requireAdmin(user, res)","(!requireAdmin(user, res))","Checks access or an operation precondition; inspect the referenced helper","'POST' /^\/api\/admin\/claims\/(\d+)\/item$/","requireAdmin(user, res)","Retained / automatic handling as stated in source"
"B1102","server.js","4108","HTTP 400","Support item numbers look like 01_011_0107_1_1.","(item && !/^\d{2}_\d{3}_\d{4}_\d_\d$/.test(item))","Request rejected or operation failed","'POST' /^\/api\/admin\/claims\/(\d+)\/item$/","json(res, 400, { error: 'Support item numbers look like 01_011_0107_1_1.' })","Retained / automatic handling as stated in source"
"B1103","server.js","4110","HTTP 404","No such billable shift.","(!r)","Request rejected or operation failed","'POST' /^\/api\/admin\/claims\/(\d+)\/item$/","json(res, 404, { error: 'No such billable shift.' })","Retained / automatic handling as stated in source"
"B1104","server.js","4162","Error / validation","Exception from e","At this operation","Stops this operation and propagates an error","runClaimsUnlocked","throw e;","Retained / automatic handling as stated in source"
"B1105","server.js","4190","Access / decision gate","requireAdmin(user, res)","(!requireAdmin(user, res))","Checks access or an operation precondition; inspect the referenced helper","'POST' /^\/api\/admin\/claims\/run$/","requireAdmin(user, res)","Retained / automatic handling as stated in source"
"B1106","server.js","4195","Access / decision gate","requireAdmin(user, res)","(!requireAdmin(user, res))","Checks access or an operation precondition; inspect the referenced helper","'GET' /^\/api\/admin\/claims\/pace\.csv$/","requireAdmin(user, res)","Retained / automatic handling as stated in source"
"B1107","server.js","4237","Access / decision gate","requireAdmin(user, res)","(!requireAdmin(user, res))","Checks access or an operation precondition; inspect the referenced helper","'POST' /^\/api\/admin\/claims\/(\d+)\/paid$/","requireAdmin(user, res)","Retained / automatic handling as stated in source"
"B1108","server.js","4239","HTTP 404","No such claimed shift.","(!r || !r.claim_status)","Request rejected or operation failed","'POST' /^\/api\/admin\/claims\/(\d+)\/paid$/","json(res, 404, { error: 'No such claimed shift.' })","Retained / automatic handling as stated in source"
"B1109","server.js","4282","Required catalogue field","ndis-screening · NDIS Worker Screening Check · checks · required · Check number · screening · worker screening · ndiswc · ndis check · Required before your profile can go live — apply through your state screening unit.","At this operation","This selected form/module declares a required field; dynamic expression is shown","module","required: true","Retained / automatic handling as stated in source"
"B1110","server.js","4289","Required catalogue field","ndis-orientation · NDIS Worker Orientation Module · training · none · Certificate ID · quality safety and you · orientation module · worker orientation · The free 90-minute Commission module ""Quality, Safety and You"". · https://training.ndiscommission.gov.au/","At this operation","This selected form/module declares a required field; dynamic expression is shown","module","required: true","Retained / automatic handling as stated in source"
"B1111","server.js","4296","Required catalogue field","first-aid · First Aid (HLTAID011) · training · required · Certificate number · first aid · hltaid011 · hltaid003 · first aid certificate · provide first aid · HLTAID011 Provide First Aid, or the equivalent for your setting. Renews every 3 years.","At this operation","This selected form/module declares a required field; dynamic expression is shown","module","required: true","Retained / automatic handling as stated in source"
"B1112","server.js","4297","Required catalogue field","cpr · CPR (HLTAID009) · training · required · Certificate number · cpr · hltaid009 · hltaid001 · resuscitation · cardiopulmonary resuscitation · HLTAID009 Provide Cardiopulmonary Resuscitation. Renews yearly. A current one is required to be on the platform at all.","At this operation","This selected form/module declares a required field; dynamic expression is shown","module","required: true","Retained / automatic handling as stated in source"
"B1113","server.js","4330","Returned status / rejection reason","","(!expiry)","Returned message / status; caller decides whether it blocks","expiryProblem","return '';","Retained / automatic handling as stated in source"
"B1114","server.js","4332","Returned status / rejection reason","","(!cat || !cat.maxYears)","Returned message / status; caller decides whether it blocks","expiryProblem","return '';","Retained / automatic handling as stated in source"
"B1115","server.js","4342","Returned status / rejection reason","","At this operation","Returned message / status; caller decides whether it blocks","expiryProblem","return '';","Retained / automatic handling as stated in source"
"B1116","server.js","4386","Returned status / rejection reason","no-expiry","(!d.expiry_date)","Returned message / status; caller decides whether it blocks","docStatus","return 'no-expiry';","Retained / automatic handling as stated in source"
"B1117","server.js","4388","Returned status / rejection reason","expired","(d.expiry_date < today)","Returned message / status; caller decides whether it blocks","docStatus","return 'expired';","Retained / automatic handling as stated in source"
"B1118","server.js","4412","Returned status / rejection reason","expired","(st === 'expired')","Returned message / status; caller decides whether it blocks","docStage","return 'expired';","Retained / automatic handling as stated in source"
"B1119","server.js","4413","Returned status / rejection reason","","(st !== 'expiring')","Returned message / status; caller decides whether it blocks","docStage","return '';","Retained / automatic handling as stated in source"
"B1120","server.js","4416","Returned status / rejection reason","","At this operation","Returned message / status; caller decides whether it blocks","docStage","return '';","Retained / automatic handling as stated in source"
"B1121","server.js","4455","Returned status / rejection reason","none","(!docs.length)","Returned message / status; caller decides whether it blocks","screeningState","return 'none';","Retained / automatic handling as stated in source"
"B1122","server.js","4457","Returned status / rejection reason","valid","(st.includes('valid'))","Returned message / status; caller decides whether it blocks","screeningState","return 'valid';","Retained / automatic handling as stated in source"
"B1123","server.js","4458","Returned status / rejection reason","expiring","(st.includes('expiring'))","Returned message / status; caller decides whether it blocks","screeningState","return 'expiring';","Retained / automatic handling as stated in source"
"B1124","server.js","4459","Returned status / rejection reason","no-expiry","(st.includes('no-expiry'))","Returned message / status; caller decides whether it blocks","screeningState","return 'no-expiry';","Retained / automatic handling as stated in source"
"B1125","server.js","4460","Returned status / rejection reason","expired","At this operation","Returned message / status; caller decides whether it blocks","screeningState","return 'expired';","Retained / automatic handling as stated in source"
"B1126","server.js","4682","Returned error / decision","No worker profile.","(!w)","Returns an error, blocked or false decision object","platformStatus","return { ok: false, blocks: ['No worker profile.'], warnings: [], screening: {}, banning: {}, registers: [] };","Retained / automatic handling as stated in source"
"B1127","server.js","4697","Readiness / eligibility","No NDIS worker screening check on file.","(!sdocs.length)","Adds a named condition to the returned readiness or error list","platformStatus","blocks.push('No NDIS worker screening check on file.')","Retained / automatic handling as stated in source"
"B1128","server.js","4698","Readiness / eligibility","NDIS worker screening check has expired.","NOT (!sdocs.length) AND (!current.length)","Adds a named condition to the returned readiness or error list","platformStatus","blocks.push('NDIS worker screening check has expired.')","Retained / automatic handling as stated in source"
"B1129","server.js","4699","Readiness / eligibility","NDIS worker screening check is on file but has not been verified by our team.","NOT (!sdocs.length) AND NOT (!current.length) AND (!verified.length)","Adds a named condition to the returned readiness or error list","platformStatus","blocks.push('NDIS worker screening check is on file but has not been verified by our team.')","Retained / automatic handling as stated in source"
"B1130","server.js","4703","Readiness / eligibility","NDIS worker screening clearance is suspended.","(st === 'suspended')","Adds a named condition to the returned readiness or error list","platformStatus","blocks.push('NDIS worker screening clearance is suspended.')","Retained / automatic handling as stated in source"
"B1131","server.js","4704","Readiness / eligibility","NDIS worker screening clearance has been revoked.","NOT (st === 'suspended') AND (st === 'revoked')","Adds a named condition to the returned readiness or error list","platformStatus","blocks.push('NDIS worker screening clearance has been revoked.')","Retained / automatic handling as stated in source"
"B1132","server.js","4705","Readiness / eligibility","An NDIS worker screening exclusion is in force.","NOT (st === 'suspended') AND NOT (st === 'revoked') AND (st === 'excluded')","Adds a named condition to the returned readiness or error list","platformStatus","blocks.push('An NDIS worker screening exclusion is in force.')","Retained / automatic handling as stated in source"
"B1133","server.js","4706","Readiness / eligibility","NDIS worker screening clearance is still pending — an application is not a clearance.","NOT (st === 'suspended') AND NOT (st === 'revoked') AND NOT (st === 'excluded') AND (st === 'pending')","Adds a named condition to the returned readiness or error list","platformStatus","blocks.push('NDIS worker screening clearance is still pending — an application is not a clearance.')","Retained / automatic handling as stated in source"
"B1134","server.js","4707","Readiness / eligibility","NDIS worker screening clearance status has never been confirmed against the screening unit.","NOT (st === 'suspended') AND NOT (st === 'revoked') AND NOT (st === 'excluded') AND NOT (st === 'pending') AND (st === 'unknown')","Adds a named condition to the returned readiness or error list","platformStatus","blocks.push('NDIS worker screening clearance status has never been confirmed against the screening unit.')","Retained / automatic handling as stated in source"
"B1135","server.js","4725","Readiness / eligibility","A banning order is in force against this worker — ${r.short}.","(r.result === 'banned')","Adds a named condition to the returned readiness or error list","platformStatus","blocks.push(`A banning order is in force against this worker — ${r.short}.`)","Retained / automatic handling as stated in source"
"B1136","server.js","4726","Readiness / eligibility","The ${name} has never been checked for this worker.","NOT (r.result === 'banned') AND (r.result !== 'clear' || r.age_days === null)","Adds a named condition to the returned readiness or error list","platformStatus","blocks.push(`The ${name} has never been checked for this worker.`)","Retained / automatic handling as stated in source"
"B1137","server.js","4727","Readiness / eligibility","${name} last checked ${r.age_days} days ago — past the ${win}-day window and the ${grace}-day grace period.","NOT (r.result === 'banned') AND NOT (r.result !== 'clear' || r.age_days === null) AND (r.age_days > win + grace)","Adds a named condition to the returned readiness or error list","platformStatus","blocks.push(`${name} last checked ${r.age_days} days ago — past the ${win}-day window and the ${grace}-day grace period.`)","Retained / automatic handling as stated in source"
"B1138","server.js","4754","Readiness / eligibility","No CPR certificate (HLTAID009) on file.","(!cprDocs.length)","Adds a named condition to the returned readiness or error list","platformStatus","blocks.push('No CPR certificate (HLTAID009) on file.')","Retained / automatic handling as stated in source"
"B1139","server.js","4755","Readiness / eligibility","CPR certificate (HLTAID009) has expired.","NOT (!cprDocs.length) AND (!cprLive.length)","Adds a named condition to the returned readiness or error list","platformStatus","blocks.push('CPR certificate (HLTAID009) has expired.')","Retained / automatic handling as stated in source"
"B1140","server.js","4760","Readiness / eligibility","Blocked from the platform by an administrator.","(w.platform_block)","Adds a named condition to the returned readiness or error list","platformStatus","blocks.push(w.platform_block_reason || 'Blocked from the platform by an administrator.')","Retained / automatic handling as stated in source"
"B1141","server.js","4858","Returned error / decision","The office must agree and review arrangements for excluded support before this visit can be accepted.","(b.status==='requested'&&scope&&!scope.ready)","Returns an error, blocked or false decision object","workerBookingGate","return {error:'The office must agree and review arrangements for excluded support before this visit can be accepted.',office_review:true};","Retained / automatic handling as stated in source"
"B1142","server.js","4862","Returned error / decision","Your profile isn't active on The Care Web right now, so booking actions are paused. The office can help you get back on.","(!w || (!w.visible && !finishingPaused) || !platformEligible(workerId, w.email))","Returns an error, blocked or false decision object","workerBookingGate","return { error: ""Your profile isn't active on The Care Web right now, so booking actions are paused. The office can help you get back on."", read_only: true };","Retained / automatic handling as stated in source"
"B1143","server.js","4866","Returned error / decision","This shift is being handled by the office and cannot be accepted or completed from this account. · We're looking for cover for this shift, so it can't be accepted or completed right now — the office will be in touch.","(openCover || ['finding','office','uncovered','failed','referred','allied'].includes(String(b.cover_state || '')))","Returns an error, blocked or false decision object","workerBookingGate","return { error: office ? 'This shift is being handled by the office and cannot be accepted or completed from this account.' : ""We're looking for cover for this shift, so it can't be accepted or completed right now — the office will be in touch."", cover_finding: !office, office_review: office };","Retained / automatic handling as stated in source"
"B1144","server.js","4915","Returned status / rejection reason","","(!iso)","Returned message / status; caller decides whether it blocks","monthYear","return '';","Retained / automatic handling as stated in source"
"B1145","server.js","4917","Returned status / rejection reason","","(isNaN(d))","Returned message / status; caller decides whether it blocks","monthYear","return '';","Retained / automatic handling as stated in source"
"B1146","server.js","4994","HTTP 403","Workers only.","(!user || user.role !== 'worker')","Request rejected or operation failed","'GET' /^\/api\/me\/documents$/","json(res, 403, { error: 'Workers only.' })","Retained / automatic handling as stated in source"
"B1147","server.js","5004","HTTP 403","Workers only.","(!user || user.role !== 'worker')","Request rejected or operation failed","'POST' /^\/api\/me\/documents$/","json(res, 403, { error: 'Workers only.' })","Retained / automatic handling as stated in source"
"B1148","server.js","5005","HTTP 429","Too many uploads — try again later.","(limited(ip, 'docs', 30))","Request rejected or operation failed","'POST' /^\/api\/me\/documents$/","json(res, 429, { error: 'Too many uploads — try again later.' })","Retained / automatic handling as stated in source"
"B1149","server.js","5007","HTTP 400","Pick a document type.","(!cat)","Request rejected or operation failed","'POST' /^\/api\/me\/documents$/","json(res, 400, { error: 'Pick a document type.' })","Retained / automatic handling as stated in source"
"B1150","server.js","5011","HTTP 400","Choose an existing file of the same document type from your own record.","(body.replaces_id != null && (!replacement || replacement.doc_type !== docType))","Request rejected or operation failed","'POST' /^\/api\/me\/documents$/","json(res, 400, {error:'Choose an existing file of the same document type from your own record.'})","Retained / automatic handling as stated in source"
"B1151","server.js","5012","HTTP 400","Choose the replacement file.","(replacement && !body.file?.data)","Request rejected or operation failed","'POST' /^\/api\/me\/documents$/","json(res, 400, {error:'Choose the replacement file.'})","Retained / automatic handling as stated in source"
"B1152","server.js","5014","HTTP 400","Expiry date looks wrong.","(expiry && !/^\d{4}-\d{2}-\d{2}$/.test(expiry))","Request rejected or operation failed","'POST' /^\/api\/me\/documents$/","json(res, 400, { error: 'Expiry date looks wrong.' })","Retained / automatic handling as stated in source"
"B1153","server.js","5015","HTTP 400","Please enter the expiry date for your ${cat.label} — it drives the automatic checks.","(cat.expiry === 'required' && !expiry)","Request rejected or operation failed","'POST' /^\/api\/me\/documents$/","json(res, 400, { error: `Please enter the expiry date for your ${cat.label} — it drives the automatic checks.` })","Retained / automatic handling as stated in source"
"B1154","server.js","5016","HTTP 400","Give the qualification a name — e.g. ""Diploma of Nursing"".","(cat.needsLabel && !clean(body.label, 80))","Request rejected or operation failed","'POST' /^\/api\/me\/documents$/","json(res, 400, { error: 'Give the qualification a name — e.g. ""Diploma of Nursing"".' })","Retained / automatic handling as stated in source"
"B1155","server.js","5020","HTTP 400","Files must be PDF, JPG or PNG.","(body.file && body.file.data) AND (!DOC_MIMES[fileMime])","Request rejected or operation failed","'POST' /^\/api\/me\/documents$/","json(res, 400, { error: 'Files must be PDF, JPG or PNG.' })","Retained / automatic handling as stated in source"
"B1156","server.js","5022","HTTP 400","Could not read that file.","(body.file && body.file.data)","Request rejected or operation failed","'POST' /^\/api\/me\/documents$/","json(res, 400, { error: 'Could not read that file.' })","Retained / automatic handling as stated in source"
"B1157","server.js","5023","HTTP 400","Files can be up to 4 MB.","(body.file && body.file.data) AND (!buf.length || buf.length > 4 * 1024 * 1024)","Request rejected or operation failed","'POST' /^\/api\/me\/documents$/","json(res, 400, { error: 'Files can be up to 4 MB.' })","Retained / automatic handling as stated in source"
"B1158","server.js","5066","HTTP 401","Please log in.","(!user)","Request rejected or operation failed","'POST' /^\/api\/me\/photo$/","json(res, 401, { error: 'Please log in.' })","Retained / automatic handling as stated in source"
"B1159","server.js","5067","HTTP 429","Too many uploads — try again later.","(limited(ip, 'photo', 20))","Request rejected or operation failed","'POST' /^\/api\/me\/photo$/","json(res, 429, { error: 'Too many uploads — try again later.' })","Retained / automatic handling as stated in source"
"B1160","server.js","5073","HTTP 400","Your photo is part of your public profile — upload a new one to change it.","(body && body.remove) AND (isWorker)","Request rejected or operation failed","'POST' /^\/api\/me\/photo$/","json(res, 400, { error: 'Your photo is part of your public profile — upload a new one to change it.' })","Retained / automatic handling as stated in source"
"B1161","server.js","5079","HTTP 400","Choose a photo first.","(!body.file || !body.file.data)","Request rejected or operation failed","'POST' /^\/api\/me\/photo$/","json(res, 400, { error: 'Choose a photo first.' })","Retained / automatic handling as stated in source"
"B1162","server.js","5081","HTTP 400","Photos must be JPG or PNG.","(!PHOTO_MIMES[mime])","Request rejected or operation failed","'POST' /^\/api\/me\/photo$/","json(res, 400, { error: 'Photos must be JPG or PNG.' })","Retained / automatic handling as stated in source"
"B1163","server.js","5083","HTTP 400","Could not read that photo.","At this operation","Request rejected or operation failed","'POST' /^\/api\/me\/photo$/","json(res, 400, { error: 'Could not read that photo.' })","Retained / automatic handling as stated in source"
"B1164","server.js","5084","HTTP 400","Photos can be up to 3 MB.","(!buf.length || buf.length > 3 * 1024 * 1024)","Request rejected or operation failed","'POST' /^\/api\/me\/photo$/","json(res, 400, { error: 'Photos can be up to 3 MB.' })","Retained / automatic handling as stated in source"
"B1165","server.js","5101","HTTP 403","Workers only.","(!user || user.role !== 'worker')","Request rejected or operation failed","'GET' /^\/api\/me\/profile$/","json(res, 403, { error: 'Workers only.' })","Retained / automatic handling as stated in source"
"B1166","server.js","5120","HTTP 403","Workers only.","(!user || user.role !== 'worker')","Request rejected or operation failed","'POST' /^\/api\/me\/profile$/","json(res, 403, { error: 'Workers only.' })","Retained / automatic handling as stated in source"
"B1167","server.js","5123","HTTP 400","res 400 {error:e.message}","At this operation","Request rejected or operation failed","'POST' /^\/api\/me\/profile$/","json(res,400,{error:e.message})","Retained / automatic handling as stated in source"
"B1168","server.js","5142","HTTP 400","Nothing to change.","(!sets.length)","Request rejected or operation failed","'POST' /^\/api\/me\/profile$/","json(res,400,{error:'Nothing to change.'})","Retained / automatic handling as stated in source"
"B1169","server.js","5148","HTTP 403","Workers only.","(!user || user.role !== 'worker')","Request rejected or operation failed","'POST' /^\/api\/me\/documents\/(\d+)\/delete$/","json(res, 403, { error: 'Workers only.' })","Retained / automatic handling as stated in source"
"B1170","server.js","5150","HTTP 404","No such document.","(!d)","Request rejected or operation failed","'POST' /^\/api\/me\/documents\/(\d+)\/delete$/","json(res, 404, { error: 'No such document.' })","Retained / automatic handling as stated in source"
"B1171","server.js","5151","HTTP 400","That one's been verified — ask The Care Web team to update it.","(d.verified_at)","Request rejected or operation failed","'POST' /^\/api\/me\/documents\/(\d+)\/delete$/","json(res, 400, { error: 'That one\'s been verified — ask The Care Web team to update it.' })","Retained / automatic handling as stated in source"
"B1172","server.js","5158","HTTP 401","Please log in.","(!user)","Request rejected or operation failed","'GET' /^\/api\/documents\/(\d+)\/file$/","json(res, 401, { error: 'Please log in.' })","Retained / automatic handling as stated in source"
"B1173","server.js","5160","HTTP 404","No file.","(!d || !d.file_path)","Request rejected or operation failed","'GET' /^\/api\/documents\/(\d+)\/file$/","json(res, 404, { error: 'No file.' })","Retained / automatic handling as stated in source"
"B1174","server.js","5161","HTTP 403","Not yours.","(!(user.admin || user.id === d.worker_id))","Request rejected or operation failed","'GET' /^\/api\/documents\/(\d+)\/file$/","json(res, 403, { error: 'Not yours.' })","Retained / automatic handling as stated in source"
"B1175","server.js","5162","HTTP 404","File missing from disk.","(!fs.existsSync(d.file_path))","Request rejected or operation failed","'GET' /^\/api\/documents\/(\d+)\/file$/","json(res, 404, { error: 'File missing from disk.' })","Retained / automatic handling as stated in source"
"B1176","server.js","5180","Access / decision gate","requireAdmin(user, res)","(!requireAdmin(user, res))","Checks access or an operation precondition; inspect the referenced helper","'GET' /^\/api\/admin\/credentials$/","requireAdmin(user, res)","Retained / automatic handling as stated in source"
"B1177","server.js","5196","Access / decision gate","requireAdmin(user, res)","(!requireAdmin(user, res))","Checks access or an operation precondition; inspect the referenced helper","'POST' /^\/api\/admin\/documents\/(\d+)\/verify$/","requireAdmin(user, res)","Retained / automatic handling as stated in source"
"B1178","server.js","5199","HTTP 404","No such document.","(!d)","Request rejected or operation failed","'POST' /^\/api\/admin\/documents\/(\d+)\/verify$/","json(res, 404, { error: 'No such document.' })","Retained / automatic handling as stated in source"
"B1179","server.js","5246","Access / decision gate","requireAdmin(user, res)","(!requireAdmin(user, res))","Checks access or an operation precondition; inspect the referenced helper","'POST' /^\/api\/admin\/documents\/(\d+)\/reject$/","requireAdmin(user, res)","Retained / automatic handling as stated in source"
"B1180","server.js","5249","HTTP 404","No such document.","(!d)","Request rejected or operation failed","'POST' /^\/api\/admin\/documents\/(\d+)\/reject$/","json(res, 404, { error: 'No such document.' })","Retained / automatic handling as stated in source"
"B1181","server.js","5251","HTTP 400","Say why you can't accept it — the worker can only fix what they can see.","(!reason)","Request rejected or operation failed","'POST' /^\/api\/admin\/documents\/(\d+)\/reject$/","json(res, 400, { error: 'Say why you can\'t accept it — the worker can only fix what they can see.' })","Retained / automatic handling as stated in source"
"B1182","server.js","5277","Access / decision gate","requireAdmin(user, res)","(!requireAdmin(user, res))","Checks access or an operation precondition; inspect the referenced helper","'POST' /^\/api\/admin\/workers\/(\d+)\/screening$/","requireAdmin(user, res)","Retained / automatic handling as stated in source"
"B1183","server.js","5280","HTTP 404","No such worker.","(!w)","Request rejected or operation failed","'POST' /^\/api\/admin\/workers\/(\d+)\/screening$/","json(res, 404, { error: 'No such worker.' })","Retained / automatic handling as stated in source"
"B1184","server.js","5283","HTTP 400","Status must be one of: ${OK.join(', ')}.","(!status)","Request rejected or operation failed","'POST' /^\/api\/admin\/workers\/(\d+)\/screening$/","json(res, 400, { error: `Status must be one of: ${OK.join(', ')}.` })","Retained / automatic handling as stated in source"
"B1185","server.js","5305","Access / decision gate","requireAdmin(user, res)","(!requireAdmin(user, res))","Checks access or an operation precondition; inspect the referenced helper","'POST' /^\/api\/admin\/workers\/(\d+)\/banning$/","requireAdmin(user, res)","Retained / automatic handling as stated in source"
"B1186","server.js","5308","HTTP 404","No such worker.","(!w)","Request rejected or operation failed","'POST' /^\/api\/admin\/workers\/(\d+)\/banning$/","json(res, 404, { error: 'No such worker.' })","Retained / automatic handling as stated in source"
"B1187","server.js","5318","HTTP 400","Give a result for at least one register — one of: ${OK.join(', ')}.","(!given.ndis && !given.aged && !given.acqsc)","Request rejected or operation failed","'POST' /^\/api\/admin\/workers\/(\d+)\/banning$/","json(res, 400, { error: `Give a result for at least one register — one of: ${OK.join(', ')}.` })","Retained / automatic handling as stated in source"
"B1188","server.js","5344","Access / decision gate","requireAdmin(user, res)","(!requireAdmin(user, res))","Checks access or an operation precondition; inspect the referenced helper","'POST' /^\/api\/admin\/workers\/(\d+)\/platform-block$/","requireAdmin(user, res)","Retained / automatic handling as stated in source"
"B1189","server.js","5347","HTTP 404","No such worker.","(!w)","Request rejected or operation failed","'POST' /^\/api\/admin\/workers\/(\d+)\/platform-block$/","json(res, 404, { error: 'No such worker.' })","Retained / automatic handling as stated in source"
"B1190","server.js","5372","Access / decision gate","requireAdmin(user, res)","(!requireAdmin(user, res))","Checks access or an operation precondition; inspect the referenced helper","'POST' /^\/api\/admin\/documents\/(\d+)\/retype$/","requireAdmin(user, res)","Retained / automatic handling as stated in source"
"B1191","server.js","5375","HTTP 404","No such document.","(!d)","Request rejected or operation failed","'POST' /^\/api\/admin\/documents\/(\d+)\/retype$/","json(res, 404, { error: 'No such document.' })","Retained / automatic handling as stated in source"
"B1192","server.js","5377","HTTP 400","Pick a document type to move it to.","(!to)","Request rejected or operation failed","'POST' /^\/api\/admin\/documents\/(\d+)\/retype$/","json(res, 400, { error: 'Pick a document type to move it to.' })","Retained / automatic handling as stated in source"
"B1193","server.js","5378","HTTP 400","It is already filed as ${to.label}.","(to.key === d.doc_type)","Request rejected or operation failed","'POST' /^\/api\/admin\/documents\/(\d+)\/retype$/","json(res, 400, { error: `It is already filed as ${to.label}.` })","Retained / automatic handling as stated in source"
"B1194","server.js","5380","HTTP 400","${to.label} needs an expiry date. Add one to this document first, or ask the worker to re-upload it.","(to.expiry === 'required' && !d.expiry_date)","Request rejected or operation failed","'POST' /^\/api\/admin\/documents\/(\d+)\/retype$/","json(res, 400, { error: `${to.label} needs an expiry date. Add one to this document first, or ask the worker to re-upload it.` })","Retained / automatic handling as stated in source"
"B1195","server.js","5383","HTTP 400","${to.label} needs a name — this document doesn't have one.","(to.needsLabel && !d.label)","Request rejected or operation failed","'POST' /^\/api\/admin\/documents\/(\d+)\/retype$/","json(res, 400, { error: `${to.label} needs a name — this document doesn't have one.` })","Retained / automatic handling as stated in source"
"B1196","server.js","5395","Access / decision gate","requireAdmin(user, res)","(!requireAdmin(user, res))","Checks access or an operation precondition; inspect the referenced helper","'POST' /^\/api\/admin\/documents\/(\d+)\/delete$/","requireAdmin(user, res)","Retained / automatic handling as stated in source"
"B1197","server.js","5397","HTTP 404","No such document.","(!d)","Request rejected or operation failed","'POST' /^\/api\/admin\/documents\/(\d+)\/delete$/","json(res, 404, { error: 'No such document.' })","Retained / automatic handling as stated in source"
"B1198","server.js","5524","Access / decision gate","requireAdmin(user, res)","(!requireAdmin(user, res))","Checks access or an operation precondition; inspect the referenced helper","'POST' /^\/api\/admin\/credentials\/sweep$/","requireAdmin(user, res)","Retained / automatic handling as stated in source"
"B1199","server.js","5689","Access / decision gate","requireAdmin(user, res)","(!requireAdmin(user, res))","Checks access or an operation precondition; inspect the referenced helper","'GET' /^\/api\/admin\/pipeline$/","requireAdmin(user, res)","Retained / automatic handling as stated in source"
"B1200","server.js","5696","Access / decision gate","requireAdmin(user, res)","(!requireAdmin(user, res))","Checks access or an operation precondition; inspect the referenced helper","'GET' /^\/api\/admin\/compliance\/0137$/","requireAdmin(user, res)","Retained / automatic handling as stated in source"
"B1201","server.js","5701","Access / decision gate","requireAdmin(user, res)","(!requireAdmin(user, res))","Checks access or an operation precondition; inspect the referenced helper","'POST' /^\/api\/admin\/compliance\/0137\/settings$/","requireAdmin(user, res)","Retained / automatic handling as stated in source"
"B1202","server.js","5709","Access / decision gate","requireAdmin(user, res)","(!requireAdmin(user, res))","Checks access or an operation precondition; inspect the referenced helper","'GET' /^\/api\/admin\/compliance\/log$/","requireAdmin(user, res)","Retained / automatic handling as stated in source"
"B1203","server.js","5721","Access / decision gate","requireAdmin(user, res)","(!requireAdmin(user, res))","Checks access or an operation precondition; inspect the referenced helper","'GET' /^\/api\/admin\/compliance\/0137\.csv$/","requireAdmin(user, res)","Retained / automatic handling as stated in source"
"B1204","server.js","5751","Access / decision gate","requireAdmin(user, res)","(!requireAdmin(user, res))","Checks access or an operation precondition; inspect the referenced helper","'GET' /^\/api\/admin\/compliance\/log\.csv$/","requireAdmin(user, res)","Retained / automatic handling as stated in source"
"B1205","server.js","5768","Access / decision gate","requireAdmin(user, res)","(!requireAdmin(user, res))","Checks access or an operation precondition; inspect the referenced helper","'POST' /^\/api\/admin\/compliance\/0137\/reconcile$/","requireAdmin(user, res)","Retained / automatic handling as stated in source"
"B1206","server.js","5795","HTTP 401","Please log in.","(!user)","Request rejected or operation failed","'POST' /^\/api\/incidents$/","json(res, 401, { error: 'Please log in.' })","Retained / automatic handling as stated in source"
"B1207","server.js","5796","HTTP 429","Slow down a moment.","(limited(ip, 'incidents', 30))","Request rejected or operation failed","'POST' /^\/api\/incidents$/","json(res, 429, { error: 'Slow down a moment.' })","Retained / automatic handling as stated in source"
"B1208","server.js","5799","HTTP 400","Describe what happened.","(!description)","Request rejected or operation failed","'POST' /^\/api\/incidents$/","json(res, 400, { error: 'Describe what happened.' })","Retained / automatic handling as stated in source"
"B1209","server.js","5802","HTTP 400","res 400 {error:e.message}","At this operation","Request rejected or operation failed","'POST' /^\/api\/incidents$/","json(res,400,{error:e.message})","Retained / automatic handling as stated in source"
"B1210","server.js","5805","HTTP 403","Not your booking.","(body.booking_id && (!incidentBooking || !WORKFLOW?.bookingAllowed(req,user,incidentBooking)))","Request rejected or operation failed","'POST' /^\/api\/incidents$/","json(res,403,{error:'Not your booking.'})","Retained / automatic handling as stated in source"
"B1211","server.js","5825","Access / decision gate","requireAdmin(user, res)","(!requireAdmin(user,res))","Checks access or an operation precondition; inspect the referenced helper","'GET' /^\/api\/admin\/today-actions$/","requireAdmin(user,res)","Retained / automatic handling as stated in source"
"B1212","server.js","5830","Access / decision gate","requireAdmin(user, res)","(!requireAdmin(user, res))","Checks access or an operation precondition; inspect the referenced helper","'GET' /^\/api\/admin\/incidents$/","requireAdmin(user, res)","Retained / automatic handling as stated in source"
"B1213","server.js","5835","Access / decision gate","requireAdmin(user, res)","(!requireAdmin(user, res))","Checks access or an operation precondition; inspect the referenced helper","'POST' /^\/api\/admin\/incidents\/(\d+)$/","requireAdmin(user, res)","Retained / automatic handling as stated in source"
"B1214","server.js","5837","HTTP 404","No such incident.","(!i)","Request rejected or operation failed","'POST' /^\/api\/admin\/incidents\/(\d+)$/","json(res, 404, { error: 'No such incident.' })","Retained / automatic handling as stated in source"
"B1215","server.js","5839","HTTP 409","res 409 {error:e.message}","At this operation","Request rejected or operation failed","'POST' /^\/api\/admin\/incidents\/(\d+)$/","json(res,409,{error:e.message})","Retained / automatic handling as stated in source"
"B1216","server.js","5844","Access / decision gate","requireAdmin(user, res)","(!requireAdmin(user, res))","Checks access or an operation precondition; inspect the referenced helper","'GET' /^\/api\/admin\/incidents\.csv$/","requireAdmin(user, res)","Retained / automatic handling as stated in source"
"B1217","server.js","5856","Access / decision gate","requireAdmin(user, res)","(!requireAdmin(user, res))","Checks access or an operation precondition; inspect the referenced helper","'POST' /^\/api\/admin\/complaints$/","requireAdmin(user, res)","Retained / automatic handling as stated in source"
"B1218","server.js","5858","HTTP 400","Give the complaint a one-line summary.","(!summary)","Request rejected or operation failed","'POST' /^\/api\/admin\/complaints$/","json(res, 400, { error: 'Give the complaint a one-line summary.' })","Retained / automatic handling as stated in source"
"B1219","server.js","5865","Access / decision gate","requireAdmin(user, res)","(!requireAdmin(user, res))","Checks access or an operation precondition; inspect the referenced helper","'GET' /^\/api\/admin\/complaints$/","requireAdmin(user, res)","Retained / automatic handling as stated in source"
"B1220","server.js","5870","Access / decision gate","requireAdmin(user, res)","(!requireAdmin(user, res))","Checks access or an operation precondition; inspect the referenced helper","'POST' /^\/api\/admin\/complaints\/(\d+)$/","requireAdmin(user, res)","Retained / automatic handling as stated in source"
"B1221","server.js","5872","HTTP 404","No such complaint.","(!c)","Request rejected or operation failed","'POST' /^\/api\/admin\/complaints\/(\d+)$/","json(res, 404, { error: 'No such complaint.' })","Retained / automatic handling as stated in source"
"B1222","server.js","5876","HTTP 400","Unknown action.","NOT (body.action === 'acknowledge') AND NOT (body.action === 'resolve') AND NOT (body.action === 'reopen')","Request rejected or operation failed","'POST' /^\/api\/admin\/complaints\/(\d+)$/","json(res, 400, { error: 'Unknown action.' })","Retained / automatic handling as stated in source"
"B1223","server.js","5881","Access / decision gate","requireAdmin(user, res)","(!requireAdmin(user, res))","Checks access or an operation precondition; inspect the referenced helper","'GET' /^\/api\/admin\/complaints\.csv$/","requireAdmin(user, res)","Retained / automatic handling as stated in source"
"B1224","server.js","5892","Access / decision gate","requireAdmin(user, res)","(!requireAdmin(user, res))","Checks access or an operation precondition; inspect the referenced helper","'GET' /^\/api\/admin\/payroll\.csv$/","requireAdmin(user, res)","Retained / automatic handling as stated in source"
"B1225","server.js","5971","HTTP 400","Choose a future visit.","(wantsInterval) AND (bookingStart(proposed)<=new Date())","Request rejected or operation failed","'GET' /^\/api\/workers$/","json(res,400,{error:'Choose a future visit.'})","Retained / automatic handling as stated in source"
"B1226","server.js","6019","HTTP 404","That profile isn't available right now.","(!row)","Request rejected or operation failed","'GET' /^\/api\/workers\/(\d+)$/","json(res, 404, { error: 'That profile isn\'t available right now.' })","Retained / automatic handling as stated in source"
"B1227","server.js","6020","HTTP 404","That profile isn't available right now.","(!platformEligible(row.user_id, row.email))","Request rejected or operation failed","'GET' /^\/api\/workers\/(\d+)$/","json(res, 404, { error: 'That profile isn\'t available right now.' })","Retained / automatic handling as stated in source"
"B1228","server.js","6153","HTTP 409","res 409 {...fit,out_of_area_token:token}","At this operation","Request rejected or operation failed","outOfAreaReply","json(res,409,{...fit,out_of_area_token:token})","Retained / automatic handling as stated in source"
"B1229","server.js","6158","Returned error / decision","The office must record and independently review the excluded-support arrangement for this worker and visit before acceptance. · scope_handoff","(options.accept) AND (scope&&!scope.ready)","Returns an error, blocked or false decision object","assignmentCheck","return {ok:false,error:'The office must record and independently review the excluded-support arrangement for this worker and visit before acceptance.',code:'scope_handoff'};","Retained / automatic handling as stated in source"
"B1230","server.js","6159","Returned error / decision","A sleepover must last 8–10 hours and start between 20:00 and 01:00. · sleepover_shape","(full?.sleepover && (!(Number(full.hours)>=SLEEPOVER_HOURS_MIN && Number(full.hours)<=SLEEPOVER_HOURS_MAX) || !(String(full.start)>='20:00'||String(full.start)<='01:00')))","Returns an error, blocked or false decision object","assignmentCheck","return {error:'A sleepover must last 8–10 hours and start between 20:00 and 01:00.',code:'sleepover_shape'};","Retained / automatic handling as stated in source"
"B1231","server.js","6191","HTTP 400","res 400 {error,invalid_interval:true}","(error)","Request rejected or operation failed","incomingInterval","json(res,400,{error,invalid_interval:true})","Retained / automatic handling as stated in source"
"B1232","server.js","6191","Boolean decision","False result from incomingInterval","(error)","Eligibility or control result is false; caller determines effect","incomingInterval","return false;","Retained / automatic handling as stated in source"
"B1233","server.js","6196","HTTP 401","Please log in.","(!user)","Request rejected or operation failed","'GET' /^\/api\/conversations$/","json(res, 401, { error: 'Please log in.' })","Retained / automatic handling as stated in source"
"B1234","server.js","6200","HTTP 403","Choose a client first, or ask them to give you access to messages.","(user.role === 'coordinator' && !pers)","Request rejected or operation failed","'GET' /^\/api\/conversations$/","json(res, 403, { error: 'Choose a client first, or ask them to give you access to messages.' })","Retained / automatic handling as stated in source"
"B1235","server.js","6211","HTTP 401","Please log in.","(!user)","Request rejected or operation failed","'POST' /^\/api\/conversations$/","json(res, 401, { error: 'Please log in.' })","Retained / automatic handling as stated in source"
"B1236","server.js","6214","HTTP 403","Choose a client first, or ask them to give you access to messages.","(user.role === 'coordinator' && !asPers)","Request rejected or operation failed","'POST' /^\/api\/conversations$/","json(res, 403, { error: 'Choose a client first, or ask them to give you access to messages.' })","Retained / automatic handling as stated in source"
"B1237","server.js","6219","HTTP 404","Worker not found.","(user.role === 'participant' || asPers) AND (!w)","Request rejected or operation failed","'POST' /^\/api\/conversations$/","json(res, 404, { error: 'Worker not found.' })","Retained / automatic handling as stated in source"
"B1238","server.js","6224","HTTP 400","That worker isn't taking messages yet.","(user.role === 'participant' || asPers) AND (!w.visible || !platformEligible(workerId, w.email))","Request rejected or operation failed","'POST' /^\/api\/conversations$/","json(res, 400, { error: 'That worker isn\'t taking messages yet.' })","Retained / automatic handling as stated in source"
"B1239","server.js","6229","HTTP 404","Participant not found.","NOT (user.role === 'participant' || asPers) AND (!p)","Request rejected or operation failed","'POST' /^\/api\/conversations$/","json(res, 404, { error: 'Participant not found.' })","Retained / automatic handling as stated in source"
"B1240","server.js","6241","HTTP 401","Please log in.","(!user)","Request rejected or operation failed","'GET' /^\/api\/conversations\/(\d+)\/messages$/","json(res, 401, { error: 'Please log in.' })","Retained / automatic handling as stated in source"
"B1241","server.js","6243","HTTP 404","Conversation not found.","(!convo)","Request rejected or operation failed","'GET' /^\/api\/conversations\/(\d+)\/messages$/","json(res, 404, { error: 'Conversation not found.' })","Retained / automatic handling as stated in source"
"B1242","server.js","6248","HTTP 400","res 400 {error:e.message}","At this operation","Request rejected or operation failed","'GET' /^\/api\/conversations\/(\d+)\/messages$/","json(res,400,{error:e.message})","Retained / automatic handling as stated in source"
"B1243","server.js","6272","HTTP 401","Please log in.","(!user)","Request rejected or operation failed","'POST' /^\/api\/conversations\/(\d+)\/read$/","json(res,401,{error:'Please log in.'})","Retained / automatic handling as stated in source"
"B1244","server.js","6273","HTTP 404","Conversation not found.","(!c)","Request rejected or operation failed","'POST' /^\/api\/conversations\/(\d+)\/read$/","json(res,404,{error:'Conversation not found.'})","Retained / automatic handling as stated in source"
"B1245","server.js","6275","HTTP 400","Choose up to 500 displayed message IDs.","(!Array.isArray(ids)||!ids.length||ids.length>500||ids.some(i=>!Number.isSafeInteger(i)||i<1))","Request rejected or operation failed","'POST' /^\/api\/conversations\/(\d+)\/read$/","json(res,400,{error:'Choose up to 500 displayed message IDs.'})","Retained / automatic handling as stated in source"
"B1246","server.js","6281","HTTP 401","Please log in.","(!user)","Request rejected or operation failed","'POST' /^\/api\/conversations\/(\d+)\/messages$/","json(res, 401, { error: 'Please log in.' })","Retained / automatic handling as stated in source"
"B1247","server.js","6283","HTTP 404","Conversation not found.","(!convo)","Request rejected or operation failed","'POST' /^\/api\/conversations\/(\d+)\/messages$/","json(res, 404, { error: 'Conversation not found.' })","Retained / automatic handling as stated in source"
"B1248","server.js","6290","HTTP 409","Your profile isn't active on The Care Web right now, so messaging is paused. The office can help you get back on. · This worker is currently unavailable on The Care Web, so this conversation is read-only for now. Contact The Care Web if you need help arranging another worker.","(!thrW || !thrW.visible || !platformEligible(convo.worker_id, thrW.email))","Request rejected or operation failed","'POST' /^\/api\/conversations\/(\d+)\/messages$/","json(res, 409, { read_only: true, error: user.id === convo.worker_id ? ""Your profile isn't active on The Care Web right now, so messaging is paused. The office can help you get back on."" : 'This worker is currently unavailable on The Care Web, so this conversation is read-only for now. Contact The Care Web if you need help arranging another worker.' })","Retained / automatic handling as stated in source"
"B1249","server.js","6304","HTTP 403","You have access to messages but not to documents on this account, so you can write but not attach.","(body.doc_kind || body.doc_id) AND (convo.as_id !== user.id && !onBehalf)","Request rejected or operation failed","'POST' /^\/api\/conversations\/(\d+)\/messages$/","json(res, 403, { error: 'You have access to messages but not to documents on this account, so you can write but not attach.' })","Retained / automatic handling as stated in source"
"B1250","server.js","6306","HTTP 400","That document isn't one of yours, so it can't be attached.","(body.doc_kind || body.doc_id) AND (!att)","Request rejected or operation failed","'POST' /^\/api\/conversations\/(\d+)\/messages$/","json(res, 400, { error: 'That document isn\'t one of yours, so it can\'t be attached.' })","Retained / automatic handling as stated in source"
"B1251","server.js","6307","HTTP 400","That record has no file attached to it yet.","(body.doc_kind || body.doc_id) AND (!att.has_file)","Request rejected or operation failed","'POST' /^\/api\/conversations\/(\d+)\/messages$/","json(res, 400, { error: 'That record has no file attached to it yet.' })","Retained / automatic handling as stated in source"
"B1252","server.js","6309","HTTP 400","Message can't be empty.","(!text && !att)","Request rejected or operation failed","'POST' /^\/api\/conversations\/(\d+)\/messages$/","json(res, 400, { error: 'Message can\'t be empty.' })","Retained / automatic handling as stated in source"
"B1253","server.js","6366","Readiness / eligibility","a confirmed email address · #/account · verify-email · billing · We sent a confirmation link to ${u.email || 'your email address'}. Open it and press the button — that is where your invoices and shift confirmations will go. If it has not arrived, press “Send it again” at the top of the page.","(!u.verified && !isDemoWorker(u.email))","Adds a named condition to the returned readiness or error list","firstBookingBlockers","missing.push({ what: 'a confirmed email address', where: '#/account', key: 'verify-email', section: 'billing', yours: true, why: `We sent a confirmation link to ${u.email || 'your email address'}. Open it and press the button \u2014 that is where your invoices and shift confirmations will go. If it has not arrived, press \u201cSend it again\u201d at the top of the page.` })","Retained / automatic handling as stated in source"
"B1254","server.js","6370","Readiness / eligibility","how the support is funded · #/account/billing · billing · billing · An invoice has to have somewhere to go before a shift is worth booking.","(!u.plan || u.plan === 'none')","Adds a named condition to the returned readiness or error list","firstBookingBlockers","missing.push({ what: 'how the support is funded', where: '#/account/billing', key: 'billing', section: 'billing', yours: true, why: 'An invoice has to have somewhere to go before a shift is worth booking.' })","Retained / automatic handling as stated in source"
"B1255","server.js","6375","Readiness / eligibility","the Service Agreement · #/account/documents · p-agreement · documents · Read it and press I agree. The terms have to be agreed before supports start.","(!agreed('p-agreement'))","Adds a named condition to the returned readiness or error list","firstBookingBlockers","missing.push({ what: 'the Service Agreement', where: '#/account/documents', key: 'p-agreement', section: 'documents', yours: true, why: 'Read it and press I agree. The terms have to be agreed before supports start.' })","Retained / automatic handling as stated in source"
"B1256","server.js","6379","Readiness / eligibility","the privacy consent · #/account/documents · p-consent-privacy · documents · Read it and press I agree. We need your consent before we hold and share your information.","(!agreed('p-consent-privacy'))","Adds a named condition to the returned readiness or error list","firstBookingBlockers","missing.push({ what: 'the privacy consent', where: '#/account/documents', key: 'p-consent-privacy', section: 'documents', yours: true, why: 'Read it and press I agree. We need your consent before we hold and share your information.' })","Retained / automatic handling as stated in source"
"B1257","server.js","6384","Readiness / eligibility","a copy of the NDIS plan · #/account/documents · ndis-plan · documents · Upload a photo or PDF of the current NDIS plan (Settings › My documents › Add a document). Our office checks it before the first shift.","(u.plan !== 'private' && !ndisPlan)","Adds a named condition to the returned readiness or error list","firstBookingBlockers","missing.push({ what: 'a copy of the NDIS plan', where: '#/account/documents', key: 'ndis-plan', section: 'documents', yours: true, why: 'Upload a photo or PDF of the current NDIS plan (Settings › My documents › Add a document). Our office checks it before the first shift.' })","Retained / automatic handling as stated in source"
"B1258","server.js","6387","Readiness / eligibility","our office’s check of the NDIS plan · #/account/documents · ndis-plan-check · documents · We have the NDIS plan. Nothing for you to do — our office is checking it against your plan dates.","NOT (u.plan !== 'private' && !ndisPlan) AND (u.plan !== 'private' && !ndisPlan.verified_at)","Adds a named condition to the returned readiness or error list","firstBookingBlockers","missing.push({ what: 'our office\u2019s check of the NDIS plan', where: '#/account/documents', key: 'ndis-plan-check', section: 'documents', yours: false, why: 'We have the NDIS plan. Nothing for you to do \u2014 our office is checking it against your plan dates.' })","Retained / automatic handling as stated in source"
"B1259","server.js","6391","Readiness / eligibility","who manages the account · #/account/documents · nominee · documents · You have told us the person receiving support is under 18, so a parent or guardian has to be named as managing this account before the first shift.","(u.under_18 && !u.nominee_name)","Adds a named condition to the returned readiness or error list","firstBookingBlockers","missing.push({ what: 'who manages the account', where: '#/account/documents', key: 'nominee', section: 'documents', yours: true, why: 'You have told us the person receiving support is under 18, so a parent or guardian has to be named as managing this account before the first shift.' })","Retained / automatic handling as stated in source"
"B1260","server.js","6395","Readiness / eligibility","a support plan · #/support-plan · support-plan · support-plan · It is how a worker knows how · want · · s · to be supported before the first shift, not after it.","(!plan || plan.status !== 'confirmed')","Adds a named condition to the returned readiness or error list","firstBookingBlockers","missing.push({ what: 'a support plan', where: '#/support-plan', key: 'support-plan', section: 'support-plan', yours: true, why: 'It is how a worker knows how ' + youOr + ' want' + (self ? '' : 's') + ' to be supported before the first shift, not after it.' })","Retained / automatic handling as stated in source"
"B1261","server.js","6400","Readiness / eligibility","our office’s review of the support plan · #/support-plan · plan-review · support-plan · We read every new support plan before the first shift. Nothing for you to do — you will hear from us when it is done.","NOT (!plan || plan.status !== 'confirmed') AND (pr.awaiting_first_review)","Adds a named condition to the returned readiness or error list","firstBookingBlockers","missing.push({ what: 'our office\u2019s review of the support plan', where: '#/support-plan', key: 'plan-review', section: 'support-plan', yours: false, why: 'We read every new support plan before the first shift. Nothing for you to do \u2014 you will hear from us when it is done.' })","Retained / automatic handling as stated in source"
"B1262","server.js","6403","Readiness / eligibility","an updated support plan · #/support-plan · plan-review-due · support-plan · The support plan was due for review on ${dmy(plan.review_due)}. New bookings resume as soon as it is updated; existing shifts are unaffected.","NOT (!plan || plan.status !== 'confirmed') AND NOT (pr.awaiting_first_review) AND (plan.review_due && plan.review_due < ymd())","Adds a named condition to the returned readiness or error list","firstBookingBlockers","missing.push({ what: 'an updated support plan', where: '#/support-plan', key: 'plan-review-due', section: 'support-plan', yours: true, why: `The support plan was due for review on ${dmy(plan.review_due)}. New bookings resume as soon as it is updated; existing shifts are unaffected.` })","Retained / automatic handling as stated in source"
"B1263","server.js","6411","HTTP 401","Please log in.","(!user)","Request rejected or operation failed","'GET' /^\/api\/me\/blockers$/","json(res, 401, { error: 'Please log in.' })","Retained / automatic handling as stated in source"
"B1264","server.js","6457","HTTP 403","Admin only.","(!user || !user.admin)","Request rejected or operation failed","'GET' /^\/api\/admin\/participants\/(\d+)\/plan$/","json(res, 403, { error: 'Admin only.' })","Retained / automatic handling as stated in source"
"B1265","server.js","6460","HTTP 404","No such participant.","(!u)","Request rejected or operation failed","'GET' /^\/api\/admin\/participants\/(\d+)\/plan$/","json(res, 404, { error: 'No such participant.' })","Retained / automatic handling as stated in source"
"B1266","server.js","6471","Returned status / rejection reason","","(!qs.length)","Returned message / status; caller decides whether it blocks","'GET' /^\/api\/admin\/participants\/(\d+)\/plan$/","return '';","Retained / automatic handling as stated in source"
"B1267","server.js","6489","Access / decision gate","requireAdmin(user, res)","(!requireAdmin(user, res))","Checks access or an operation precondition; inspect the referenced helper","'POST' /^\/api\/admin\/participants\/(\d+)\/plan-review$/","requireAdmin(user, res)","Retained / automatic handling as stated in source"
"B1268","server.js","6492","HTTP 400","There is no confirmed support plan to review yet.","(!cur || cur.status !== 'confirmed')","Request rejected or operation failed","'POST' /^\/api\/admin\/participants\/(\d+)\/plan-review$/","json(res, 400, { error: 'There is no confirmed support plan to review yet.' })","Retained / automatic handling as stated in source"
"B1269","server.js","6499","Error / validation","Exception from e","At this operation","Stops this operation and propagates an error","'POST' /^\/api\/admin\/participants\/(\d+)\/plan-review$/","throw e;","Retained / automatic handling as stated in source"
"B1270","server.js","6516","HTTP 401","Please log in.","(!user)","Request rejected or operation failed","'GET' /^\/api\/me\/booking-alerts$/","json(res, 401, { error: 'Please log in.' })","Retained / automatic handling as stated in source"
"B1271","server.js","6520","HTTP 401","Please log in.","(!user)","Request rejected or operation failed","'GET' /^\/api\/bookings\/calendar$/","json(res, 401, { error: 'Please log in.' })","Retained / automatic handling as stated in source"
"B1272","server.js","6522","HTTP 403","Choose a client with booking access, or ask them to grant it.","(user.role !== 'worker' && !pers)","Request rejected or operation failed","'GET' /^\/api\/bookings\/calendar$/","json(res, 403, { error: 'Choose a client with booking access, or ask them to grant it.' })","Retained / automatic handling as stated in source"
"B1273","server.js","6525","HTTP 400","Choose a valid calendar date and month or week view.","(!BOOKIT_TIME.validDate(date) || Number(date.slice(0,4)) < 1901 || Number(date.slice(0,4)) > 9998 || !['month','week'].includes(view))","Request rejected or operation failed","'GET' /^\/api\/bookings\/calendar$/","json(res, 400, { error: 'Choose a valid calendar date and month or week view.' })","Retained / automatic handling as stated in source"
"B1274","server.js","6547","HTTP 401","Please log in.","(!user)","Request rejected or operation failed","'GET' /^\/api\/bookings$/","json(res, 401, { error: 'Please log in.' })","Retained / automatic handling as stated in source"
"B1275","server.js","6551","HTTP 403","Choose a client first, or ask them to give you access to bookings.","(user.role === 'coordinator' && !pers)","Request rejected or operation failed","'GET' /^\/api\/bookings$/","json(res, 403, { error: 'Choose a client first, or ask them to give you access to bookings.' })","Retained / automatic handling as stated in source"
"B1276","server.js","6553","HTTP 400","Choose a valid booking.","(only !== null && !/^[1-9]\d*$/.test(only))","Request rejected or operation failed","'GET' /^\/api\/bookings$/","json(res,400,{error:'Choose a valid booking.'})","Retained / automatic handling as stated in source"
"B1277","server.js","6565","HTTP 404","Booking not found or no longer available to this account.","(only !== null && !rows.length)","Request rejected or operation failed","'GET' /^\/api\/bookings$/","json(res,404,{error:'Booking not found or no longer available to this account.'})","Retained / automatic handling as stated in source"
"B1278","server.js","6636","HTTP 401","Please log in.","(!user)","Request rejected or operation failed","'POST' /^\/api\/bookings$/","json(res, 401, { error: 'Please log in.' })","Retained / automatic handling as stated in source"
"B1279","server.js","6638","HTTP 403","coordinator · You don't have permission to book for that person. · Only participants can request bookings.","(!pers)","Request rejected or operation failed","'POST' /^\/api\/bookings$/","json(res, 403, { error: user && user.role === 'coordinator' ? 'You don\'t have permission to book for that person.' : 'Only participants can request bookings.' })","Retained / automatic handling as stated in source"
"B1280","server.js","6643","HTTP 404","Worker not found.","(!w)","Request rejected or operation failed","'POST' /^\/api\/bookings$/","json(res, 404, { error: 'Worker not found.' })","Retained / automatic handling as stated in source"
"B1281","server.js","6644","HTTP 400","That worker isn't taking bookings yet.","(!w.visible || !platformEligible(workerId, w.email))","Request rejected or operation failed","'POST' /^\/api\/bookings$/","json(res, 400, { error: 'That worker isn\'t taking bookings yet.' })","Retained / automatic handling as stated in source"
"B1282","server.js","6646","HTTP 400","That worker has been blocked from this account. Remove the block on the Team page if that was a mistake.","(blockedPair(pers.id, workerId))","Request rejected or operation failed","'POST' /^\/api\/bookings$/","json(res, 400, { error: 'That worker has been blocked from this account. Remove the block on the Team page if that was a mistake.' })","Retained / automatic handling as stated in source"
"B1283","server.js","6648","HTTP 400","Please choose a service.","(!SERVICES.includes(service))","Request rejected or operation failed","'POST' /^\/api\/bookings$/","json(res, 400, { error: 'Please choose a service.' })","Retained / automatic handling as stated in source"
"B1284","server.js","6650","HTTP 400","Please choose a date.","(!BOOKIT_TIME.validDate(date))","Request rejected or operation failed","'POST' /^\/api\/bookings$/","json(res, 400, { error: 'Please choose a date.' })","Retained / automatic handling as stated in source"
"B1285","server.js","6652","HTTP 400","Please choose a start time.","(!BOOKIT_TIME.validTime(start))","Request rejected or operation failed","'POST' /^\/api\/bookings$/","json(res, 400, { error: 'Please choose a start time.' })","Retained / automatic handling as stated in source"
"B1286","server.js","6657","HTTP 400","Bookings are between 2 and 10 hours.","(!intro && !(hours >= 2 && hours <= 10))","Request rejected or operation failed","'POST' /^\/api\/bookings$/","json(res, 400, { error: 'Bookings are between 2 and 10 hours.' })","Retained / automatic handling as stated in source"
"B1287","server.js","6660","HTTP 409","That start time has already passed. Choose a future time.","(bookingStart({ date, start }) <= new Date())","Request rejected or operation failed","'POST' /^\/api\/bookings$/","json(res, 409, { error: 'That start time has already passed. Choose a future time.' })","Retained / automatic handling as stated in source"
"B1288","server.js","6662","HTTP 400","A meet-and-greet is a fifteen-minute hello, not a sleepover.","(sleepover && intro)","Request rejected or operation failed","'POST' /^\/api\/bookings$/","json(res, 400, { error: 'A meet-and-greet is a fifteen-minute hello, not a sleepover.' })","Retained / automatic handling as stated in source"
"B1289","server.js","6668","HTTP 400","A sleepover is a night: ${SLEEPOVER_HOURS_MIN} hours, up to ${SLEEPOVER_HOURS_MAX}. For a shorter time overnight, book an ordinary shift — it is charged by the hour at the night rate.","(sleepover) AND (!(hours >= SLEEPOVER_HOURS_MIN && hours <= SLEEPOVER_HOURS_MAX))","Request rejected or operation failed","'POST' /^\/api\/bookings$/","json(res, 400, { error: `A sleepover is a night: ${SLEEPOVER_HOURS_MIN} hours, up to ${SLEEPOVER_HOURS_MAX}. For a shorter time overnight, book an ordinary shift \u2014 it is charged by the hour at the night rate.` })","Retained / automatic handling as stated in source"
"B1290","server.js","6670","HTTP 400","A sleepover starts between 8pm and 1am.","(sleepover) AND (!(sh >= 20 || sh <= 1))","Request rejected or operation failed","'POST' /^\/api\/bookings$/","json(res, 400, { error: 'A sleepover starts between 8pm and 1am.' })","Retained / automatic handling as stated in source"
"B1291","server.js","6696","HTTP 400","Before the first booking: ${missing.map(x => x.what).join(', ').replace(/, ([^,]*)$/, ' and $1')}. ${theirs.length ? `${theirs.length === 1 ? 'It takes a few minutes and it is' : 'They take a few minutes and they are'} ${pers.self ? 'yours' : 'theirs'} to do.` : ''}${ours.length ? ' Our office will let you know when its check is done.' : ''}","(missing.length)","Request rejected or operation failed","'POST' /^\/api\/bookings$/","json(res, 400, { needs_setup: true, missing, error: `Before the first booking: ${missing.map(x => x.what).join(', ').replace(/, ([^,]*)$/, ' and $1')}. ${theirs.length ? `${theirs.length === 1 ? 'It takes a few minutes and it is' : 'They take a few minutes and they are'} ${pers.self ? 'yours' : 'theirs'} to do.` : ''}${ours.length ? ' Our office will let you know when its check is done.' : ''}`.trim() })","Retained / automatic handling as stated in source"
"B1292","server.js","6705","HTTP 400","Choose a real end date for the repeating visits.","(body.repeat_until && !BOOKIT_TIME.validDate(body.repeat_until))","Request rejected or operation failed","'POST' /^\/api\/bookings$/","json(res,400,{error:'Choose a real end date for the repeating visits.'})","Retained / automatic handling as stated in source"
"B1293","server.js","6708","HTTP 400","Tell us when the repeating booking should stop — either an end date or a number of shifts.","(repeat && !until && !count)","Request rejected or operation failed","'POST' /^\/api\/bookings$/","json(res, 400, { error: 'Tell us when the repeating booking should stop \u2014 either an end date or a number of shifts.' })","Retained / automatic handling as stated in source"
"B1294","server.js","6710","HTTP 400","A meet-and-greet happens once.","(intro && repeat)","Request rejected or operation failed","'POST' /^\/api\/bookings$/","json(res, 400, { error: 'A meet-and-greet happens once.' })","Retained / automatic handling as stated in source"
"B1295","server.js","6712","HTTP 400","That end date is before the first shift.","(!dates.length)","Request rejected or operation failed","'POST' /^\/api\/bookings$/","json(res, 400, { error: 'That end date is before the first shift.' })","Retained / automatic handling as stated in source"
"B1296","server.js","6721","HTTP 409","You already have a booking with this worker at ${first.start} on ${dmy(first.date)} (${first.status}) that overlaps this one. · This worker already has a shift that overlaps ${clashes.length === 1 ? dmy(clashes[0]) : `${clashes.length} of these dates (${clashes.slice(0, 3).map(dmy).join(', ')}${clashes.length > 3 ? '\u2026' : ''})`}. Choose another time, or another worker.","(clashes.length)","Request rejected or operation failed","'POST' /^\/api\/bookings$/","json(res, 409, { clash: true, dates: clashes, error: dup ? `You already have a booking with this worker at ${first.start} on ${dmy(first.date)} (${first.status}) that overlaps this one.` : `This worker already has a shift that overlaps ${clashes.length === 1 ? dmy(clashes[0]) : `${clashes.length} of these dates (${clashes.slice(0, 3).map(dmy).join(', ')}${clashes.length > 3 ? '\u2026' : ''})`}. Choose another time, or another worker.` })","Retained / automatic handling as stated in source"
"B1297","server.js","6738","HTTP 400","res 400 fit","(!fit.ok) AND NOT (fit.confirm)","Request rejected or operation failed","'POST' /^\/api\/bookings$/","json(res,400,fit)","Retained / automatic handling as stated in source"
"B1298","server.js","6759","Error / validation","Exception from e","At this operation","Stops this operation and propagates an error","'POST' /^\/api\/bookings$/","throw e;","Retained / automatic handling as stated in source"
"B1299","server.js","6791","HTTP 403","Drafts are only available to the worker currently assigned to an accepted visit.","(!b)","Request rejected or operation failed","'GET' /^\/api\/bookings\/(\d+)\/note-draft$/","json(res,403,{error:'Drafts are only available to the worker currently assigned to an accepted visit.'})","Retained / automatic handling as stated in source"
"B1300","server.js","6792","HTTP 403","This relationship has ended. Contact the office about your record.","(blockedPair(b.participant_id,user.id))","Request rejected or operation failed","'GET' /^\/api\/bookings\/(\d+)\/note-draft$/","json(res,403,{error:'This relationship has ended. Contact the office about your record.'})","Retained / automatic handling as stated in source"
"B1301","server.js","6797","HTTP 403","This visit is no longer assigned to you as an accepted visit.","(!b)","Request rejected or operation failed","'PUT' /^\/api\/bookings\/(\d+)\/note-draft$/","json(res,403,{error:'This visit is no longer assigned to you as an accepted visit.'})","Retained / automatic handling as stated in source"
"B1302","server.js","6798","HTTP 403","This relationship has ended. Contact the office.","(blockedPair(b.participant_id,user.id))","Request rejected or operation failed","'PUT' /^\/api\/bookings\/(\d+)\/note-draft$/","json(res,403,{error:'This relationship has ended. Contact the office.'})","Retained / automatic handling as stated in source"
"B1303","server.js","6800","HTTP 400","A draft note may contain up to 4000 characters.","(!raw||typeof raw!=='object'||Array.isArray(raw)||typeof raw.note!=='string'||raw.note.length>4000)","Request rejected or operation failed","'PUT' /^\/api\/bookings\/(\d+)\/note-draft$/","json(res,400,{error:'A draft note may contain up to 4000 characters.'})","Retained / automatic handling as stated in source"
"B1304","server.js","6802","HTTP 400","Active hours need a valid number.","(raw.active_hours!==undefined) AND (raw.active_hours!==''&&(!Number.isFinite(Number(raw.active_hours))||Number(raw.active_hours)<0||Number(raw.active_hours)>24))","Request rejected or operation failed","'PUT' /^\/api\/bookings\/(\d+)\/note-draft$/","json(res,400,{error:'Active hours need a valid number.'})","Retained / automatic handling as stated in source"
"B1305","server.js","6803","HTTP 400","Enter valid participant transport kilometres.","(raw.km!==undefined) AND (!Number.isFinite(km)||km<0||km>KM_MAX_SHIFT)","Request rejected or operation failed","'PUT' /^\/api\/bookings\/(\d+)\/note-draft$/","json(res,400,{error:'Enter valid participant transport kilometres.'})","Retained / automatic handling as stated in source"
"B1306","server.js","6804","HTTP 400","Include the draft revision you loaded.","(!Number.isInteger(expected)||expected<0)","Request rejected or operation failed","'PUT' /^\/api\/bookings\/(\d+)\/note-draft$/","json(res,400,{error:'Include the draft revision you loaded.'})","Retained / automatic handling as stated in source"
"B1307","server.js","6808","HTTP 409","This draft changed in another tab. Your text is still on this screen; copy it before reloading the saved draft.","((r?.revision||0)!==expected)","Request rejected or operation failed","'PUT' /^\/api\/bookings\/(\d+)\/note-draft$/","json(res,409,{error:'This draft changed in another tab. Your text is still on this screen; copy it before reloading the saved draft.',draft_conflict:true})","Retained / automatic handling as stated in source"
"B1308","server.js","6812","Error / validation","Exception from e","At this operation","Stops this operation and propagates an error","'PUT' /^\/api\/bookings\/(\d+)\/note-draft$/","throw e;","Retained / automatic handling as stated in source"
"B1309","server.js","6815","HTTP 403","Draft unavailable.","(!b)","Request rejected or operation failed","'DELETE' /^\/api\/bookings\/(\d+)\/note-draft$/","json(res,403,{error:'Draft unavailable.'})","Retained / automatic handling as stated in source"
"B1310","server.js","6817","HTTP 409","This draft changed. Reload before discarding it.","(!result.changes)","Request rejected or operation failed","'DELETE' /^\/api\/bookings\/(\d+)\/note-draft$/","json(res,409,{error:'This draft changed. Reload before discarding it.'})","Retained / automatic handling as stated in source"
"B1311","server.js","6822","HTTP 401","Please log in.","(!user)","Request rejected or operation failed","'PATCH' /^\/api\/bookings\/(\d+)$/","json(res, 401, { error: 'Please log in.' })","Retained / automatic handling as stated in source"
"B1312","server.js","6824","HTTP 404","Booking not found.","(!b)","Request rejected or operation failed","'PATCH' /^\/api\/bookings\/(\d+)$/","json(res, 404, { error: 'Booking not found.' })","Retained / automatic handling as stated in source"
"B1313","server.js","6834","HTTP 409","res 409 gate","(user.role === 'worker' && b.worker_id === user.id && workerActions.includes(status) && b.status === 'requested') AND (gate)","Request rejected or operation failed","'PATCH' /^\/api\/bookings\/(\d+)$/","json(res, 409, gate)","Retained / automatic handling as stated in source"
"B1314","server.js","6839","HTTP 409","This request has changed. Refresh your bookings.","(user.role === 'worker' && b.worker_id === user.id && workerActions.includes(status) && b.status === 'requested') AND (status === 'accepted') AND (!fresh || fresh.status!=='requested' || fresh.worker_id!==user.id)","Request rejected or operation failed","'PATCH' /^\/api\/bookings\/(\d+)$/","json(res,409,{error:'This request has changed. Refresh your bookings.'})","Retained / automatic handling as stated in source"
"B1315","server.js","6846","Error / validation","Exception from e","(user.role === 'worker' && b.worker_id === user.id && workerActions.includes(status) && b.status === 'requested') AND (status === 'accepted')","Stops this operation and propagates an error","'PATCH' /^\/api\/bookings\/(\d+)$/","throw e;","Retained / automatic handling as stated in source"
"B1316","server.js","6913","HTTP 409","res 409 gate","(user.role === 'worker' && b.worker_id === user.id && status === 'completed' && b.status === 'accepted') AND (gate)","Request rejected or operation failed","'PATCH' /^\/api\/bookings\/(\d+)$/","json(res, 409, gate)","Retained / automatic handling as stated in source"
"B1317","server.js","6915","HTTP 409","This shift has not finished yet. You can complete it after the scheduled end time.","(user.role === 'worker' && b.worker_id === user.id && status === 'completed' && b.status === 'accepted') AND (bookingEnd(b) > new Date())","Request rejected or operation failed","'PATCH' /^\/api\/bookings\/(\d+)$/","json(res, 409, { error: 'This shift has not finished yet. You can complete it after the scheduled end time.' })","Retained / automatic handling as stated in source"
"B1318","server.js","6922","HTTP 409","This cover was recorded after the shift had started, so completion needs the office to confirm what was actually delivered. Give them a ring.","(user.role === 'worker' && b.worker_id === user.id && status === 'completed' && b.status === 'accepted') AND (b.cover_state === 'covered' && !b.office_ok) AND (cvf && cvf.filled_at && new Date(cvf.filled_at) > bookingStart(b))","Request rejected or operation failed","'PATCH' /^\/api\/bookings\/(\d+)$/","json(res, 409, { error: 'This cover was recorded after the shift had started, so completion needs the office to confirm what was actually delivered. Give them a ring.' })","Retained / automatic handling as stated in source"
"B1319","server.js","6926","HTTP 400","res 400 { error: noteBad }","(user.role === 'worker' && b.worker_id === user.id && status === 'completed' && b.status === 'accepted') AND (noteBad)","Request rejected or operation failed","'PATCH' /^\/api\/bookings\/(\d+)$/","json(res, 400, { error: noteBad })","Retained / automatic handling as stated in source"
"B1320","server.js","6930","HTTP 400","res 400 { error: scopeBad }","(user.role === 'worker' && b.worker_id === user.id && status === 'completed' && b.status === 'accepted') AND (scopeBad)","Request rejected or operation failed","'PATCH' /^\/api\/bookings\/(\d+)$/","json(res, 400, { error: scopeBad })","Retained / automatic handling as stated in source"
"B1321","server.js","6934","HTTP 400","Enter valid participant transport kilometres.","(user.role === 'worker' && b.worker_id === user.id && status === 'completed' && b.status === 'accepted') AND (!Number.isFinite(kmIn)||kmIn<0)","Request rejected or operation failed","'PATCH' /^\/api\/bookings\/(\d+)$/","json(res,400,{error:'Enter valid participant transport kilometres.'})","Retained / automatic handling as stated in source"
"B1322","server.js","6936","HTTP 400","${KM_MAX_SHIFT} km is the most that can go on one shift. If it really was further, ring the office and we'll record it by hand.","(user.role === 'worker' && b.worker_id === user.id && status === 'completed' && b.status === 'accepted') AND (kmIn > 0) AND (kmIn > KM_MAX_SHIFT)","Request rejected or operation failed","'PATCH' /^\/api\/bookings\/(\d+)$/","json(res, 400, { error: `${KM_MAX_SHIFT} km is the most that can go on one shift. If it really was further, ring the office and we'll record it by hand.` })","Retained / automatic handling as stated in source"
"B1323","server.js","6937","HTTP 400","Please say where the trip started and where it finished.","(user.role === 'worker' && b.worker_id === user.id && status === 'completed' && b.status === 'accepted') AND (kmIn > 0) AND (!clean(body.km_from, 80) || !clean(body.km_to, 80))","Request rejected or operation failed","'PATCH' /^\/api\/bookings\/(\d+)$/","json(res, 400, { error: 'Please say where the trip started and where it finished.' })","Retained / automatic handling as stated in source"
"B1324","server.js","6951","HTTP 400","res 400 activeValidation","(user.role === 'worker' && b.worker_id === user.id && status === 'completed' && b.status === 'accepted') AND (b.sleepover) AND (activeValidation.error)","Request rejected or operation failed","'PATCH' /^\/api\/bookings\/(\d+)$/","json(res,400,activeValidation)","Retained / automatic handling as stated in source"
"B1325","server.js","6953","HTTP 400","More than two active hours is charged to the participant’s plan, so say what the support was in the active-hours note.","(user.role === 'worker' && b.worker_id === user.id && status === 'completed' && b.status === 'accepted') AND (b.sleepover) AND (activeIn > SLEEPOVER_INCLUDED_ACTIVE_HOURS && !clean(body.active_note, NOTE_MAX))","Request rejected or operation failed","'PATCH' /^\/api\/bookings\/(\d+)$/","json(res, 400, { error: 'More than two active hours is charged to the participant\u2019s plan, so say what the support was in the active-hours note.' })","Retained / automatic handling as stated in source"
"B1326","server.js","6970","HTTP 500","Could not complete the shift — nothing was charged and nothing was saved. Try again, and tell the office if it keeps happening.","(user.role === 'worker' && b.worker_id === user.id && status === 'completed' && b.status === 'accepted')","Request rejected or operation failed","'PATCH' /^\/api\/bookings\/(\d+)$/","json(res, 500, { error: 'Could not complete the shift — nothing was charged and nothing was saved. Try again, and tell the office if it keeps happening.' })","Retained / automatic handling as stated in source"
"B1327","server.js","6994","HTTP 400","This timesheet has already been approved. Contact the office to correct an issued charge.","(isParticipantSide && ['approved', 'queried'].includes(status) && b.status === 'completed') AND (b.approval_state === 'approved')","Request rejected or operation failed","'PATCH' /^\/api\/bookings\/(\d+)$/","json(res,400,{error:'This timesheet has already been approved. Contact the office to correct an issued charge.'})","Retained / automatic handling as stated in source"
"B1328","server.js","7009","HTTP 400","Tell us what doesn't look right, in a sentence or two, so it can be sorted quickly.","(isParticipantSide && ['approved', 'queried'].includes(status) && b.status === 'completed') AND (q.length < 10)","Request rejected or operation failed","'PATCH' /^\/api\/bookings\/(\d+)$/","json(res, 400, { error: 'Tell us what doesn\'t look right, in a sentence or two, so it can be sorted quickly.' })","Retained / automatic handling as stated in source"
"B1329","server.js","7029","HTTP 403","That change isn't allowed.","At this operation","Request rejected or operation failed","'PATCH' /^\/api\/bookings\/(\d+)$/","json(res, 403, { error: 'That change isn\'t allowed.' })","Retained / automatic handling as stated in source"
"B1330","server.js","7041","HTTP 401","Please log in.","(!user)","Request rejected or operation failed","'PATCH' /^\/api\/series\/(\d+)$/","json(res, 401, { error: 'Please log in.' })","Retained / automatic handling as stated in source"
"B1331","server.js","7043","HTTP 404","That repeating booking no longer exists.","(!sr)","Request rejected or operation failed","'PATCH' /^\/api\/series\/(\d+)$/","json(res, 404, { error: 'That repeating booking no longer exists.' })","Retained / automatic handling as stated in source"
"B1332","server.js","7045","HTTP 403","That isn't your booking.","(!pers || pers.id !== sr.participant_id)","Request rejected or operation failed","'PATCH' /^\/api\/series\/(\d+)$/","json(res, 403, { error: 'That isn\'t your booking.' })","Retained / automatic handling as stated in source"
"B1333","server.js","7048","HTTP 400","Choose a real start time.","(body.start !== undefined) AND (!BOOKIT_TIME.validTime(body.start))","Request rejected or operation failed","'PATCH' /^\/api\/series\/(\d+)$/","json(res,400,{error:'Choose a real start time.'})","Retained / automatic handling as stated in source"
"B1334","server.js","7051","HTTP 400","Bookings are between 2 and 10 hours.","(body.hours !== undefined) AND (!(h >= 2 && h <= 10))","Request rejected or operation failed","'PATCH' /^\/api\/series\/(\d+)$/","json(res, 400, { error: 'Bookings are between 2 and 10 hours.' })","Retained / automatic handling as stated in source"
"B1335","server.js","7057","HTTP 400","That worker isn't taking bookings.","(body.worker_id) AND (!nw || !nw.visible)","Request rejected or operation failed","'PATCH' /^\/api\/series\/(\d+)$/","json(res, 400, { error: 'That worker isn\'t taking bookings.' })","Retained / automatic handling as stated in source"
"B1336","server.js","7058","HTTP 400","That worker is blocked on this account.","(body.worker_id) AND (blockedPair(pers.id, nw.id))","Request rejected or operation failed","'PATCH' /^\/api\/series\/(\d+)$/","json(res, 400, { error: 'That worker is blocked on this account.' })","Retained / automatic handling as stated in source"
"B1337","server.js","7061","HTTP 400","Nothing to change.","(!Object.keys(patch).length)","Request rejected or operation failed","'PATCH' /^\/api\/series\/(\d+)$/","json(res, 400, { error: 'Nothing to change.' })","Retained / automatic handling as stated in source"
"B1338","server.js","7073","Boolean decision","False result from 'PATCH' /^\/api\/series\/(\d+)$/","(!Number.isFinite(+t) || t < cutoff || ['finding','office','allied','referred'].includes(b.cover_state) || b.invoice_no || b.claim_status==='paid' || b.paid_at)","Eligibility or control result is false; caller determines effect","'PATCH' /^\/api\/series\/(\d+)$/","return false;","Retained / automatic handling as stated in source"
"B1339","server.js","7081","HTTP 409","The new time clashes with a shift the worker already has on ${clashes.length === 1 ? dmy(clashes[0]) : `${clashes.length} dates (${clashes.slice(0, 3).map(dmy).join(', ')}${clashes.length > 3 ? '\u2026' : ''})`}. Nothing has been changed.","(patch.start || patch.hours || patch.worker_id) AND (clashes.length)","Request rejected or operation failed","'PATCH' /^\/api\/series\/(\d+)$/","json(res, 409, { clash: true, dates: clashes, error: `The new time clashes with a shift the worker already has on ${clashes.length === 1 ? dmy(clashes[0]) : `${clashes.length} dates (${clashes.slice(0, 3).map(dmy).join(', ')}${clashes.length > 3 ? '\u2026' : ''})`}. Nothing has been changed.` })","Retained / automatic handling as stated in source"
"B1340","server.js","7096","Error / validation","Exception from e","At this operation","Stops this operation and propagates an error","'PATCH' /^\/api\/series\/(\d+)$/","throw e;","Retained / automatic handling as stated in source"
"B1341","server.js","7106","HTTP 401","Please log in.","(!user)","Request rejected or operation failed","'PATCH' /^\/api\/bookings\/(\d+)\/occurrence$/","json(res, 401, { error: 'Please log in.' })","Retained / automatic handling as stated in source"
"B1342","server.js","7108","HTTP 404","Booking not found.","(!b)","Request rejected or operation failed","'PATCH' /^\/api\/bookings\/(\d+)\/occurrence$/","json(res, 404, { error: 'Booking not found.' })","Retained / automatic handling as stated in source"
"B1343","server.js","7110","HTTP 403","That isn't your booking.","(!pers || pers.id !== b.participant_id)","Request rejected or operation failed","'PATCH' /^\/api\/bookings\/(\d+)\/occurrence$/","json(res, 403, { error: 'That isn\'t your booking.' })","Retained / automatic handling as stated in source"
"B1344","server.js","7111","HTTP 400","That shift has already been completed or cancelled.","(!['requested', 'accepted'].includes(b.status))","Request rejected or operation failed","'PATCH' /^\/api\/bookings\/(\d+)\/occurrence$/","json(res, 400, { error: 'That shift has already been completed or cancelled.' })","Retained / automatic handling as stated in source"
"B1345","server.js","7114","HTTP 400","Please choose a date.","(!BOOKIT_TIME.validDate(date))","Request rejected or operation failed","'PATCH' /^\/api\/bookings\/(\d+)\/occurrence$/","json(res, 400, { error: 'Please choose a date.' })","Retained / automatic handling as stated in source"
"B1346","server.js","7115","HTTP 400","Please choose a start time.","(!BOOKIT_TIME.validTime(start))","Request rejected or operation failed","'PATCH' /^\/api\/bookings\/(\d+)\/occurrence$/","json(res, 400, { error: 'Please choose a start time.' })","Retained / automatic handling as stated in source"
"B1347","server.js","7116","HTTP 409","That start time has already passed. Choose a future time.","(bookingStart({ date, start }) <= new Date())","Request rejected or operation failed","'PATCH' /^\/api\/bookings\/(\d+)\/occurrence$/","json(res, 409, { error: 'That start time has already passed. Choose a future time.' })","Retained / automatic handling as stated in source"
"B1348","server.js","7118","HTTP 400","Bookings are between 2 and 10 hours.","(!(hours >= 2 && hours <= 10))","Request rejected or operation failed","'PATCH' /^\/api\/bookings\/(\d+)\/occurrence$/","json(res, 400, { error: 'Bookings are between 2 and 10 hours.' })","Retained / automatic handling as stated in source"
"B1349","server.js","7123","HTTP 409","This visit needs office review before it can be moved.","(bookingStart(b)<=new Date() || ['finding','office','allied','referred'].includes(b.cover_state) || b.invoice_no || b.paid_at)","Request rejected or operation failed","'PATCH' /^\/api\/bookings\/(\d+)\/occurrence$/","json(res,409,{error:'This visit needs office review before it can be moved.'})","Retained / automatic handling as stated in source"
"B1350","server.js","7126","HTTP 409","You already have a booking with this worker at ${busy.start} on ${dmy(busy.date)} (${busy.status}) that overlaps the new time. · This worker already has a shift that overlaps ${dmy(date)} at ${start}. Choose another time.","(busy)","Request rejected or operation failed","'PATCH' /^\/api\/bookings\/(\d+)\/occurrence$/","json(res, 409, { clash: true, error: busy.participant_id === pers.id ? `You already have a booking with this worker at ${busy.start} on ${dmy(busy.date)} (${busy.status}) that overlaps the new time.` : `This worker already has a shift that overlaps ${dmy(date)} at ${start}. Choose another time.` })","Retained / automatic handling as stated in source"
"B1351","server.js","7134","Error / validation","Exception from e","At this operation","Stops this operation and propagates an error","'PATCH' /^\/api\/bookings\/(\d+)\/occurrence$/","throw e;","Retained / automatic handling as stated in source"
"B1352","server.js","7146","HTTP 401","Please log in.","(!user)","Request rejected or operation failed","'POST' /^\/api\/series\/(\d+)\/end$/","json(res, 401, { error: 'Please log in.' })","Retained / automatic handling as stated in source"
"B1353","server.js","7148","HTTP 404","That repeating booking no longer exists.","(!sr)","Request rejected or operation failed","'POST' /^\/api\/series\/(\d+)\/end$/","json(res, 404, { error: 'That repeating booking no longer exists.' })","Retained / automatic handling as stated in source"
"B1354","server.js","7150","HTTP 403","That isn't your booking.","(!pers || pers.id !== sr.participant_id)","Request rejected or operation failed","'POST' /^\/api\/series\/(\d+)\/end$/","json(res, 403, { error: 'That isn\'t your booking.' })","Retained / automatic handling as stated in source"
"B1355","server.js","7151","HTTP 409","Review the current future visits and possible cancellation charges before ending this series.","(WORKFLOW&&!WORKFLOW.checkSeriesEnd(req,user,sr,body))","Request rejected or operation failed","'POST' /^\/api\/series\/(\d+)\/end$/","json(res,409,{error:'Review the current future visits and possible cancellation charges before ending this series.',review_required:true})","Retained / automatic handling as stated in source"
"B1356","server.js","7187","Error / validation","Exception from e","At this operation","Stops this operation and propagates an error","'POST' /^\/api\/series\/(\d+)\/end$/","throw e;","Retained / automatic handling as stated in source"
"B1357","server.js","7194","HTTP 401","Please log in.","(!user)","Request rejected or operation failed","'GET' /^\/api\/series$/","json(res, 401, { error: 'Please log in.' })","Retained / automatic handling as stated in source"
"B1358","server.js","7196","HTTP 403","Not available on this account.","(!pers)","Request rejected or operation failed","'GET' /^\/api\/series$/","json(res, 403, { error: 'Not available on this account.' })","Retained / automatic handling as stated in source"
"B1359","server.js","7222","HTTP 401","Please log in.","(!user)","Request rejected or operation failed","'GET' /^\/api\/bookings\/(\d+)\/notes$/","json(res, 401, { error: 'Please log in.' })","Retained / automatic handling as stated in source"
"B1360","server.js","7224","HTTP 404","Booking not found.","(!b)","Request rejected or operation failed","'GET' /^\/api\/bookings\/(\d+)\/notes$/","json(res, 404, { error: 'Booking not found.' })","Retained / automatic handling as stated in source"
"B1361","server.js","7226","HTTP 403","That isn't your booking.","(b.participant_id !== user.id && b.worker_id !== user.id && !user.admin && !coord)","Request rejected or operation failed","'GET' /^\/api\/bookings\/(\d+)\/notes$/","json(res, 403, { error: 'That isn\'t your booking.' })","Retained / automatic handling as stated in source"
"B1362","server.js","7253","HTTP 401","Please log in.","(!user)","Request rejected or operation failed","'POST' /^\/api\/bookings\/(\d+)\/notes$/","json(res, 401, { error: 'Please log in.' })","Retained / automatic handling as stated in source"
"B1363","server.js","7254","HTTP 403","Only the worker who did the shift can add to its notes.","(user.role !== 'worker')","Request rejected or operation failed","'POST' /^\/api\/bookings\/(\d+)\/notes$/","json(res, 403, { error: 'Only the worker who did the shift can add to its notes.' })","Retained / automatic handling as stated in source"
"B1364","server.js","7255","HTTP 429","Slow down a moment.","(limited(ip, 'note', 40))","Request rejected or operation failed","'POST' /^\/api\/bookings\/(\d+)\/notes$/","json(res, 429, { error: 'Slow down a moment.' })","Retained / automatic handling as stated in source"
"B1365","server.js","7257","HTTP 404","No such booking.","(!b)","Request rejected or operation failed","'POST' /^\/api\/bookings\/(\d+)\/notes$/","json(res, 404, { error: 'No such booking.' })","Retained / automatic handling as stated in source"
"B1366","server.js","7258","HTTP 400","You can add to the notes once the shift is marked completed.","(b.status !== 'completed')","Request rejected or operation failed","'POST' /^\/api\/bookings\/(\d+)\/notes$/","json(res, 400, { error: 'You can add to the notes once the shift is marked completed.' })","Retained / automatic handling as stated in source"
"B1367","server.js","7261","HTTP 400","res 400 { error: noteBad }","(noteBad)","Request rejected or operation failed","'POST' /^\/api\/bookings\/(\d+)\/notes$/","json(res, 400, { error: noteBad })","Retained / automatic handling as stated in source"
"B1368","server.js","7265","HTTP 400","res 400 { error: scopeBad }","(scopeBad)","Request rejected or operation failed","'POST' /^\/api\/bookings\/(\d+)\/notes$/","json(res, 400, { error: scopeBad })","Retained / automatic handling as stated in source"
"B1369","server.js","7343","Required catalogue field","use_personal · supports · yn · Personal care — help with your body and your routine · Showering, dressing, toileting, transfers, eating, medication prompts, and the morning and evening routine around them. NDIS calls this Assistance with Self-Care Activities (0107).","At this operation","This selected form/module declares a required field; dynamic expression is shown","module","required: true","Retained / automatic handling as stated in source"
"B1370","server.js","7350","Required catalogue field","use_daily · supports · yn · Daily tasks, or support in shared living · Support to run your day — including overnight and sleepover support, and support in a shared living arrangement. NDIS calls this Assistance with Daily Life Tasks in a Group or Shared Living Arrangement (0115 and 0138).","At this operation","This selected form/module declares a required field; dynamic expression is shown","module","required: true","Retained / automatic handling as stated in source"
"B1371","server.js","7357","Required catalogue field","use_community · supports · yn · Getting out — community, social and recreation · Support to take part in things outside the house: sport, groups, classes, appointments, the shops, seeing people. NDIS calls this Participation in Community, Social and Recreational Activities (0125).","At this operation","This selected form/module declares a required field; dynamic expression is shown","module","required: true","Retained / automatic handling as stated in source"
"B1372","server.js","7364","Required catalogue field","use_transport · supports · yn · Travel and transport · Being driven, or being supported to use transport yourself. NDIS calls this Assistance with Travel and Transport Arrangements (0108). Tick this and The Care Web will only offer your shifts to workers whose licence, registration, CTP and comprehensive insurance are all current on the day.","At this operation","This selected form/module declares a required field; dynamic expression is shown","module","required: true","Retained / automatic handling as stated in source"
"B1373","server.js","7371","Required catalogue field","use_household · supports · yn · Household tasks · Cleaning, laundry, linen, dishes, and the shopping and meal prep that go with them. NDIS calls this Household Tasks (0120). A shift that is only household tasks is rostered to a Level 1 worker — that is deliberate, it is what the price limit for this line item pays for.","At this operation","This selected form/module declares a required field; dynamic expression is shown","module","required: true","Retained / automatic handling as stated in source"
"B1374","server.js","7378","Required catalogue field","use_employ · supports · yn · Work — finding it or keeping it · Support to get to work, to stay in a job, or to take part in work-related training. NDIS calls this Assistance to Access and Maintain Employment or Higher Education (0102).","At this operation","This selected form/module declares a required field; dynamic expression is shown","module","required: true","Retained / automatic handling as stated in source"
"B1375","server.js","7385","Required catalogue field","main_source · reliance · yn · Is The Care Web your main source of support for daily living? · Yes if The Care Web covers your essential personal care, or your morning and evening routine — the support that has to happen whether or not anyone is available.","At this operation","This selected form/module declares a required field; dynamic expression is shown","module","required: true","Retained / automatic handling as stated in source"
"B1376","server.js","7388","Required catalogue field","health_safety · reliance · yn · If your workers could not attend, would your health or safety be significantly affected? · Meals, mobility, personal care, essential health appointments, or the activities that keep you well.","At this operation","This selected form/module declares a required field; dynamic expression is shown","module","required: true","Retained / automatic handling as stated in source"
"B1377","server.js","7394","Required catalogue field","backup_24h · reliance · yn · If The Care Web were disrupted, is there other support you could call on within 24 hours? · Family, friends, or another provider you already use. This is not a test — answering no is what tells us to treat a gap in your roster as urgent.","At this operation","This selected form/module declares a required field; dynamic expression is shown","module","required: true","Retained / automatic handling as stated in source"
"B1378","server.js","7400","Required catalogue field","preventative_health · reliance · yn · Do you want support keeping on top of preventative health? · Vaccinations, dental, health assessments and screening. Say yes and The Care Web emails you a reminder when one is due rather than letting it drift.","At this operation","This selected form/module declares a required field; dynamic expression is shown","module","required: true","Retained / automatic handling as stated in source"
"B1379","server.js","7404","Required catalogue field","goals · about · text · What you are working towards · The goals from your NDIS plan, in your words — and what the support is meant to help you do.","At this operation","This selected form/module declares a required field; dynamic expression is shown","module","required: true","Retained / automatic handling as stated in source"
"B1380","server.js","7407","Required catalogue field","communication · about · text · How you communicate · Speech, devices, signs, boards, apps, gestures. What helps somebody understand you, and what helps you understand them. Say what a worker should do if they have not understood.","At this operation","This selected form/module declares a required field; dynamic expression is shown","module","required: true","Retained / automatic handling as stated in source"
"B1381","server.js","7410","Required catalogue field","mobility · about · text · How you move · Walking, stairs, transfers, chairs, hoists and aids. If a transfer has a right way and a wrong way, this is where the right way goes. Name any transfer or manual handling plan below.","At this operation","This selected form/module declares a required field; dynamic expression is shown","module","required: true","Retained / automatic handling as stated in source"
"B1382","server.js","7430","Required catalogue field","living_situation · about · text · Where you live, and who with · Living situation · Your own home alone, your own home with family, supported accommodation, staying with relatives or friends for now — and who is usually there when a worker arrives. If you are at risk of losing where you live, say so; it changes how we plan.","At this operation","This selected form/module declares a required field; dynamic expression is shown","module","required: true","Retained / automatic handling as stated in source"
"B1383","server.js","7436","Required catalogue field","interpreter · about · yn · Do you need an interpreter — for a language or for Auslan? · Say yes and we book one for anything that matters: reviews, agreements, complaints. TIS National is free for the phone.","At this operation","This selected form/module declares a required field; dynamic expression is shown","module","required: true","Retained / automatic handling as stated in source"
"B1384","server.js","7446","Required catalogue field","need_medication · specialised · yn · Medication — do you want a worker to prompt you or give you your medication? · Yes means we ask your GP or prescriber for a medication plan, and ask you to agree to workers helping with it. Keeping your own tablets somewhere a worker never touches is a no.","At this operation","This selected form/module declares a required field; dynamic expression is shown","module","required: true","Retained / automatic handling as stated in source"
"B1385","server.js","7449","Required catalogue field","need_mealtime · specialised · yn · Mealtimes — do you have swallowing difficulties, a modified diet or thickened fluids? · Yes means we ask your speech pathologist for a mealtime management plan before a worker helps you eat or drink.","At this operation","This selected form/module declares a required field; dynamic expression is shown","module","required: true","Retained / automatic handling as stated in source"
"B1386","server.js","7452","Required catalogue field","need_seizure · specialised · yn · Seizures — do you have epilepsy, or seizures a worker might have to respond to? · Yes means we ask your doctor or neurologist for an epilepsy management plan, including any emergency medication.","At this operation","This selected form/module declares a required field; dynamic expression is shown","module","required: true","Retained / automatic handling as stated in source"
"B1387","server.js","7455","Required catalogue field","need_diabetes · specialised · yn · Diabetes — do you have diabetes a worker might need to help you manage? · Yes means we ask your doctor or diabetes educator for a diabetes management plan.","At this operation","This selected form/module declares a required field; dynamic expression is shown","module","required: true","Retained / automatic handling as stated in source"
"B1388","server.js","7458","Required catalogue field","need_allergy · specialised · yn · Allergies, anaphylaxis or asthma — do you have an action plan a worker must follow? · Yes means we ask for a copy of the action plan your doctor signed — the ASCIA or asthma plan on your fridge is exactly the thing.","At this operation","This selected form/module declares a required field; dynamic expression is shown","module","required: true","Retained / automatic handling as stated in source"
"B1389","server.js","7461","Required catalogue field","need_manual · specialised · yn · Transfers — do you use a hoist, a slide sheet, or need two people to move safely? · Yes means we ask your occupational therapist or physiotherapist for a manual handling or transfer plan, so every worker moves you the same way.","At this operation","This selected form/module declares a required field; dynamic expression is shown","module","required: true","Retained / automatic handling as stated in source"
"B1390","server.js","7464","Required catalogue field","has_pbs · specialised · yn · Behaviour support — do you have a Behaviour Support Plan? · Yes means we ask your behaviour support practitioner for a copy, because a worker cannot follow a plan they have never read.","At this operation","This selected form/module declares a required field; dynamic expression is shown","module","required: true","Retained / automatic handling as stated in source"
"B1391","server.js","7468","Required catalogue field","home_safety · safety · text · Safety in your home · Slips, trips and falls; smoking, drugs or alcohol in the home; where the exits are; manual handling; pets; and what a worker should do if something goes wrong while they are there alone with you.","At this operation","This selected form/module declares a required field; dynamic expression is shown","module","required: true","Retained / automatic handling as stated in source"
"B1392","server.js","7471","Required catalogue field","community_safety · safety · text · Safety when you are out · Roads, crowds, places or people to avoid, what happens if you become separated, and what a worker should do in an emergency away from home.","At this operation","This selected form/module declares a required field; dynamic expression is shown","module","required: true","Retained / automatic handling as stated in source"
"B1393","server.js","7474","Required catalogue field","disaster_8h · safety · yn · In a flood, fire or heatwave, would you need essential support within 8 hours? · Personal care, health support, transport or a way to communicate, so you can follow your emergency plan. Yes puts you on the list The Care Web works down first when a disaster is declared in your area.","At this operation","This selected form/module declares a required field; dynamic expression is shown","module","required: true","Retained / automatic handling as stated in source"
"B1394","server.js","7478","Required catalogue field","ec_name · emergency · text · Name","At this operation","This selected form/module declares a required field; dynamic expression is shown","module","required: true","Retained / automatic handling as stated in source"
"B1395","server.js","7479","Required catalogue field","ec_relationship · emergency · text · Relationship to you","At this operation","This selected form/module declares a required field; dynamic expression is shown","module","required: true","Retained / automatic handling as stated in source"
"B1396","server.js","7480","Required catalogue field","ec_phone · emergency · text · Phone","At this operation","This selected form/module declares a required field; dynamic expression is shown","module","required: true","Retained / automatic handling as stated in source"
"B1397","server.js","7514","Returned status / rejection reason","","(!confirmed_at)","Returned message / status; caller decides whether it blocks","planDue","return '';","Retained / automatic handling as stated in source"
"B1398","server.js","7678","HTTP 403","You do not have permission for this participant.","(!target)","Request rejected or operation failed","'GET' /^\/api\/me\/support-plan$/","json(res,403,{error:'You do not have permission for this participant.'})","Retained / automatic handling as stated in source"
"B1399","server.js","7681","HTTP 403","Participants only.","(!user || user.role !== 'participant')","Request rejected or operation failed","'GET' /^\/api\/me\/support-plan$/","json(res, 403, { error: 'Participants only.' })","Retained / automatic handling as stated in source"
"B1400","server.js","7698","HTTP 403","You do not have permission for this participant.","(!target)","Request rejected or operation failed","'POST' /^\/api\/me\/support-plan$/","json(res,403,{error:'You do not have permission for this participant.'})","Retained / automatic handling as stated in source"
"B1401","server.js","7701","HTTP 403","Participants only.","(!user || user.role !== 'participant')","Request rejected or operation failed","'POST' /^\/api\/me\/support-plan$/","json(res, 403, { error: 'Participants only.' })","Retained / automatic handling as stated in source"
"B1402","server.js","7705","HTTP 400","Tick the box to confirm this plan is up to date before submitting.","(confirm) AND (!body.declaration)","Request rejected or operation failed","'POST' /^\/api\/me\/support-plan$/","json(res, 400, { error: 'Tick the box to confirm this plan is up to date before submitting.', missing })","Retained / automatic handling as stated in source"
"B1403","server.js","7706","HTTP 400","${missing.length} question${missing.length === 1 ? '' : 's'} still needs an answer before you can submit.","(confirm) AND (missing.length)","Request rejected or operation failed","'POST' /^\/api\/me\/support-plan$/","json(res, 400, { error: `${missing.length} question${missing.length === 1 ? '' : 's'} still needs an answer before you can submit.`, missing })","Retained / automatic handling as stated in source"
"B1404","server.js","7709","HTTP 409","The support plan has changed. Your draft is preserved; review the latest version before saving.","(!Number.isInteger(body.revision) || body.revision!==(before?.revision||0))","Request rejected or operation failed","'POST' /^\/api\/me\/support-plan$/","json(res,409,{error:'The support plan has changed. Your draft is preserved; review the latest version before saving.',conflict:true,revision:before?.revision||0,plan:planOut(before)})","Retained / automatic handling as stated in source"
"B1405","server.js","7721","HTTP 403","Log in first.","(!user)","Request rejected or operation failed","'GET' /^\/api\/support-plan\/(\d+)\/brief$/","json(res, 403, { error: 'Log in first.' })","Retained / automatic handling as stated in source"
"B1406","server.js","7724","HTTP 403","Not yours to read.","(!user.admin && user.id !== pid) AND (user.role !== 'worker')","Request rejected or operation failed","'GET' /^\/api\/support-plan\/(\d+)\/brief$/","json(res, 403, { error: 'Not yours to read.' })","Retained / automatic handling as stated in source"
"B1407","server.js","7730","HTTP 403","You can read a support plan once this participant has requested or booked you.","(!user.admin && user.id !== pid) AND (!linked)","Request rejected or operation failed","'GET' /^\/api\/support-plan\/(\d+)\/brief$/","json(res, 403, { error: 'You can read a support plan once this participant has requested or booked you.' })","Retained / automatic handling as stated in source"
"B1408","server.js","7733","HTTP 404","No confirmed support plan yet.","(!brief)","Request rejected or operation failed","'GET' /^\/api\/support-plan\/(\d+)\/brief$/","json(res, 404, { error: 'No confirmed support plan yet.' })","Retained / automatic handling as stated in source"
"B1409","server.js","7740","Access / decision gate","requireAdmin(user, res)","(!requireAdmin(user, res))","Checks access or an operation precondition; inspect the referenced helper","'GET' /^\/api\/admin\/support-plans$/","requireAdmin(user, res)","Retained / automatic handling as stated in source"
"B1410","server.js","7778","Access / decision gate","requireAdmin(user, res)","(!requireAdmin(user, res))","Checks access or an operation precondition; inspect the referenced helper","'GET' /^\/api\/admin\/support-plans\.csv$/","requireAdmin(user, res)","Retained / automatic handling as stated in source"
"B1411","server.js","7800","Access / decision gate","requireAdmin(user, res)","(!requireAdmin(user, res))","Checks access or an operation precondition; inspect the referenced helper","'POST' /^\/api\/admin\/support-plans\/(\d+)\/care-plan$/","requireAdmin(user, res)","Retained / automatic handling as stated in source"
"B1412","server.js","7802","HTTP 404","No confirmed support plan for that participant.","(!p)","Request rejected or operation failed","'POST' /^\/api\/admin\/support-plans\/(\d+)\/care-plan$/","json(res, 404, { error: 'No confirmed support plan for that participant.' })","Retained / automatic handling as stated in source"
"B1413","server.js","7806","HTTP 404","That care plan is not named in this support plan.","(!hit)","Request rejected or operation failed","'POST' /^\/api\/admin\/support-plans\/(\d+)\/care-plan$/","json(res, 404, { error: 'That care plan is not named in this support plan.' })","Retained / automatic handling as stated in source"
"B1414","server.js","8453","Returned status / rejection reason","","At this operation","Returned message / status; caller decides whether it blocks","tplField","return '';","Retained / automatic handling as stated in source"
"B1415","server.js","8500","Returned status / rejection reason","","(t.anon)","Returned message / status; caller decides whether it blocks","tplIdentity","return '';","Retained / automatic handling as stated in source"
"B1416","server.js","8614","Returned status / rejection reason","","(!list.length)","Returned message / status; caller decides whether it blocks","templateIndexHtml > callback","return '';","Retained / automatic handling as stated in source"
"B1417","server.js","8674","Returned status / rejection reason","participant","(sg === 'Participant')","Returned message / status; caller decides whether it blocks","pdocOwner","return 'participant';","Retained / automatic handling as stated in source"
"B1418","server.js","8675","Returned status / rejection reason","ndia","(sg === 'NDIA')","Returned message / status; caller decides whether it blocks","pdocOwner","return 'ndia';","Retained / automatic handling as stated in source"
"B1419","server.js","8676","Returned status / rejection reason","clinical","(sg === 'Clinician')","Returned message / status; caller decides whether it blocks","pdocOwner","return 'clinical';","Retained / automatic handling as stated in source"
"B1420","server.js","8679","Returned status / rejection reason","clinical","(/prescriber|clinician|physio|therapist|practitioner|doctor|nurse|\bGP\b|dietitian|dietician|pathologist/i.test(sg))","Returned message / status; caller decides whether it blocks","pdocOwner","return 'clinical';","Retained / automatic handling as stated in source"
"B1421","server.js","8680","Returned status / rejection reason","cosigned","(/^Participant \+/.test(sg))","Returned message / status; caller decides whether it blocks","pdocOwner","return 'cosigned';","Retained / automatic handling as stated in source"
"B1422","server.js","8681","Returned status / rejection reason","office","At this operation","Returned message / status; caller decides whether it blocks","pdocOwner","return 'office';","Retained / automatic handling as stated in source"
"B1423","server.js","8696","Required catalogue field","photos_ok · Photos or video of me may be taken during supports · choice","At this operation","This selected form/module declares a required field; dynamic expression is shown","module","required: true","Retained / automatic handling as stated in source"
"B1424","server.js","8708","Required catalogue field","handles · A worker may handle my money or property during a shift · choice","At this operation","This selected form/module declares a required field; dynamic expression is shown","module","required: true","Retained / automatic handling as stated in source"
"B1425","server.js","8711","Required catalogue field","receipts · Receipts and change come back to me at the end of the shift, and what was spent goes in the shift note · choice","At this operation","This selected form/module declares a required field; dynamic expression is shown","module","required: true","Retained / automatic handling as stated in source"
"B1426","server.js","8712","Required catalogue field","checker · Who checks the record (you, or a nominee) · text","At this operation","This selected form/module declares a required field; dynamic expression is shown","module","required: true","Retained / automatic handling as stated in source"
"B1427","server.js","8721","Required catalogue field","meds · Each medication: name, dose, when, and how it is taken · textarea · One per line, e.g. ""Sertraline 50 mg, morning, tablet"".","At this operation","This selected form/module declares a required field; dynamic expression is shown","module","required: true","Retained / automatic handling as stated in source"
"B1428","server.js","8722","Required catalogue field","packaging · How it is packaged · choice · Webster pack / blister pack from the pharmacy · Original bottles and boxes · A dosette I fill myself · Other","At this operation","This selected form/module declares a required field; dynamic expression is shown","module","required: true","Retained / automatic handling as stated in source"
"B1429","server.js","8723","Required catalogue field","support · What the worker does · choice · Prompts me to take it · Hands it to me from the pack and watches me take it · Administers it (eye drops, patches, PEG, insulin — needs the prescriber’s authority on file)","At this operation","This selected form/module declares a required field; dynamic expression is shown","module","required: true","Retained / automatic handling as stated in source"
"B1430","server.js","8725","Required catalogue field","prescriber · Prescribing doctor and phone · text","At this operation","This selected form/module declares a required field; dynamic expression is shown","module","required: true","Retained / automatic handling as stated in source"
"B1431","server.js","8737","Required catalogue field","setting · The supports and the settings they happen in · textarea","At this operation","This selected form/module declares a required field; dynamic expression is shown","module","required: true","Retained / automatic handling as stated in source"
"B1432","server.js","8739","Required catalogue field","detail · For each risk ticked: how likely, how serious, and the control in place · textarea · One per line. The control is the thing a worker does differently because of the risk.","At this operation","This selected form/module declares a required field; dynamic expression is shown","module","required: true","Retained / automatic handling as stated in source"
"B1433","server.js","8740","Required catalogue field","rating · Overall rating · choice · Low · Medium · High","At this operation","This selected form/module declares a required field; dynamic expression is shown","module","required: true","Retained / automatic handling as stated in source"
"B1434","server.js","8741","Required catalogue field","involved · The participant or their nominee took part in this assessment · choice","At this operation","This selected form/module declares a required field; dynamic expression is shown","module","required: true","Retained / automatic handling as stated in source"
"B1435","server.js","8742","Required catalogue field","review · Review by · date","At this operation","This selected form/module declares a required field; dynamic expression is shown","module","required: true","Retained / automatic handling as stated in source"
"B1436","server.js","8743","Required catalogue field","assessor · Assessed by (name and role) · text","At this operation","This selected form/module declares a required field; dynamic expression is shown","module","required: true","Retained / automatic handling as stated in source"
"B1437","server.js","8751","Required catalogue field","end_date · Last day of supports · date","At this operation","This selected form/module declares a required field; dynamic expression is shown","module","required: true","Retained / automatic handling as stated in source"
"B1438","server.js","8752","Required catalogue field","reason · Why supports are ending · choice · The participant’s choice · Moving away · The NDIS plan changed · The provider is ending the service · Other","At this operation","This selected form/module declares a required field; dynamic expression is shown","module","required: true","Retained / automatic handling as stated in source"
"B1439","server.js","8754","Required catalogue field","handover · What has been handed over, and to whom · textarea · The new provider, family, a coordinator: what they have been given and when.","At this operation","This selected form/module declares a required field; dynamic expression is shown","module","required: true","Retained / automatic handling as stated in source"
"B1440","server.js","8769","Required catalogue field","name · Their name · text","At this operation","This selected form/module declares a required field; dynamic expression is shown","module","required: true","Retained / automatic handling as stated in source"
"B1441","server.js","8770","Required catalogue field","relationship · Who they are to you · text · Parent, partner, guardian, support coordinator, advocate…","At this operation","This selected form/module declares a required field; dynamic expression is shown","module","required: true","Retained / automatic handling as stated in source"
"B1442","server.js","8771","Required catalogue field","role · Their role · choice · NDIS nominee (appointed by the NDIA) · Guardian or attorney under a court or tribunal order · Someone I have chosen to help me decide · Someone who may be told about my supports but does not decide","At this operation","This selected form/module declares a required field; dynamic expression is shown","module","required: true","Retained / automatic handling as stated in source"
"B1443","server.js","8772","Required catalogue field","contact · Phone and email · text","At this operation","This selected form/module declares a required field; dynamic expression is shown","module","required: true","Retained / automatic handling as stated in source"
"B1444","server.js","8783","Required catalogue field","clinician · Written by (clinician, role, date of their plan) · text","At this operation","This selected form/module declares a required field; dynamic expression is shown","module","required: true","Retained / automatic handling as stated in source"
"B1445","server.js","8784","Required catalogue field","food · Food texture (IDDSI level) and anything to avoid · text","At this operation","This selected form/module declares a required field; dynamic expression is shown","module","required: true","Retained / automatic handling as stated in source"
"B1446","server.js","8785","Required catalogue field","drink · Drink thickness (IDDSI level) · text","At this operation","This selected form/module declares a required field; dynamic expression is shown","module","required: true","Retained / automatic handling as stated in source"
"B1447","server.js","8786","Required catalogue field","position · Positioning during and after meals · textarea","At this operation","This selected form/module declares a required field; dynamic expression is shown","module","required: true","Retained / automatic handling as stated in source"
"B1448","server.js","8788","Required catalogue field","pace · Pace, portion size, prompts and supervision · textarea","At this operation","This selected form/module declares a required field; dynamic expression is shown","module","required: true","Retained / automatic handling as stated in source"
"B1449","server.js","8789","Required catalogue field","signs · Signs of difficulty a worker must act on · textarea · Coughing, wet voice, holding food, colour change…","At this operation","This selected form/module declares a required field; dynamic expression is shown","module","required: true","Retained / automatic handling as stated in source"
"B1450","server.js","8790","Required catalogue field","emergency · What the worker does in a choking or aspiration event · textarea","At this operation","This selected form/module declares a required field; dynamic expression is shown","module","required: true","Retained / automatic handling as stated in source"
"B1451","server.js","8791","Required catalogue field","review · Review by · date","At this operation","This selected form/module declares a required field; dynamic expression is shown","module","required: true","Retained / automatic handling as stated in source"
"B1452","server.js","8799","Required catalogue field","clinician · Written by (clinician, role, date of their plan) · text","At this operation","This selected form/module declares a required field; dynamic expression is shown","module","required: true","Retained / automatic handling as stated in source"
"B1453","server.js","8800","Required catalogue field","types · Seizure types and what each looks like · textarea","At this operation","This selected form/module declares a required field; dynamic expression is shown","module","required: true","Retained / automatic handling as stated in source"
"B1454","server.js","8802","Required catalogue field","during · What the worker does during a seizure · textarea","At this operation","This selected form/module declares a required field; dynamic expression is shown","module","required: true","Retained / automatic handling as stated in source"
"B1455","server.js","8803","Required catalogue field","after · What the worker does afterwards · textarea","At this operation","This selected form/module declares a required field; dynamic expression is shown","module","required: true","Retained / automatic handling as stated in source"
"B1456","server.js","8805","Required catalogue field","ambulance · Call an ambulance when · textarea","At this operation","This selected form/module declares a required field; dynamic expression is shown","module","required: true","Retained / automatic handling as stated in source"
"B1457","server.js","8806","Required catalogue field","contacts · Who to tell, and how · text","At this operation","This selected form/module declares a required field; dynamic expression is shown","module","required: true","Retained / automatic handling as stated in source"
"B1458","server.js","8807","Required catalogue field","review · Review by · date","At this operation","This selected form/module declares a required field; dynamic expression is shown","module","required: true","Retained / automatic handling as stated in source"
"B1459","server.js","8815","Required catalogue field","clinician · Written by (clinician, role, date of their plan) · text","At this operation","This selected form/module declares a required field; dynamic expression is shown","module","required: true","Retained / automatic handling as stated in source"
"B1460","server.js","8816","Required catalogue field","type · Type and treatment · text · Type 1 or 2; insulin, tablets, diet.","At this operation","This selected form/module declares a required field; dynamic expression is shown","module","required: true","Retained / automatic handling as stated in source"
"B1461","server.js","8817","Required catalogue field","monitoring · Blood glucose checks: when, how, and who does them · textarea","At this operation","This selected form/module declares a required field; dynamic expression is shown","module","required: true","Retained / automatic handling as stated in source"
"B1462","server.js","8818","Required catalogue field","targets · Target range, and the numbers that need action · text","At this operation","This selected form/module declares a required field; dynamic expression is shown","module","required: true","Retained / automatic handling as stated in source"
"B1463","server.js","8819","Required catalogue field","hypo · Signs of a low (hypo) and exactly what the worker does · textarea","At this operation","This selected form/module declares a required field; dynamic expression is shown","module","required: true","Retained / automatic handling as stated in source"
"B1464","server.js","8820","Required catalogue field","hyper · Signs of a high and what the worker does · textarea","At this operation","This selected form/module declares a required field; dynamic expression is shown","module","required: true","Retained / automatic handling as stated in source"
"B1465","server.js","8822","Required catalogue field","ambulance · Call an ambulance when · textarea","At this operation","This selected form/module declares a required field; dynamic expression is shown","module","required: true","Retained / automatic handling as stated in source"
"B1466","server.js","8823","Required catalogue field","review · Review by · date","At this operation","This selected form/module declares a required field; dynamic expression is shown","module","required: true","Retained / automatic handling as stated in source"
"B1467","server.js","8831","Required catalogue field","clinician · Written by (doctor, date of the signed action plan) · text","At this operation","This selected form/module declares a required field; dynamic expression is shown","module","required: true","Retained / automatic handling as stated in source"
"B1468","server.js","8832","Required catalogue field","allergens · Allergens or triggers · textarea","At this operation","This selected form/module declares a required field; dynamic expression is shown","module","required: true","Retained / automatic handling as stated in source"
"B1469","server.js","8833","Required catalogue field","mild · Mild to moderate reaction: signs and what the worker does · textarea","At this operation","This selected form/module declares a required field; dynamic expression is shown","module","required: true","Retained / automatic handling as stated in source"
"B1470","server.js","8834","Required catalogue field","severe · Severe reaction (anaphylaxis) or severe asthma: signs and what the worker does · textarea","At this operation","This selected form/module declares a required field; dynamic expression is shown","module","required: true","Retained / automatic handling as stated in source"
"B1471","server.js","8835","Required catalogue field","device · Adrenaline device or reliever: which one, dose, where it is kept, expiry · text","At this operation","This selected form/module declares a required field; dynamic expression is shown","module","required: true","Retained / automatic handling as stated in source"
"B1472","server.js","8836","Required catalogue field","ambulance · Call an ambulance when · textarea","At this operation","This selected form/module declares a required field; dynamic expression is shown","module","required: true","Retained / automatic handling as stated in source"
"B1473","server.js","8837","Required catalogue field","review · Review by · date","At this operation","This selected form/module declares a required field; dynamic expression is shown","module","required: true","Retained / automatic handling as stated in source"
"B1474","server.js","8845","Required catalogue field","clinician · Written by (clinician, role, date of their plan) · text","At this operation","This selected form/module declares a required field; dynamic expression is shown","module","required: true","Retained / automatic handling as stated in source"
"B1475","server.js","8846","Required catalogue field","transfers · Each transfer and how it is done · textarea · Bed to chair, chair to car, toileting, showering…","At this operation","This selected form/module declares a required field; dynamic expression is shown","module","required: true","Retained / automatic handling as stated in source"
"B1476","server.js","8847","Required catalogue field","equipment · Equipment: hoist, sling type and size, slide sheet, wheelchair, shower chair · textarea","At this operation","This selected form/module declares a required field; dynamic expression is shown","module","required: true","Retained / automatic handling as stated in source"
"B1477","server.js","8848","Required catalogue field","workers · Number of workers needed · choice · One · Two","At this operation","This selected form/module declares a required field; dynamic expression is shown","module","required: true","Retained / automatic handling as stated in source"
"B1478","server.js","8849","Required catalogue field","never · What must never be done · textarea","At this operation","This selected form/module declares a required field; dynamic expression is shown","module","required: true","Retained / automatic handling as stated in source"
"B1479","server.js","8851","Required catalogue field","training · Training a worker must have before doing this · text","At this operation","This selected form/module declares a required field; dynamic expression is shown","module","required: true","Retained / automatic handling as stated in source"
"B1480","server.js","8852","Required catalogue field","review · Review by · date","At this operation","This selected form/module declares a required field; dynamic expression is shown","module","required: true","Retained / automatic handling as stated in source"
"B1481","server.js","8860","Required catalogue field","practitioner · Behaviour support practitioner (name, phone) and the plan’s dates · text","At this operation","This selected form/module declares a required field; dynamic expression is shown","module","required: true","Retained / automatic handling as stated in source"
"B1482","server.js","8861","Required catalogue field","about · What the behaviours of concern are, and what they communicate · textarea","At this operation","This selected form/module declares a required field; dynamic expression is shown","module","required: true","Retained / automatic handling as stated in source"
"B1483","server.js","8862","Required catalogue field","proactive · Proactive strategies: what keeps the day going well · textarea","At this operation","This selected form/module declares a required field; dynamic expression is shown","module","required: true","Retained / automatic handling as stated in source"
"B1484","server.js","8863","Required catalogue field","early · Early signs, and what the worker does then · textarea","At this operation","This selected form/module declares a required field; dynamic expression is shown","module","required: true","Retained / automatic handling as stated in source"
"B1485","server.js","8864","Required catalogue field","reactive · If it escalates: what the worker does, and does not do · textarea","At this operation","This selected form/module declares a required field; dynamic expression is shown","module","required: true","Retained / automatic handling as stated in source"
"B1486","server.js","8865","Required catalogue field","rp · Restrictive practices in the plan · choice · None · Yes — authorised and reported as the plan requires · Yes — authorisation pending","At this operation","This selected form/module declares a required field; dynamic expression is shown","module","required: true","Retained / automatic handling as stated in source"
"B1487","server.js","8867","Required catalogue field","review · Plan review date · date","At this operation","This selected form/module declares a required field; dynamic expression is shown","module","required: true","Retained / automatic handling as stated in source"
"B1488","server.js","8875","Required catalogue field","arrangement · Where and with whom the participant lives · textarea","At this operation","This selected form/module declares a required field; dynamic expression is shown","module","required: true","Retained / automatic handling as stated in source"
"B1489","server.js","8876","Required catalogue field","applies · The s73G condition applies · choice · Yes · No","At this operation","This selected form/module declares a required field; dynamic expression is shown","module","required: true","Retained / automatic handling as stated in source"
"B1490","server.js","8877","Required catalogue field","basis · On what basis · textarea","At this operation","This selected form/module declares a required field; dynamic expression is shown","module","required: true","Retained / automatic handling as stated in source"
"B1491","server.js","8879","Required catalogue field","determined_by · Determined by (name, role) · text","At this operation","This selected form/module declares a required field; dynamic expression is shown","module","required: true","Retained / automatic handling as stated in source"
"B1492","server.js","8880","Required catalogue field","review · Review by · date","At this operation","This selected form/module declares a required field; dynamic expression is shown","module","required: true","Retained / automatic handling as stated in source"
"B1493","server.js","8888","Required catalogue field","date · Review date · date","At this operation","This selected form/module declares a required field; dynamic expression is shown","module","required: true","Retained / automatic handling as stated in source"
"B1494","server.js","8889","Required catalogue field","present · Who took part · text","At this operation","This selected form/module declares a required field; dynamic expression is shown","module","required: true","Retained / automatic handling as stated in source"
"B1495","server.js","8890","Required catalogue field","worked · What has worked well this year · textarea","At this operation","This selected form/module declares a required field; dynamic expression is shown","module","required: true","Retained / automatic handling as stated in source"
"B1496","server.js","8891","Required catalogue field","not · What has not, and what changes · textarea","At this operation","This selected form/module declares a required field; dynamic expression is shown","module","required: true","Retained / automatic handling as stated in source"
"B1497","server.js","8892","Required catalogue field","plan · Support plan: reviewed, and what changed in it · textarea","At this operation","This selected form/module declares a required field; dynamic expression is shown","module","required: true","Retained / automatic handling as stated in source"
"B1498","server.js","8894","Required catalogue field","goals · Goals for the year ahead · textarea","At this operation","This selected form/module declares a required field; dynamic expression is shown","module","required: true","Retained / automatic handling as stated in source"
"B1499","server.js","8896","Required catalogue field","next · Next review by · date","At this operation","This selected form/module declares a required field; dynamic expression is shown","module","required: true","Retained / automatic handling as stated in source"
"B1500","server.js","9464","Returned status / rejection reason","not yet","(!d)","Returned message / status; caller decides whether it blocks","callback > callback","return 'not yet';","Retained / automatic handling as stated in source"
"B1501","server.js","9718","Boolean decision","False result from formsRegister > liveState > callback","(f.track === 'drive' && f.scope === 'participant') AND NOT (f.optional) AND (!start)","Eligibility or control result is false; caller determines effect","formsRegister > liveState > callback","return false;","Retained / automatic handling as stated in source"
"B1502","server.js","9720","Boolean decision","False result from formsRegister > liveState > callback","(f.track === 'drive' && f.scope === 'participant') AND NOT (f.optional) AND (due >= today)","Eligibility or control result is false; caller determines effect","formsRegister > liveState > callback","return false;","Retained / automatic handling as stated in source"
"B1503","server.js","9758","Readiness / eligibility","${p.name} — ${c.name}","(f.live === 'care_plans') AND (!c.on_file)","Adds a named condition to the returned readiness or error list","formsRegister > liveState","missing.push(`${p.name} — ${c.name}`)","Retained / automatic handling as stated in source"
"B1504","server.js","9843","Returned error / decision","funding type not recorded on the billing card","(f.live === 'intake') AND (!u.plan)","Returns an error, blocked or false decision object","formsRegister > liveState > callback","return { held: !!plan, ok: false, gap: 'funding type not recorded on the billing card' };","Retained / automatic handling as stated in source"
"B1505","server.js","9844","Returned error / decision","no confirmed support plan — the intake is printed from it","(f.live === 'intake') AND (!plan)","Returns an error, blocked or false decision object","formsRegister > liveState > callback","return { held: false, ok: false, gap: 'no confirmed support plan \u2014 the intake is printed from it' };","Retained / automatic handling as stated in source"
"B1506","server.js","9849","Returned error / decision","funding arrangement not recorded on the billing card","(f.live === 'schedule') AND (!u.plan)","Returns an error, blocked or false decision object","formsRegister > liveState > callback","return { held: false, ok: false, gap: 'funding arrangement not recorded on the billing card' };","Retained / automatic handling as stated in source"
"B1507","server.js","9850","Returned error / decision","no confirmed support plan — the schedule is printed from it","(f.live === 'schedule') AND (!plan)","Returns an error, blocked or false decision object","formsRegister > liveState > callback","return { held: false, ok: false, gap: 'no confirmed support plan \u2014 the schedule is printed from it' };","Retained / automatic handling as stated in source"
"B1508","server.js","9855","Returned error / decision","no confirmed support plan","(f.live === 'emergency_plan') AND (!plan)","Returns an error, blocked or false decision object","formsRegister > liveState > callback","return { held: false, ok: false, gap: 'no confirmed support plan' };","Retained / automatic handling as stated in source"
"B1509","server.js","9856","Returned error / decision","emergency contact missing from the plan","(f.live === 'emergency_plan') AND (!plan.ec_name || !plan.ec_phone)","Returns an error, blocked or false decision object","formsRegister > liveState > callback","return { held: true, ok: false, gap: 'emergency contact missing from the plan' };","Retained / automatic handling as stated in source"
"B1510","server.js","9857","Returned error / decision","safety sections of the plan are empty","(f.live === 'emergency_plan') AND (!plan.home_safety || !plan.community_safety)","Returns an error, blocked or false decision object","formsRegister > liveState > callback","return { held: true, ok: false, gap: 'safety sections of the plan are empty' };","Retained / automatic handling as stated in source"
"B1511","server.js","9862","Returned error / decision","not yet answered on the account","(f.live === 'nominee') AND (!u.nominee_at)","Returns an error, blocked or false decision object","formsRegister > liveState > callback","return { held: false, ok: false, gap: 'not yet answered on the account' };","Retained / automatic handling as stated in source"
"B1512","server.js","9863","Returned error / decision","under 18 with no account manager recorded","(f.live === 'nominee') AND (u.under_18 && !u.nominee_name)","Returns an error, blocked or false decision object","formsRegister > liveState > callback","return { held: true, ok: false, gap: 'under 18 with no account manager recorded' };","Retained / automatic handling as stated in source"
"B1513","server.js","9864","Returned error / decision","a decision-maker is named by role but not by name","(f.live === 'nominee') AND (u.nominee_role !== 'none' && !u.nominee_name)","Returns an error, blocked or false decision object","formsRegister > liveState > callback","return { held: true, ok: false, gap: 'a decision-maker is named by role but not by name' };","Retained / automatic handling as stated in source"
"B1514","server.js","9870","Returned error / decision","NDIS plan dates not recorded","(f.live === 'plan_dates') AND (!u.plan_end)","Returns an error, blocked or false decision object","formsRegister > liveState > callback","return { held: false, ok: false, gap: 'NDIS plan dates not recorded' };","Retained / automatic handling as stated in source"
"B1515","server.js","9871","Returned error / decision","NDIS plan ended ${dmy(u.plan_end)} — supports continuing past it","(f.live === 'plan_dates') AND (u.plan_end < today)","Returns an error, blocked or false decision object","formsRegister > liveState > callback","return { held: true, ok: false, gap: `NDIS plan ended ${dmy(u.plan_end)} \u2014 supports continuing past it` };","Retained / automatic handling as stated in source"
"B1516","server.js","9881","Returned error / decision","survey sent ${dmy(String(open.invited_at).slice(0, 10))}, not answered · no survey sent in the last 12 months","(f.live === 'survey')","Returns an error, blocked or false decision object","formsRegister > liveState > callback","return { held: false, ok: false, gap: open ? `survey sent ${dmy(String(open.invited_at).slice(0, 10))}, not answered` : 'no survey sent in the last 12 months' };","Retained / automatic handling as stated in source"
"B1517","server.js","9885","Returned error / decision","no confirmed support plan","(f.live === 'annual_review') AND (!plan)","Returns an error, blocked or false decision object","formsRegister > liveState > callback","return { held: false, ok: false, gap: 'no confirmed support plan' };","Retained / automatic handling as stated in source"
"B1518","server.js","9887","Returned error / decision","support plan review overdue since ${dmy(due)}","(f.live === 'annual_review') AND (due && due < today)","Returns an error, blocked or false decision object","formsRegister > liveState > callback","return { held: true, ok: false, gap: `support plan review overdue since ${dmy(due)}` };","Retained / automatic handling as stated in source"
"B1519","server.js","9894","Readiness / eligibility","missing.push(c.label.toLowerCase())","(f.live === 'annual_review') AND (!good)","Adds a named condition to the returned readiness or error list","formsRegister > liveState > callback","missing.push(c.label.toLowerCase())","Retained / automatic handling as stated in source"
"B1520","server.js","9896","Returned error / decision","plan reviewed, but still waiting on: ${missing.join(', ')}","(f.live === 'annual_review') AND (missing.length)","Returns an error, blocked or false decision object","formsRegister > liveState > callback","return { held: true, ok: false, gap: `plan reviewed, but still waiting on: ${missing.join(', ')}` };","Retained / automatic handling as stated in source"
"B1521","server.js","10018","Access / decision gate","requireAdmin(user, res)","(!requireAdmin(user, res))","Checks access or an operation precondition; inspect the referenced helper","'GET' /^\/api\/admin\/forms$/","requireAdmin(user, res)","Retained / automatic handling as stated in source"
"B1522","server.js","10027","HTTP 401","Please log in.","(!user)","Request rejected or operation failed","'GET' /^\/api\/participant-doc-catalog$/","json(res, 401, { error: 'Please log in.' })","Retained / automatic handling as stated in source"
"B1523","server.js","10212","HTTP 401","Please log in.","(!user)","Request rejected or operation failed","'GET' /^\/api\/form-templates$/","json(res, 401, { error: 'Please log in.' })","Retained / automatic handling as stated in source"
"B1524","server.js","10240","HTTP 401","Please log in.","(!user)","Request rejected or operation failed","'GET' /^\/api\/form-templates\/([a-z0-9-]+)\/file$/","json(res, 401, { error: 'Please log in.' })","Retained / automatic handling as stated in source"
"B1525","server.js","10242","HTTP 404","No blank form on file for that one yet.","(!t || !t.file_path)","Request rejected or operation failed","'GET' /^\/api\/form-templates\/([a-z0-9-]+)\/file$/","json(res, 404, { error: 'No blank form on file for that one yet.' })","Retained / automatic handling as stated in source"
"B1526","server.js","10244","HTTP 404","The file is missing from the server.","At this operation","Request rejected or operation failed","'GET' /^\/api\/form-templates\/([a-z0-9-]+)\/file$/","json(res, 404, { error: 'The file is missing from the server.' })","Retained / automatic handling as stated in source"
"B1527","server.js","10256","Access / decision gate","requireAdmin(user, res)","(!requireAdmin(user, res))","Checks access or an operation precondition; inspect the referenced helper","'POST' /^\/api\/admin\/form-templates\/([a-z0-9-]+)$/","requireAdmin(user, res)","Retained / automatic handling as stated in source"
"B1528","server.js","10259","HTTP 400","No such form.","(!cat || key === 'p-other')","Request rejected or operation failed","'POST' /^\/api\/admin\/form-templates\/([a-z0-9-]+)$/","json(res, 400, { error: 'No such form.' })","Retained / automatic handling as stated in source"
"B1529","server.js","10262","HTTP 400","A link has to start with https://","(link && !/^https:\/\//i.test(link))","Request rejected or operation failed","'POST' /^\/api\/admin\/form-templates\/([a-z0-9-]+)$/","json(res, 400, { error: 'A link has to start with https://' })","Retained / automatic handling as stated in source"
"B1530","server.js","10274","HTTP 400","Blank forms must be PDF, Word (.docx), JPG or PNG.","(body.file && body.file.data) AND (!TEMPLATE_MIMES[fileMime])","Request rejected or operation failed","'POST' /^\/api\/admin\/form-templates\/([a-z0-9-]+)$/","json(res, 400, { error: 'Blank forms must be PDF, Word (.docx), JPG or PNG.' })","Retained / automatic handling as stated in source"
"B1531","server.js","10276","HTTP 400","Could not read that file.","(body.file && body.file.data)","Request rejected or operation failed","'POST' /^\/api\/admin\/form-templates\/([a-z0-9-]+)$/","json(res, 400, { error: 'Could not read that file.' })","Retained / automatic handling as stated in source"
"B1532","server.js","10277","HTTP 400","Blank forms can be up to 8 MB.","(body.file && body.file.data) AND (!buf.length || buf.length > 8 * 1024 * 1024)","Request rejected or operation failed","'POST' /^\/api\/admin\/form-templates\/([a-z0-9-]+)$/","json(res, 400, { error: 'Blank forms can be up to 8 MB.' })","Retained / automatic handling as stated in source"
"B1533","server.js","10308","HTTP 401","Please log in.","(!user)","Request rejected or operation failed","'GET' /^\/api\/form-templates\/([a-z0-9-]+)\/v(\d+)\/file$/","json(res, 401, { error: 'Please log in.' })","Retained / automatic handling as stated in source"
"B1534","server.js","10313","HTTP 404","That version isn't on file.","(!row || !row.file_path)","Request rejected or operation failed","'GET' /^\/api\/form-templates\/([a-z0-9-]+)\/v(\d+)\/file$/","json(res, 404, { error: 'That version isn\'t on file.' })","Retained / automatic handling as stated in source"
"B1535","server.js","10315","HTTP 404","That version's file is missing from the server.","At this operation","Request rejected or operation failed","'GET' /^\/api\/form-templates\/([a-z0-9-]+)\/v(\d+)\/file$/","json(res, 404, { error: 'That version\'s file is missing from the server.' })","Retained / automatic handling as stated in source"
"B1536","server.js","10328","HTTP 401","Please log in.","(!user)","Request rejected or operation failed","'GET' /^\/api\/form-templates\/([a-z0-9-]+)\/versions$/","json(res, 401, { error: 'Please log in.' })","Retained / automatic handling as stated in source"
"B1537","server.js","10331","HTTP 404","No such form.","(!cat)","Request rejected or operation failed","'GET' /^\/api\/form-templates\/([a-z0-9-]+)\/versions$/","json(res, 404, { error: 'No such form.' })","Retained / automatic handling as stated in source"
"B1538","server.js","10343","Access / decision gate","requireAdmin(user, res)","(!requireAdmin(user, res))","Checks access or an operation precondition; inspect the referenced helper","'POST' /^\/api\/admin\/form-templates\/([a-z0-9-]+)\/delete$/","requireAdmin(user, res)","Retained / automatic handling as stated in source"
"B1539","server.js","10346","HTTP 404","Nothing to remove.","(!t)","Request rejected or operation failed","'POST' /^\/api\/admin\/form-templates\/([a-z0-9-]+)\/delete$/","json(res, 404, { error: 'Nothing to remove.' })","Retained / automatic handling as stated in source"
"B1540","server.js","10362","HTTP 403","coordinator · Choose a client first, or ask them to give you access to documents. · Participants only.","(!pers)","Request rejected or operation failed","'GET' /^\/api\/me\/participant-documents$/","json(res, 403, { error: user && user.role === 'coordinator' ? 'Choose a client first, or ask them to give you access to documents.' : 'Participants only.' })","Retained / automatic handling as stated in source"
"B1541","server.js","10373","HTTP 429","Too many uploads — try again later.","(limited(ip, 'pdocs', 40))","Request rejected or operation failed","savePdoc","json(res, 429, { error: 'Too many uploads — try again later.' })","Retained / automatic handling as stated in source"
"B1542","server.js","10375","HTTP 400","Pick what this document is.","(!cat)","Request rejected or operation failed","savePdoc","json(res, 400, { error: 'Pick what this document is.' })","Retained / automatic handling as stated in source"
"B1543","server.js","10379","HTTP 400","The ${what} looks wrong.","(v && !/^\d{4}-\d{2}-\d{2}$/.test(v))","Request rejected or operation failed","savePdoc","json(res, 400, { error: `The ${what} looks wrong.` })","Retained / automatic handling as stated in source"
"B1544","server.js","10381","HTTP 400","Please enter the expiry date for the ${cat.label} — it drives the automatic checks.","(cat.expiry === 'required' && !expiry)","Request rejected or operation failed","savePdoc","json(res, 400, { error: `Please enter the expiry date for the ${cat.label} — it drives the automatic checks.` })","Retained / automatic handling as stated in source"
"B1545","server.js","10382","HTTP 400","Give the document a name so the file makes sense to someone else.","(cat.needsLabel && !clean(body.label, 90))","Request rejected or operation failed","savePdoc","json(res, 400, { error: 'Give the document a name so the file makes sense to someone else.' })","Retained / automatic handling as stated in source"
"B1546","server.js","10386","HTTP 400","Files must be PDF, JPG or PNG.","(body.file && body.file.data) AND (!DOC_MIMES[fileMime])","Request rejected or operation failed","savePdoc","json(res, 400, { error: 'Files must be PDF, JPG or PNG.' })","Retained / automatic handling as stated in source"
"B1547","server.js","10388","HTTP 400","Could not read that file.","(body.file && body.file.data)","Request rejected or operation failed","savePdoc","json(res, 400, { error: 'Could not read that file.' })","Retained / automatic handling as stated in source"
"B1548","server.js","10389","HTTP 400","Files can be up to 4 MB.","(body.file && body.file.data) AND (!buf.length || buf.length > 4 * 1024 * 1024)","Request rejected or operation failed","savePdoc","json(res, 400, { error: 'Files can be up to 4 MB.' })","Retained / automatic handling as stated in source"
"B1549","server.js","10413","HTTP 403","coordinator · Choose a client first, or ask them to give you access to documents. · Participants only.","(!pers)","Request rejected or operation failed","'POST' /^\/api\/me\/participant-documents$/","json(res, 403, { error: user && user.role === 'coordinator' ? 'Choose a client first, or ask them to give you access to documents.' : 'Participants only.' })","Retained / automatic handling as stated in source"
"B1550","server.js","10432","HTTP 403","Participants only.","(!pers)","Request rejected or operation failed","'POST' /^\/api\/me\/participant-documents\/([a-z0-9-]+)\/accept$/","json(res, 403, { error: 'Participants only.' })","Retained / automatic handling as stated in source"
"B1551","server.js","10434","HTTP 400","That one is not an agreement you can accept here.","(!cat || cat.sign !== 'click')","Request rejected or operation failed","'POST' /^\/api\/me\/participant-documents\/([a-z0-9-]+)\/accept$/","json(res, 400, { error: 'That one is not an agreement you can accept here.' })","Retained / automatic handling as stated in source"
"B1552","server.js","10435","HTTP 400","Tick the box to say you agree.","(body && body.agree !== true)","Request rejected or operation failed","'POST' /^\/api\/me\/participant-documents\/([a-z0-9-]+)\/accept$/","json(res, 400, { error: 'Tick the box to say you agree.' })","Retained / automatic handling as stated in source"
"B1553","server.js","10441","HTTP 400","We haven't published ${cat.label} yet, so there is nothing to agree to. Ask the office — they will put it up.","(!tpl || (!tpl.file_path && !tpl.link))","Request rejected or operation failed","'POST' /^\/api\/me\/participant-documents\/([a-z0-9-]+)\/accept$/","json(res, 400, { error: `We haven\'t published ${cat.label} yet, so there is nothing to agree to. Ask the office \u2014 they will put it up.` })","Retained / automatic handling as stated in source"
"B1554","server.js","10457","HTTP 400","${cat.label} is already on your file.","(held && (!tpl.generated || held.accepted_version === version))","Request rejected or operation failed","'POST' /^\/api\/me\/participant-documents\/([a-z0-9-]+)\/accept$/","json(res, 400, { error: `${cat.label} is already on your file.` })","Retained / automatic handling as stated in source"
"B1555","server.js","10465","HTTP 500","That document could not be generated right now.","(tpl.generated) AND (!html)","Request rejected or operation failed","'POST' /^\/api\/me\/participant-documents\/([a-z0-9-]+)\/accept$/","json(res, 500, { error: 'That document could not be generated right now.' })","Retained / automatic handling as stated in source"
"B1556","server.js","10488","HTTP 403","Participants only.","(!pers)","Request rejected or operation failed","'GET' /^\/api\/me\/generated\/([a-z0-9-]+)$/","json(res, 403, { error: 'Participants only.' })","Retained / automatic handling as stated in source"
"B1557","server.js","10490","HTTP 404","No such document.","(!html)","Request rejected or operation failed","'GET' /^\/api\/me\/generated\/([a-z0-9-]+)$/","json(res, 404, { error: 'No such document.' })","Retained / automatic handling as stated in source"
"B1558","server.js","10495","Access / decision gate","requireAdmin(user, res)","(!requireAdmin(user, res))","Checks access or an operation precondition; inspect the referenced helper","'GET' /^\/api\/admin\/participants\/(\d+)\/generated\/([a-z0-9-]+)$/","requireAdmin(user, res)","Retained / automatic handling as stated in source"
"B1559","server.js","10497","HTTP 404","No such document or participant.","(!html)","Request rejected or operation failed","'GET' /^\/api\/admin\/participants\/(\d+)\/generated\/([a-z0-9-]+)$/","json(res, 404, { error: 'No such document or participant.' })","Retained / automatic handling as stated in source"
"B1560","server.js","10504","HTTP 401","Please log in.","(!user)","Request rejected or operation failed","'GET' /^\/api\/generated-docs$/","json(res, 401, { error: 'Please log in.' })","Retained / automatic handling as stated in source"
"B1561","server.js","10516","HTTP 403","You do not have permission for this participant.","(!target)","Request rejected or operation failed","'POST' /^\/api\/me\/nominee$/","json(res,403,{error:'You do not have permission for this participant.'})","Retained / automatic handling as stated in source"
"B1562","server.js","10520","HTTP 403","Participants only.","(!pers)","Request rejected or operation failed","'POST' /^\/api\/me\/nominee$/","json(res, 403, { error: 'Participants only.' })","Retained / automatic handling as stated in source"
"B1563","server.js","10523","HTTP 400","Say who, if anyone, helps you manage this account.","(!role)","Request rejected or operation failed","'POST' /^\/api\/me\/nominee$/","json(res, 400, { error: 'Say who, if anyone, helps you manage this account.' })","Retained / automatic handling as stated in source"
"B1564","server.js","10527","HTTP 400","Someone under 18 needs an adult managing the account — a parent or guardian, usually. Choose who.","(under18 && role === 'none')","Request rejected or operation failed","'POST' /^\/api\/me\/nominee$/","json(res, 400, { error: 'Someone under 18 needs an adult managing the account \u2014 a parent or guardian, usually. Choose who.' })","Retained / automatic handling as stated in source"
"B1565","server.js","10528","HTTP 400","Give their name.","(role !== 'none' && name.length < 2)","Request rejected or operation failed","'POST' /^\/api\/me\/nominee$/","json(res, 400, { error: 'Give their name.' })","Retained / automatic handling as stated in source"
"B1566","server.js","10529","HTTP 400","A phone number or an email for them, so we can reach them.","(role !== 'none' && !phone && !email)","Request rejected or operation failed","'POST' /^\/api\/me\/nominee$/","json(res, 400, { error: 'A phone number or an email for them, so we can reach them.' })","Retained / automatic handling as stated in source"
"B1567","server.js","10530","HTTP 400","That phone number looks wrong.","(phone && !/^[0-9+ ()-]+$/.test(phone))","Request rejected or operation failed","'POST' /^\/api\/me\/nominee$/","json(res, 400, { error: 'That phone number looks wrong.' })","Retained / automatic handling as stated in source"
"B1568","server.js","10531","HTTP 400","That email address looks wrong.","(email && !EMAIL_RE.test(email))","Request rejected or operation failed","'POST' /^\/api\/me\/nominee$/","json(res, 400, { error: 'That email address looks wrong.' })","Retained / automatic handling as stated in source"
"B1569","server.js","10535","HTTP 400","${w.name} is a support worker on your shifts. A worker cannot also be the person who manages your account or makes decisions for you — it is a conflict of interest. Name someone who is not paid to support you.","(email) AND (w && workerLinked(w.id, pers.id))","Request rejected or operation failed","'POST' /^\/api\/me\/nominee$/","json(res, 400, { error: `${w.name} is a support worker on your shifts. A worker cannot also be the person who manages your account or makes decisions for you \u2014 it is a conflict of interest. Name someone who is not paid to support you.` })","Retained / automatic handling as stated in source"
"B1570","server.js","10555","HTTP 403","You do not have permission for this participant.","(!target)","Request rejected or operation failed","'POST' /^\/api\/me\/plan-sharing$/","json(res,403,{error:'You do not have permission for this participant.'})","Retained / automatic handling as stated in source"
"B1571","server.js","10559","HTTP 403","Participants only.","(!pers)","Request rejected or operation failed","'POST' /^\/api\/me\/plan-sharing$/","json(res, 403, { error: 'Participants only.' })","Retained / automatic handling as stated in source"
"B1572","server.js","10563","HTTP 400","If workers are not to read your plans in The Care Web, say in a sentence how they will get them on the day — a folder in the kitchen, a family member present. We record that sentence.","(!on && note.length < 10)","Request rejected or operation failed","'POST' /^\/api\/me\/plan-sharing$/","json(res, 400, { error: 'If workers are not to read your plans in The Care Web, say in a sentence how they will get them on the day \u2014 a folder in the kitchen, a family member present. We record that sentence.' })","Retained / automatic handling as stated in source"
"B1573","server.js","10591","HTTP 403","Participants only.","(!pers)","Request rejected or operation failed","'GET' /^\/api\/me\/survey$/","json(res, 403, { error: 'Participants only.' })","Retained / automatic handling as stated in source"
"B1574","server.js","10599","HTTP 403","Participants only.","(!pers)","Request rejected or operation failed","'POST' /^\/api\/me\/survey$/","json(res, 403, { error: 'Participants only.' })","Retained / automatic handling as stated in source"
"B1575","server.js","10600","HTTP 429","Too many submissions — try again later.","(limited(ip, 'survey', 10))","Request rejected or operation failed","'POST' /^\/api\/me\/survey$/","json(res, 429, { error: 'Too many submissions \u2014 try again later.' })","Retained / automatic handling as stated in source"
"B1576","server.js","10614","HTTP 400","Answer at least one question — even one line is worth having.","(!answered)","Request rejected or operation failed","'POST' /^\/api\/me\/survey$/","json(res, 400, { error: 'Answer at least one question \u2014 even one line is worth having.' })","Retained / automatic handling as stated in source"
"B1577","server.js","10634","Access / decision gate","requireAdmin(user, res)","(!requireAdmin(user, res))","Checks access or an operation precondition; inspect the referenced helper","'POST' /^\/api\/admin\/participants\/(\d+)\/survey-invite$/","requireAdmin(user, res)","Retained / automatic handling as stated in source"
"B1578","server.js","10636","HTTP 404","No such participant.","(!p)","Request rejected or operation failed","'POST' /^\/api\/admin\/participants\/(\d+)\/survey-invite$/","json(res, 404, { error: 'No such participant.' })","Retained / automatic handling as stated in source"
"B1579","server.js","10638","HTTP 400","Already sent on ${dmy(String(open.invited_at).slice(0, 10))} and not answered yet. Sending it twice reads as a nag.","(open)","Request rejected or operation failed","'POST' /^\/api\/admin\/participants\/(\d+)\/survey-invite$/","json(res, 400, { error: `Already sent on ${dmy(String(open.invited_at).slice(0, 10))} and not answered yet. Sending it twice reads as a nag.` })","Retained / automatic handling as stated in source"
"B1580","server.js","10648","Access / decision gate","requireAdmin(user, res)","(!requireAdmin(user, res))","Checks access or an operation precondition; inspect the referenced helper","'GET' /^\/api\/admin\/surveys\.csv$/","requireAdmin(user, res)","Retained / automatic handling as stated in source"
"B1581","server.js","10667","HTTP 403","Participants only.","(!pers)","Request rejected or operation failed","'GET' /^\/api\/me\/agreements$/","json(res, 403, { error: 'Participants only.' })","Retained / automatic handling as stated in source"
"B1582","server.js","10701","HTTP 403","coordinator · Choose a client first, or ask them to give you access to documents. · Participants only.","(!pers)","Request rejected or operation failed","'POST' /^\/api\/me\/participant-documents\/(\d+)\/delete$/","json(res, 403, { error: user && user.role === 'coordinator' ? 'Choose a client first, or ask them to give you access to documents.' : 'Participants only.' })","Retained / automatic handling as stated in source"
"B1583","server.js","10704","HTTP 404","No such document.","(!d)","Request rejected or operation failed","'POST' /^\/api\/me\/participant-documents\/(\d+)\/delete$/","json(res, 404, { error: 'No such document.' })","Retained / automatic handling as stated in source"
"B1584","server.js","10706","HTTP 400","That one has been checked by the office — ask them to remove it.","(d.verified_at)","Request rejected or operation failed","'POST' /^\/api\/me\/participant-documents\/(\d+)\/delete$/","json(res, 400, { error: 'That one has been checked by the office — ask them to remove it.' })","Retained / automatic handling as stated in source"
"B1585","server.js","10733","Boolean decision","False result from workerMayRead","(!user || user.role !== 'worker')","Eligibility or control result is false; caller determines effect","workerMayRead","return false;","Retained / automatic handling as stated in source"
"B1586","server.js","10735","Boolean decision","False result from workerMayRead","(!cat || cat.owner !== 'clinical')","Eligibility or control result is false; caller determines effect","workerMayRead","return false;","Retained / automatic handling as stated in source"
"B1587","server.js","10736","Boolean decision","False result from workerMayRead","(reviewState(d) !== 'approved')","Eligibility or control result is false; caller determines effect","workerMayRead","return false;","Retained / automatic handling as stated in source"
"B1588","server.js","10737","Boolean decision","False result from workerMayRead","(!participantShares(d.participant_id))","Eligibility or control result is false; caller determines effect","workerMayRead","return false;","Retained / automatic handling as stated in source"
"B1589","server.js","10758","HTTP 401","Please log in.","(!user)","Request rejected or operation failed","'GET' /^\/api\/participant-documents\/(\d+)\/file$/","json(res, 401, { error: 'Please log in.' })","Retained / automatic handling as stated in source"
"B1590","server.js","10760","HTTP 404","No file.","(!d || !d.file_path)","Request rejected or operation failed","'GET' /^\/api\/participant-documents\/(\d+)\/file$/","json(res, 404, { error: 'No file.' })","Retained / automatic handling as stated in source"
"B1591","server.js","10761","HTTP 403","Not yours.","(!(user.admin || user.id === d.participant_id || linkAllows(user.id, d.participant_id, 'documents') || workerMayRead(user, d)))","Request rejected or operation failed","'GET' /^\/api\/participant-documents\/(\d+)\/file$/","json(res, 403, { error: 'Not yours.' })","Retained / automatic handling as stated in source"
"B1592","server.js","10762","HTTP 404","File missing from disk.","(!fs.existsSync(d.file_path))","Request rejected or operation failed","'GET' /^\/api\/participant-documents\/(\d+)\/file$/","json(res, 404, { error: 'File missing from disk.' })","Retained / automatic handling as stated in source"
"B1593","server.js","10791","Access / decision gate","requireAdmin(user, res)","(!requireAdmin(user, res))","Checks access or an operation precondition; inspect the referenced helper","'GET' /^\/api\/admin\/participant-documents$/","requireAdmin(user, res)","Retained / automatic handling as stated in source"
"B1594","server.js","10805","Access / decision gate","requireAdmin(user, res)","(!requireAdmin(user, res))","Checks access or an operation precondition; inspect the referenced helper","'POST' /^\/api\/admin\/participants\/(\d+)\/documents$/","requireAdmin(user, res)","Retained / automatic handling as stated in source"
"B1595","server.js","10807","HTTP 404","No such participant.","(!p)","Request rejected or operation failed","'POST' /^\/api\/admin\/participants\/(\d+)\/documents$/","json(res, 404, { error: 'No such participant.' })","Retained / automatic handling as stated in source"
"B1596","server.js","10837","Access / decision gate","requireAdmin(user, res)","(!requireAdmin(user, res))","Checks access or an operation precondition; inspect the referenced helper","'POST' /^\/api\/admin\/participant-documents\/(\d+)\/verify$/","requireAdmin(user, res)","Retained / automatic handling as stated in source"
"B1597","server.js","10840","HTTP 404","No such document.","(!d)","Request rejected or operation failed","'POST' /^\/api\/admin\/participant-documents\/(\d+)\/verify$/","json(res, 404, { error: 'No such document.' })","Retained / automatic handling as stated in source"
"B1598","server.js","10874","Access / decision gate","requireAdmin(user, res)","(!requireAdmin(user, res))","Checks access or an operation precondition; inspect the referenced helper","'POST' /^\/api\/admin\/participant-documents\/(\d+)\/reject$/","requireAdmin(user, res)","Retained / automatic handling as stated in source"
"B1599","server.js","10877","HTTP 404","No such document.","(!d)","Request rejected or operation failed","'POST' /^\/api\/admin\/participant-documents\/(\d+)\/reject$/","json(res, 404, { error: 'No such document.' })","Retained / automatic handling as stated in source"
"B1600","server.js","10879","HTTP 400","Say why it can't be accepted — nobody can fix what they can't see.","(!reason)","Request rejected or operation failed","'POST' /^\/api\/admin\/participant-documents\/(\d+)\/reject$/","json(res, 400, { error: 'Say why it can\'t be accepted — nobody can fix what they can\'t see.' })","Retained / automatic handling as stated in source"
"B1601","server.js","10918","Access / decision gate","requireAdmin(user, res)","(!requireAdmin(user, res))","Checks access or an operation precondition; inspect the referenced helper","'POST' /^\/api\/admin\/workers\/(\d+)\/request-document$/","requireAdmin(user, res)","Retained / automatic handling as stated in source"
"B1602","server.js","10920","HTTP 404","No such worker.","(!w)","Request rejected or operation failed","'POST' /^\/api\/admin\/workers\/(\d+)\/request-document$/","json(res, 404, { error: 'No such worker.' })","Retained / automatic handling as stated in source"
"B1603","server.js","10923","HTTP 400","Pick which document you need.","(!cat)","Request rejected or operation failed","'POST' /^\/api\/admin\/workers\/(\d+)\/request-document$/","json(res, 400, { error: 'Pick which document you need.' })","Retained / automatic handling as stated in source"
"B1604","server.js","10926","HTTP 400","That date looks wrong.","(due && !/^\d{4}-\d{2}-\d{2}$/.test(due))","Request rejected or operation failed","'POST' /^\/api\/admin\/workers\/(\d+)\/request-document$/","json(res, 400, { error: 'That date looks wrong.' })","Retained / automatic handling as stated in source"
"B1605","server.js","10943","Access / decision gate","requireAdmin(user, res)","(!requireAdmin(user, res))","Checks access or an operation precondition; inspect the referenced helper","'POST' /^\/api\/admin\/participants\/(\d+)\/request-document$/","requireAdmin(user, res)","Retained / automatic handling as stated in source"
"B1606","server.js","10945","HTTP 404","No such participant.","(!p)","Request rejected or operation failed","'POST' /^\/api\/admin\/participants\/(\d+)\/request-document$/","json(res, 404, { error: 'No such participant.' })","Retained / automatic handling as stated in source"
"B1607","server.js","10948","HTTP 400","Pick which document you need.","(!cat)","Request rejected or operation failed","'POST' /^\/api\/admin\/participants\/(\d+)\/request-document$/","json(res, 400, { error: 'Pick which document you need.' })","Retained / automatic handling as stated in source"
"B1608","server.js","10951","HTTP 400","That date looks wrong.","(due && !/^\d{4}-\d{2}-\d{2}$/.test(due))","Request rejected or operation failed","'POST' /^\/api\/admin\/participants\/(\d+)\/request-document$/","json(res, 400, { error: 'That date looks wrong.' })","Retained / automatic handling as stated in source"
"B1609","server.js","10980","Access / decision gate","requireAdmin(user, res)","(!requireAdmin(user, res))","Checks access or an operation precondition; inspect the referenced helper","'POST' /^\/api\/admin\/doc-requests\/(\d+)\/cancel$/","requireAdmin(user, res)","Retained / automatic handling as stated in source"
"B1610","server.js","10982","HTTP 404","No such request.","(!r)","Request rejected or operation failed","'POST' /^\/api\/admin\/doc-requests\/(\d+)\/cancel$/","json(res, 404, { error: 'No such request.' })","Retained / automatic handling as stated in source"
"B1611","server.js","10983","HTTP 400","That one has already been answered.","(r.fulfilled_at)","Request rejected or operation failed","'POST' /^\/api\/admin\/doc-requests\/(\d+)\/cancel$/","json(res, 400, { error: 'That one has already been answered.' })","Retained / automatic handling as stated in source"
"B1612","server.js","10993","Access / decision gate","requireAdmin(user, res)","(!requireAdmin(user, res))","Checks access or an operation precondition; inspect the referenced helper","'GET' /^\/api\/admin\/doc-requests$/","requireAdmin(user, res)","Retained / automatic handling as stated in source"
"B1613","server.js","11012","Access / decision gate","requireAdmin(user, res)","(!requireAdmin(user, res))","Checks access or an operation precondition; inspect the referenced helper","'POST' /^\/api\/admin\/participant-documents\/(\d+)\/delete$/","requireAdmin(user, res)","Retained / automatic handling as stated in source"
"B1614","server.js","11014","HTTP 404","No such document.","(!d)","Request rejected or operation failed","'POST' /^\/api\/admin\/participant-documents\/(\d+)\/delete$/","json(res, 404, { error: 'No such document.' })","Retained / automatic handling as stated in source"
"B1615","server.js","11021","Access / decision gate","requireAdmin(user, res)","(!requireAdmin(user, res))","Checks access or an operation precondition; inspect the referenced helper","'GET' /^\/api\/admin\/participant-documents\.csv$/","requireAdmin(user, res)","Retained / automatic handling as stated in source"
"B1616","server.js","11094","Access / decision gate","requireAdmin(user, res)","(!requireAdmin(user, res))","Checks access or an operation precondition; inspect the referenced helper","'POST' /^\/api\/admin\/forms\/record$/","requireAdmin(user, res)","Retained / automatic handling as stated in source"
"B1617","server.js","11097","HTTP 404","No such form.","(!f)","Request rejected or operation failed","'POST' /^\/api\/admin\/forms\/record$/","json(res, 404, { error: 'No such form.' })","Retained / automatic handling as stated in source"
"B1618","server.js","11098","HTTP 400","The Care Web tracks this form itself, so it cannot be recorded by hand. Whatever is missing has to be fixed in the data, not asserted over it.","(f.track === 'live')","Request rejected or operation failed","'POST' /^\/api\/admin\/forms\/record$/","json(res, 400, { error: 'The Care Web tracks this form itself, so it cannot be recorded by hand. Whatever is missing has to be fixed in the data, not asserted over it.' })","Retained / automatic handling as stated in source"
"B1619","server.js","11103","HTTP 400","The period ends before it starts.","(from && to && to < from)","Request rejected or operation failed","'POST' /^\/api\/admin\/forms\/record$/","json(res, 400, { error: 'The period ends before it starts.' })","Retained / automatic handling as stated in source"
"B1620","server.js","11105","HTTP 400","A record cannot cover a period that has not happened yet.","(from > today || to > today)","Request rejected or operation failed","'POST' /^\/api\/admin\/forms\/record$/","json(res, 400, { error: 'A record cannot cover a period that has not happened yet.' })","Retained / automatic handling as stated in source"
"B1621","server.js","11127","Access / decision gate","requireAdmin(user, res)","(!requireAdmin(user, res))","Checks access or an operation precondition; inspect the referenced helper","'DELETE' /^\/api\/admin\/forms\/record\/([a-z0-9-]+)$/","requireAdmin(user, res)","Retained / automatic handling as stated in source"
"B1622","server.js","11130","HTTP 404","No such form.","(!f)","Request rejected or operation failed","'DELETE' /^\/api\/admin\/forms\/record\/([a-z0-9-]+)$/","json(res, 404, { error: 'No such form.' })","Retained / automatic handling as stated in source"
"B1623","server.js","11139","Access / decision gate","requireAdmin(user, res)","(!requireAdmin(user, res))","Checks access or an operation precondition; inspect the referenced helper","'GET' /^\/api\/admin\/forms\.csv$/","requireAdmin(user, res)","Retained / automatic handling as stated in source"
"B1624","server.js","11358","Access / decision gate","requireAdmin(user, res)","(!requireAdmin(user, res))","Checks access or an operation precondition; inspect the referenced helper","'GET' /^\/api\/admin\/worker-credentials\.csv$/","requireAdmin(user, res)","Retained / automatic handling as stated in source"
"B1625","server.js","11384","Access / decision gate","requireAdmin(user, res)","(!requireAdmin(user, res))","Checks access or an operation precondition; inspect the referenced helper","'GET' /^\/api\/admin\/participant-register\.csv$/","requireAdmin(user, res)","Retained / automatic handling as stated in source"
"B1626","server.js","11439","Access / decision gate","requireAdmin(user, res)","(!requireAdmin(user, res))","Checks access or an operation precondition; inspect the referenced helper","'GET' /^\/api\/admin\/audit-history\.csv$/","requireAdmin(user, res)","Retained / automatic handling as stated in source"
"B1627","server.js","11497","Boolean decision","False result from buildAuditPack > callback","(bytes + buf.length > PACK_BYTES_CAP)","Eligibility or control result is false; caller determines effect","buildAuditPack > callback","return false;","Retained / automatic handling as stated in source"
"B1628","server.js","11742","Access / decision gate","requireAdmin(user, res)","(!requireAdmin(user, res))","Checks access or an operation precondition; inspect the referenced helper","'GET' /^\/api\/admin\/audit-pack\.zip$/","requireAdmin(user, res)","Retained / automatic handling as stated in source"
"B1629","server.js","11745","HTTP 500","Could not build the pack:","At this operation","Request rejected or operation failed","'GET' /^\/api\/admin\/audit-pack\.zip$/","json(res, 500, { error: 'Could not build the pack: ' + e.message })","Retained / automatic handling as stated in source"
"B1630","server.js","11761","Access / decision gate","requireAdmin(user, res)","(!requireAdmin(user, res))","Checks access or an operation precondition; inspect the referenced helper","'GET' /^\/api\/admin\/audit-pack$/","requireAdmin(user, res)","Retained / automatic handling as stated in source"
"B1631","server.js","11778","Access / decision gate","requireAdmin(user, res)","(!requireAdmin(user, res))","Checks access or an operation precondition; inspect the referenced helper","'GET' /^\/api\/admin\/shift-notes$/","requireAdmin(user, res)","Retained / automatic handling as stated in source"
"B1632","server.js","11798","Access / decision gate","requireAdmin(user, res)","(!requireAdmin(user, res))","Checks access or an operation precondition; inspect the referenced helper","'POST' /^\/api\/admin\/shift-notes\/(\d+)\/review$/","requireAdmin(user, res)","Retained / automatic handling as stated in source"
"B1633","server.js","11800","HTTP 404","No such note.","(!n)","Request rejected or operation failed","'POST' /^\/api\/admin\/shift-notes\/(\d+)\/review$/","json(res, 404, { error: 'No such note.' })","Retained / automatic handling as stated in source"
"B1634","server.js","11802","HTTP 400","Write what you did about it — that record is the point.","(outcome.length < 5)","Request rejected or operation failed","'POST' /^\/api\/admin\/shift-notes\/(\d+)\/review$/","json(res, 400, { error: 'Write what you did about it — that record is the point.' })","Retained / automatic handling as stated in source"
"B1635","server.js","11809","Access / decision gate","requireAdmin(user, res)","(!requireAdmin(user, res))","Checks access or an operation precondition; inspect the referenced helper","'GET' /^\/api\/admin\/participants\/(\d+)\/notes\.csv$/","requireAdmin(user, res)","Retained / automatic handling as stated in source"
"B1636","server.js","11812","HTTP 404","No such participant.","(!p)","Request rejected or operation failed","'GET' /^\/api\/admin\/participants\/(\d+)\/notes\.csv$/","json(res, 404, { error: 'No such participant.' })","Retained / automatic handling as stated in source"
"B1637","server.js","11840","HTTP 401","Please log in.","(!user)","Request rejected or operation failed","'POST' /^\/api\/bookings\/(\d+)\/review$/","json(res, 401, { error: 'Please log in.' })","Retained / automatic handling as stated in source"
"B1638","server.js","11841","HTTP 403","Only participants can review shifts.","(user.role !== 'participant')","Request rejected or operation failed","'POST' /^\/api\/bookings\/(\d+)\/review$/","json(res, 403, { error: 'Only participants can review shifts.' })","Retained / automatic handling as stated in source"
"B1639","server.js","11842","HTTP 429","Slow down a moment.","(limited(ip, 'review', 20))","Request rejected or operation failed","'POST' /^\/api\/bookings\/(\d+)\/review$/","json(res, 429, { error: 'Slow down a moment.' })","Retained / automatic handling as stated in source"
"B1640","server.js","11844","HTTP 404","No such booking.","(!b)","Request rejected or operation failed","'POST' /^\/api\/bookings\/(\d+)\/review$/","json(res, 404, { error: 'No such booking.' })","Retained / automatic handling as stated in source"
"B1641","server.js","11845","HTTP 400","You can review a shift once it's marked completed.","(b.status !== 'completed')","Request rejected or operation failed","'POST' /^\/api\/bookings\/(\d+)\/review$/","json(res, 400, { error: 'You can review a shift once it\'s marked completed.' })","Retained / automatic handling as stated in source"
"B1642","server.js","11847","HTTP 400","Pick a star rating from 1 to 5.","(!(rating >= 1 && rating <= 5))","Request rejected or operation failed","'POST' /^\/api\/bookings\/(\d+)\/review$/","json(res, 400, { error: 'Pick a star rating from 1 to 5.' })","Retained / automatic handling as stated in source"
"B1643","server.js","11848","HTTP 409","You've already reviewed this shift — thank you!","(db.prepare('SELECT id FROM reviews WHERE booking_id = ?').get(b.id))","Request rejected or operation failed","'POST' /^\/api\/bookings\/(\d+)\/review$/","json(res, 409, { error: 'You\'ve already reviewed this shift — thank you!' })","Retained / automatic handling as stated in source"
"B1644","server.js","11862","Access / decision gate","requireAdmin(user, res)","(!requireAdmin(user, res))","Checks access or an operation precondition; inspect the referenced helper","'GET' /^\/api\/admin\/reviews$/","requireAdmin(user, res)","Retained / automatic handling as stated in source"
"B1645","server.js","11869","Access / decision gate","requireAdmin(user, res)","(!requireAdmin(user, res))","Checks access or an operation precondition; inspect the referenced helper","'POST' /^\/api\/admin\/reviews\/(\d+)\/toggle$/","requireAdmin(user, res)","Retained / automatic handling as stated in source"
"B1646","server.js","11871","HTTP 404","No such review.","(!r)","Request rejected or operation failed","'POST' /^\/api\/admin\/reviews\/(\d+)\/toggle$/","json(res, 404, { error: 'No such review.' })","Retained / automatic handling as stated in source"
"B1647","server.js","11878","Access / decision gate","requireAdmin(user, res)","(!requireAdmin(user, res))","Checks access or an operation precondition; inspect the referenced helper","'GET' /^\/api\/admin\/sil$/","requireAdmin(user, res)","Retained / automatic handling as stated in source"
"B1648","server.js","11893","Access / decision gate","requireAdmin(user, res)","(!requireAdmin(user, res))","Checks access or an operation precondition; inspect the referenced helper","'POST' /^\/api\/admin\/sil\/houses$/","requireAdmin(user, res)","Retained / automatic handling as stated in source"
"B1649","server.js","11895","HTTP 400","Give the house a name (e.g. ""Gosford — Wattle St"").","(!name)","Request rejected or operation failed","'POST' /^\/api\/admin\/sil\/houses$/","json(res, 400, { error: 'Give the house a name (e.g. ""Gosford — Wattle St"").' })","Retained / automatic handling as stated in source"
"B1650","server.js","11902","Access / decision gate","requireAdmin(user, res)","(!requireAdmin(user, res))","Checks access or an operation precondition; inspect the referenced helper","'POST' /^\/api\/admin\/sil\/houses\/(\d+)\/delete$/","requireAdmin(user, res)","Retained / automatic handling as stated in source"
"B1651","server.js","11904","HTTP 404","No such house.","(!h)","Request rejected or operation failed","'POST' /^\/api\/admin\/sil\/houses\/(\d+)\/delete$/","json(res, 404, { error: 'No such house.' })","Retained / automatic handling as stated in source"
"B1652","server.js","11911","Access / decision gate","requireAdmin(user, res)","(!requireAdmin(user, res))","Checks access or an operation precondition; inspect the referenced helper","'POST' /^\/api\/admin\/sil\/slots$/","requireAdmin(user, res)","Retained / automatic handling as stated in source"
"B1653","server.js","11913","HTTP 404","No such house.","(!house)","Request rejected or operation failed","'POST' /^\/api\/admin\/sil\/slots$/","json(res, 404, { error: 'No such house.' })","Retained / automatic handling as stated in source"
"B1654","server.js","11915","HTTP 400","Pick a day of the week.","(!(Number.isInteger(day) && day >= 0 && day <= 6))","Request rejected or operation failed","'POST' /^\/api\/admin\/sil\/slots$/","json(res, 400, { error: 'Pick a day of the week.' })","Retained / automatic handling as stated in source"
"B1655","server.js","11917","HTTP 400","Start time looks wrong (use 24-hour HH:MM).","(!BOOKIT_TIME.validTime(start))","Request rejected or operation failed","'POST' /^\/api\/admin\/sil\/slots$/","json(res, 400, { error: 'Start time looks wrong (use 24-hour HH:MM).' })","Retained / automatic handling as stated in source"
"B1656","server.js","11919","HTTP 400","Slots are between 1 and 12 hours.","(!(hours >= 1 && hours <= 12))","Request rejected or operation failed","'POST' /^\/api\/admin\/sil\/slots$/","json(res, 400, { error: 'Slots are between 1 and 12 hours.' })","Retained / automatic handling as stated in source"
"B1657","server.js","11921","HTTP 400","Pick a service.","(!SERVICES.includes(service))","Request rejected or operation failed","'POST' /^\/api\/admin\/sil\/slots$/","json(res, 400, { error: 'Pick a service.' })","Retained / automatic handling as stated in source"
"B1658","server.js","11924","HTTP 404","No such worker.","(workerId && !db.prepare(""SELECT id FROM users WHERE id = ? AND role = 'worker'"").get(workerId))","Request rejected or operation failed","'POST' /^\/api\/admin\/sil\/slots$/","json(res, 404, { error: 'No such worker.' })","Retained / automatic handling as stated in source"
"B1659","server.js","11926","HTTP 404","No such participant.","(participantId && !db.prepare(""SELECT id FROM users WHERE id = ? AND role = 'participant'"").get(participantId))","Request rejected or operation failed","'POST' /^\/api\/admin\/sil\/slots$/","json(res, 404, { error: 'No such participant.' })","Retained / automatic handling as stated in source"
"B1660","server.js","11933","Access / decision gate","requireAdmin(user, res)","(!requireAdmin(user, res))","Checks access or an operation precondition; inspect the referenced helper","'POST' /^\/api\/admin\/sil\/slots\/(\d+)\/delete$/","requireAdmin(user, res)","Retained / automatic handling as stated in source"
"B1661","server.js","11935","HTTP 404","No such slot.","(!s)","Request rejected or operation failed","'POST' /^\/api\/admin\/sil\/slots\/(\d+)\/delete$/","json(res, 404, { error: 'No such slot.' })","Retained / automatic handling as stated in source"
"B1662","server.js","11942","Access / decision gate","requireAdmin(user, res)","(!requireAdmin(user, res))","Checks access or an operation precondition; inspect the referenced helper","'POST' /^\/api\/admin\/sil\/generate$/","requireAdmin(user, res)","Retained / automatic handling as stated in source"
"B1663","server.js","11950","HTTP 400","Week start looks wrong.","((body.week_start!==undefined && body.week_start!==weekStart)||!BOOKIT_TIME.validDate(weekStart))","Request rejected or operation failed","'POST' /^\/api\/admin\/sil\/generate$/","json(res, 400, { error: 'Week start looks wrong.' })","Retained / automatic handling as stated in source"
"B1664","server.js","11952","HTTP 400","Week start looks wrong.","(isNaN(ws))","Request rejected or operation failed","'POST' /^\/api\/admin\/sil\/generate$/","json(res, 400, { error: 'Week start looks wrong.' })","Retained / automatic handling as stated in source"
"B1665","server.js","11953","HTTP 400","The week starts on a Monday — pick a Monday date.","((ws.getUTCDay() + 6) % 7 !== 0)","Request rejected or operation failed","'POST' /^\/api\/admin\/sil\/generate$/","json(res, 400, { error: 'The week starts on a Monday — pick a Monday date.' })","Retained / automatic handling as stated in source"
"B1666","server.js","11978","HTTP 429","Too many messages — try again later.","(limited(ip, 'contact', 20))","Request rejected or operation failed","'POST' /^\/api\/contact$/","json(res, 429, { error: 'Too many messages — try again later.' })","Retained / automatic handling as stated in source"
"B1667","server.js","12076","Returned status / rejection reason","other","(HOLIDAYS.at(dateIso).holiday)","Returned message / status; caller decides whether it blocks","standbyBand","return 'other';","Retained / automatic handling as stated in source"
"B1668","server.js","12116","Boolean decision","False result from coverCandidates > callback","(tier === 'standby') AND (skip.has(r.id))","Eligibility or control result is false; caller determines effect","coverCandidates > callback","return false;","Retained / automatic handling as stated in source"
"B1669","server.js","12118","Boolean decision","False result from coverCandidates > callback","(tier === 'standby') AND (svcs.length && !svcs.includes(b.service))","Eligibility or control result is false; caller determines effect","coverCandidates > callback","return false;","Retained / automatic handling as stated in source"
"B1670","server.js","12139","Boolean decision","False result from coverCandidates > callback","(!opts.forSeries && sentTo.includes(a.id))","Eligibility or control result is false; caller determines effect","coverCandidates > callback","return false;","Retained / automatic handling as stated in source"
"B1671","server.js","12140","Boolean decision","False result from coverCandidates > callback","(!a.agreement_ref)","Eligibility or control result is false; caller determines effect","coverCandidates > callback","return false;","Retained / automatic handling as stated in source"
"B1672","server.js","12141","Boolean decision","False result from coverCandidates > callback","(a.insurance_expiry && a.insurance_expiry < today)","Eligibility or control result is false; caller determines effect","coverCandidates > callback","return false;","Retained / automatic handling as stated in source"
"B1673","server.js","12143","Boolean decision","False result from coverCandidates > callback","(groups.length && group && !groups.some(g => String(group).includes(g)))","Eligibility or control result is false; caller determines effect","coverCandidates > callback","return false;","Retained / automatic handling as stated in source"
"B1674","server.js","12145","Boolean decision","False result from coverCandidates > callback","(subs.length && sub && !subs.includes(sub))","Eligibility or control result is false; caller determines effect","coverCandidates > callback","return false;","Retained / automatic handling as stated in source"
"B1675","server.js","12208","Form / interface constraint","<input type=""hidden"" name=""expires"" value=""${expires}"">","(req.method==='GET')","Required input or conditional control; attribute expression is shown","handleCoverLink","<input type=""hidden"" name=""expires"" value=""${expires}"">","Retained / automatic handling as stated in source"
"B1676","server.js","12208","Form / interface constraint","<input type=""hidden"" name=""confirmation"" value=""${sig}"">","(req.method==='GET')","Required input or conditional control; attribute expression is shown","handleCoverLink","<input type=""hidden"" name=""confirmation"" value=""${sig}"">","Retained / automatic handling as stated in source"
"B1677","server.js","12406","Error / validation","That offer has already been answered or is unavailable.","(!o||o.response)","Request rejected or operation failed","coverAccept","fail('That offer has already been answered or is unavailable.')","Retained / automatic handling as stated in source"
"B1678","server.js","12409","Error / validation","The visit no longer needs cover.","(!cv||cv.status!=='open'||!b||b.voided||!['requested','accepted'].includes(b.status)||b.cover_state!=='finding')","Request rejected or operation failed","coverAccept","fail('The visit no longer needs cover.')","Retained / automatic handling as stated in source"
"B1679","server.js","12410","Error / validation","This offer has expired. Refresh your open shifts.","(!Number.isFinite(Date.parse(o.expires_at))||Date.parse(o.expires_at)<=Date.now())","Request rejected or operation failed","coverAccept","fail('This offer has expired. Refresh your open shifts.')","Retained / automatic handling as stated in source"
"B1680","server.js","12411","Error / validation","This visit has started or its date needs checking. Contact the office.","(!Number.isFinite(+bookingStart(b))||bookingStart(b)<=new Date())","Request rejected or operation failed","coverAccept","fail('This visit has started or its date needs checking. Contact the office.')","Retained / automatic handling as stated in source"
"B1681","server.js","12415","Error / validation","The partner provider no longer meets this visit’s eligibility checks. Contact the office.","(o.tier==='allied') AND (!allied)","Request rejected or operation failed","coverAccept","fail('The partner provider no longer meets this visit’s eligibility checks. Contact the office.')","Retained / automatic handling as stated in source"
"B1682","server.js","12421","Error / validation","That offer belongs to another worker.","NOT (o.tier==='allied') AND (!wid||wid!==o.worker_id)","Request rejected or operation failed","coverAccept","fail('That offer belongs to another worker.')","Retained / automatic handling as stated in source"
"B1683","server.js","12425","Error / validation","fit","NOT (o.tier==='allied') AND (!fit.ok)","Request rejected or operation failed","coverAccept","fail(fit)","Retained / automatic handling as stated in source"
"B1684","server.js","12426","Error / validation","Open and read this visit’s current plan before confirming. · cover_review_required","NOT (o.tier==='allied') AND (fit.ack?.required&&!fit.ack.acked&&!review)","Request rejected or operation failed","coverAccept","fail({error:'Open and read this visit’s current plan before confirming.',code:'cover_review_required'})","Retained / automatic handling as stated in source"
"B1685","server.js","12438","Error / validation","Exception from e","At this operation","Stops this operation and propagates an error","coverAccept","throw e;","Retained / automatic handling as stated in source"
"B1686","server.js","12602","Boolean decision","False result from standbyCandidates > callback","(!platformEligible(c.id))","Eligibility or control result is false; caller determines effect","standbyCandidates > callback","return false;","Retained / automatic handling as stated in source"
"B1687","server.js","12603","Boolean decision","False result from standbyCandidates > callback","(screeningState(c.id) === 'expired')","Eligibility or control result is false; caller determines effect","standbyCandidates > callback","return false;","Retained / automatic handling as stated in source"
"B1688","server.js","12604","Boolean decision","False result from standbyCandidates > callback","(c.this_week >= (c.standby_max ?? 2))","Eligibility or control result is false; caller determines effect","standbyCandidates > callback","return false;","Retained / automatic handling as stated in source"
"B1689","server.js","12605","Boolean decision","False result from standbyCandidates > callback","(c.working)","Eligibility or control result is false; caller determines effect","standbyCandidates > callback","return false;","Retained / automatic handling as stated in source"
"B1690","server.js","12694","HTTP 401","Please log in.","(!user)","Request rejected or operation failed","'GET' /^\/api\/me\/care-web$/","json(res, 401, { error: 'Please log in.' })","Retained / automatic handling as stated in source"
"B1691","server.js","12695","HTTP 403","Care webs belong to participants.","(user.role !== 'participant')","Request rejected or operation failed","'GET' /^\/api\/me\/care-web$/","json(res, 403, { error: 'Care webs belong to participants.' })","Retained / automatic handling as stated in source"
"B1692","server.js","12704","HTTP 401","Please log in.","(!user)","Request rejected or operation failed","'POST' /^\/api\/me\/care-web$/","json(res, 401, { error: 'Please log in.' })","Retained / automatic handling as stated in source"
"B1693","server.js","12705","HTTP 403","Care webs belong to participants.","(user.role !== 'participant')","Request rejected or operation failed","'POST' /^\/api\/me\/care-web$/","json(res, 403, { error: 'Care webs belong to participants.' })","Retained / automatic handling as stated in source"
"B1694","server.js","12708","HTTP 404","That worker isn't available to add.","(!w || !platformEligible(workerId, w.email))","Request rejected or operation failed","'POST' /^\/api\/me\/care-web$/","json(res, 404, { error: 'That worker isn\'t available to add.' })","Retained / automatic handling as stated in source"
"B1695","server.js","12710","HTTP 400","${w.name.split(' ')[0]} is already in your care web.","(db.prepare('SELECT id FROM care_web WHERE participant_id = ? AND worker_id = ?').get(user.id, workerId))","Request rejected or operation failed","'POST' /^\/api\/me\/care-web$/","json(res, 400, { error: `${w.name.split(' ')[0]} is already in your care web.` })","Retained / automatic handling as stated in source"
"B1696","server.js","12719","HTTP 401","Please log in.","(!user)","Request rejected or operation failed","'POST' /^\/api\/me\/care-web\/(\d+)$/","json(res, 401, { error: 'Please log in.' })","Retained / automatic handling as stated in source"
"B1697","server.js","12721","HTTP 404","Not in your care web.","(!row)","Request rejected or operation failed","'POST' /^\/api\/me\/care-web\/(\d+)$/","json(res, 404, { error: 'Not in your care web.' })","Retained / automatic handling as stated in source"
"B1698","server.js","12731","HTTP 401","Please log in.","(!user)","Request rejected or operation failed","'POST' /^\/api\/me\/care-web\/order$/","json(res, 401, { error: 'Please log in.' })","Retained / automatic handling as stated in source"
"B1699","server.js","12733","HTTP 400","Nothing to reorder.","(!ids.length)","Request rejected or operation failed","'POST' /^\/api\/me\/care-web\/order$/","json(res, 400, { error: 'Nothing to reorder.' })","Retained / automatic handling as stated in source"
"B1700","server.js","12741","HTTP 401","Please log in.","(!user)","Request rejected or operation failed","'POST' /^\/api\/me\/care-web\/(\d+)\/delete$/","json(res, 401, { error: 'Please log in.' })","Retained / automatic handling as stated in source"
"B1701","server.js","12743","HTTP 404","Not in your care web.","(!row)","Request rejected or operation failed","'POST' /^\/api\/me\/care-web\/(\d+)\/delete$/","json(res, 404, { error: 'Not in your care web.' })","Retained / automatic handling as stated in source"
"B1702","server.js","12782","HTTP 401","Please log in.","(!user)","Request rejected or operation failed","'GET' /^\/api\/me\/offers$/","json(res, 401, { error: 'Please log in.' })","Retained / automatic handling as stated in source"
"B1703","server.js","12801","HTTP 401","Please log in.","(!user)","Request rejected or operation failed","'POST' /^\/api\/me\/offers\/(\d+)\/(accept|decline)$/","json(res, 401, { error: 'Please log in.' })","Retained / automatic handling as stated in source"
"B1704","server.js","12804","HTTP 404","That offer isn't yours.","(!o || o.worker_id !== user.id)","Request rejected or operation failed","'POST' /^\/api\/me\/offers\/(\d+)\/(accept|decline)$/","json(res, 404, { error: 'That offer isn\'t yours.' })","Retained / automatic handling as stated in source"
"B1705","server.js","12810","HTTP 400","res 400 { ...r, offers: offerRows(user.id) }","(r.error)","Request rejected or operation failed","'POST' /^\/api\/me\/offers\/(\d+)\/(accept|decline)$/","json(res, 400, { ...r, offers: offerRows(user.id) })","Retained / automatic handling as stated in source"
"B1706","server.js","12816","HTTP 401","Please log in.","(!user)","Request rejected or operation failed","'POST' /^\/api\/me\/standby-settings$/","json(res, 401, { error: 'Please log in.' })","Retained / automatic handling as stated in source"
"B1707","server.js","12817","HTTP 403","Workers only.","(user.role !== 'worker')","Request rejected or operation failed","'POST' /^\/api\/me\/standby-settings$/","json(res, 403, { error: 'Workers only.' })","Retained / automatic handling as stated in source"
"B1708","server.js","12826","HTTP 401","Please log in.","(!user)","Request rejected or operation failed","'POST' /^\/api\/me\/standby\/(\d+)\/(accept|decline)$/","json(res, 401, { error: 'Please log in.' })","Retained / automatic handling as stated in source"
"B1709","server.js","12828","HTTP 404","That standby period isn't yours.","(!s || s.worker_id !== user.id)","Request rejected or operation failed","'POST' /^\/api\/me\/standby\/(\d+)\/(accept|decline)$/","json(res, 404, { error: 'That standby period isn\'t yours.' })","Retained / automatic handling as stated in source"
"B1710","server.js","12829","HTTP 400","That one has already been answered.","(s.status !== 'offered')","Request rejected or operation failed","'POST' /^\/api\/me\/standby\/(\d+)\/(accept|decline)$/","json(res, 400, { error: 'That one has already been answered.' })","Retained / automatic handling as stated in source"
"B1711","server.js","12838","HTTP 401","Please log in.","(!user)","Request rejected or operation failed","'POST' /^\/api\/bookings\/(\d+)\/cant-make-it$/","json(res, 401, { error: 'Please log in.' })","Retained / automatic handling as stated in source"
"B1712","server.js","12840","HTTP 404","Booking not found.","(!b)","Request rejected or operation failed","'POST' /^\/api\/bookings\/(\d+)\/cant-make-it$/","json(res, 404, { error: 'Booking not found.' })","Retained / automatic handling as stated in source"
"B1713","server.js","12842","HTTP 403","That isn't your shift.","(!(user.role === 'worker' && b.worker_id === user.id) && !user.admin)","Request rejected or operation failed","'POST' /^\/api\/bookings\/(\d+)\/cant-make-it$/","json(res, 403, { error: 'That isn\'t your shift.' })","Retained / automatic handling as stated in source"
"B1714","server.js","12843","HTTP 400","That shift isn't live any more.","(!['requested', 'accepted'].includes(b.status))","Request rejected or operation failed","'POST' /^\/api\/bookings\/(\d+)\/cant-make-it$/","json(res, 400, { error: 'That shift isn\'t live any more.' })","Retained / automatic handling as stated in source"
"B1715","server.js","12844","HTTP 400","Cover is already being found for this shift.","(b.cover_state === 'finding')","Request rejected or operation failed","'POST' /^\/api\/bookings\/(\d+)\/cant-make-it$/","json(res, 400, { error: 'Cover is already being found for this shift.' })","Retained / automatic handling as stated in source"
"B1716","server.js","12849","HTTP 500","Couldn't open a cover request.","(!cv && b.cover_state !== 'office') AND (!bNow || bNow.cover_state !== 'office')","Request rejected or operation failed","'POST' /^\/api\/bookings\/(\d+)\/cant-make-it$/","json(res, 500, { error: 'Couldn\'t open a cover request.' })","Retained / automatic handling as stated in source"
"B1717","server.js","12867","HTTP 401","Please log in.","(!user)","Request rejected or operation failed","'POST' /^\/api\/bookings\/(\d+)\/stand-down$/","json(res, 401, { error: 'Please log in.' })","Retained / automatic handling as stated in source"
"B1718","server.js","12869","HTTP 404","Booking not found.","(!b)","Request rejected or operation failed","'POST' /^\/api\/bookings\/(\d+)\/stand-down$/","json(res, 404, { error: 'Booking not found.' })","Retained / automatic handling as stated in source"
"B1719","server.js","12870","HTTP 403","That isn't your booking.","(b.participant_id !== user.id && !user.admin)","Request rejected or operation failed","'POST' /^\/api\/bookings\/(\d+)\/stand-down$/","json(res, 403, { error: 'That isn\'t your booking.' })","Retained / automatic handling as stated in source"
"B1720","server.js","12883","HTTP 401","Please log in.","(!user)","Request rejected or operation failed","'GET' /^\/api\/bookings\/(\d+)\/cover$/","json(res, 401, { error: 'Please log in.' })","Retained / automatic handling as stated in source"
"B1721","server.js","12885","HTTP 404","Booking not found.","(!b)","Request rejected or operation failed","'GET' /^\/api\/bookings\/(\d+)\/cover$/","json(res, 404, { error: 'Booking not found.' })","Retained / automatic handling as stated in source"
"B1722","server.js","12886","HTTP 403","Not your booking.","(b.participant_id !== user.id && b.worker_id !== user.id && !user.admin)","Request rejected or operation failed","'GET' /^\/api\/bookings\/(\d+)\/cover$/","json(res, 403, { error: 'Not your booking.' })","Retained / automatic handling as stated in source"
"B1723","server.js","12904","Access / decision gate","requireAdmin(user, res)","(!requireAdmin(user, res))","Checks access or an operation precondition; inspect the referenced helper","'GET' /^\/api\/admin\/cover$/","requireAdmin(user, res)","Retained / automatic handling as stated in source"
"B1724","server.js","12987","Access / decision gate","requireAdmin(user, res)","(!requireAdmin(user, res))","Checks access or an operation precondition; inspect the referenced helper","'POST' /^\/api\/admin\/cover\/(\d+)\/escalate$/","requireAdmin(user, res)","Retained / automatic handling as stated in source"
"B1725","server.js","12989","HTTP 400","That cover request isn't open.","(!cv || cv.status !== 'open')","Request rejected or operation failed","'POST' /^\/api\/admin\/cover\/(\d+)\/escalate$/","json(res, 400, { error: 'That cover request isn\'t open.' })","Retained / automatic handling as stated in source"
"B1726","server.js","12999","Access / decision gate","requireAdmin(user, res)","(!requireAdmin(user,res))","Checks access or an operation precondition; inspect the referenced helper","'POST' /^\/api\/admin\/cover\/(\d+)\/assign$/","requireAdmin(user,res)","Retained / automatic handling as stated in source"
"B1727","server.js","13002","HTTP 409","This visit no longer needs an offer.","(!b||b.cover_state!=='finding'||!['requested','accepted'].includes(b.status))","Request rejected or operation failed","'POST' /^\/api\/admin\/cover\/(\d+)\/assign$/","json(res,409,{error:'This visit no longer needs an offer.'})","Retained / automatic handling as stated in source"
"B1728","server.js","13003","HTTP 409","The visit has started. Use the documented office-review assignment.","(bookingStart(b)<=new Date())","Request rejected or operation failed","'POST' /^\/api\/admin\/cover\/(\d+)\/assign$/","json(res,409,{error:'The visit has started. Use the documented office-review assignment.'})","Retained / automatic handling as stated in source"
"B1729","server.js","13004","HTTP 400","res 400 fit","(!fit.ok) AND NOT (fit.confirm)","Request rejected or operation failed","'POST' /^\/api\/admin\/cover\/(\d+)\/assign$/","json(res,400,fit)","Retained / automatic handling as stated in source"
"B1730","server.js","13013","Access / decision gate","requireAdmin(user, res)","(!requireAdmin(user, res))","Checks access or an operation precondition; inspect the referenced helper","'POST' /^\/api\/admin\/cover\/(\d+)\/close$/","requireAdmin(user, res)","Retained / automatic handling as stated in source"
"B1731","server.js","13015","HTTP 404","Not found.","(!cv)","Request rejected or operation failed","'POST' /^\/api\/admin\/cover\/(\d+)\/close$/","json(res, 404, { error: 'Not found.' })","Retained / automatic handling as stated in source"
"B1732","server.js","13025","Access / decision gate","requireAdmin(user, res)","(!requireAdmin(user, res))","Checks access or an operation precondition; inspect the referenced helper","'GET' /^\/api\/admin\/bookings\/(\d+)\/candidates$/","requireAdmin(user, res)","Retained / automatic handling as stated in source"
"B1733","server.js","13027","HTTP 404","Not found.","(!b)","Request rejected or operation failed","'GET' /^\/api\/admin\/bookings\/(\d+)\/candidates$/","json(res, 404, { error: 'Not found.' })","Retained / automatic handling as stated in source"
"B1734","server.js","13044","Access / decision gate","requireAdmin(user, res)","(!requireAdmin(user,res))","Checks access or an operation precondition; inspect the referenced helper","'GET' /^\/api\/admin\/bookings\/(\d+)\/assignment-evidence$/","requireAdmin(user,res)","Retained / automatic handling as stated in source"
"B1735","server.js","13045","HTTP 404","Booking not found.","(!b)","Request rejected or operation failed","'GET' /^\/api\/admin\/bookings\/(\d+)\/assignment-evidence$/","json(res,404,{error:'Booking not found.'})","Retained / automatic handling as stated in source"
"B1736","server.js","13051","Access / decision gate","requireAdmin(user, res)","(!requireAdmin(user, res))","Checks access or an operation precondition; inspect the referenced helper","'POST' /^\/api\/admin\/bookings\/(\d+)\/office-assign$/","requireAdmin(user, res)","Retained / automatic handling as stated in source"
"B1737","server.js","13053","HTTP 404","Booking not found.","(!b)","Request rejected or operation failed","'POST' /^\/api\/admin\/bookings\/(\d+)\/office-assign$/","json(res, 404, { error: 'Booking not found.' })","Retained / automatic handling as stated in source"
"B1738","server.js","13055","HTTP 400","That booking isn't waiting on the office.","(b.cover_state !== 'office' || !['requested', 'accepted'].includes(b.status))","Request rejected or operation failed","'POST' /^\/api\/admin\/bookings\/(\d+)\/office-assign$/","json(res, 400, { error: 'That booking isn\'t waiting on the office.' })","Retained / automatic handling as stated in source"
"B1739","server.js","13059","HTTP 400","Record who spoke to the worker, when, and their explicit agreement (at least 20 characters).","(body.worker_agreed!==true || consent.length<20)","Request rejected or operation failed","'POST' /^\/api\/admin\/bookings\/(\d+)\/office-assign$/","json(res,400,{error:'Record who spoke to the worker, when, and their explicit agreement (at least 20 characters).'})","Retained / automatic handling as stated in source"
"B1740","server.js","13061","HTTP 400","Worker not found.","(!w)","Request rejected or operation failed","'POST' /^\/api\/admin\/bookings\/(\d+)\/office-assign$/","json(res,400,{error:'Worker not found.'})","Retained / automatic handling as stated in source"
"B1741","server.js","13061","HTTP 400","res 400 fit","(!fit.ok) AND NOT (fit.confirm)","Request rejected or operation failed","'POST' /^\/api\/admin\/bookings\/(\d+)\/office-assign$/","json(res,400,fit)","Retained / automatic handling as stated in source"
"B1742","server.js","13068","Error / validation","Exception from e","At this operation","Stops this operation and propagates an error","'POST' /^\/api\/admin\/bookings\/(\d+)\/office-assign$/","throw e;","Retained / automatic handling as stated in source"
"B1743","server.js","13075","Access / decision gate","requireAdmin(user, res)","(!requireAdmin(user, res))","Checks access or an operation precondition; inspect the referenced helper","'GET' /^\/api\/admin\/cover\/(\d+)\/candidates$/","requireAdmin(user, res)","Retained / automatic handling as stated in source"
"B1744","server.js","13077","HTTP 404","Not found.","(!cv)","Request rejected or operation failed","'GET' /^\/api\/admin\/cover\/(\d+)\/candidates$/","json(res, 404, { error: 'Not found.' })","Retained / automatic handling as stated in source"
"B1745","server.js","13108","Access / decision gate","requireAdmin(user, res)","(!requireAdmin(user, res))","Checks access or an operation precondition; inspect the referenced helper","'POST' /^\/api\/admin\/series\/(\d+)\/propose$/","requireAdmin(user, res)","Retained / automatic handling as stated in source"
"B1746","server.js","13110","HTTP 404","Series not found.","(!sr)","Request rejected or operation failed","'POST' /^\/api\/admin\/series\/(\d+)\/propose$/","json(res, 404, { error: 'Series not found.' })","Retained / automatic handling as stated in source"
"B1747","server.js","13111","HTTP 400","This series is not under review.","(!sr.review_required)","Request rejected or operation failed","'POST' /^\/api\/admin\/series\/(\d+)\/propose$/","json(res, 400, { error: 'This series is not under review.' })","Retained / automatic handling as stated in source"
"B1748","server.js","13115","HTTP 400","That worker isn't currently available on the platform, so they can't take on a recurring arrangement.","(!w || !w.visible || !platformEligible(workerId, w.email))","Request rejected or operation failed","'POST' /^\/api\/admin\/series\/(\d+)\/propose$/","json(res, 400, { error: ""That worker isn't currently available on the platform, so they can't take on a recurring arrangement."" })","Retained / automatic handling as stated in source"
"B1749","server.js","13119","HTTP 400","This series has no upcoming occurrences left to move. · ${w.name} can't take this series as it stands — ${fit.conflicts.length} of ${fit.occurrences.length} upcoming shift${fit.conflicts.length === 1 ? '' : 's'} don't fit (${when}${fit.conflicts.length > 3 ? ', …' : ''}): the service, the day or a clash in their diary.","(!fit.ok)","Request rejected or operation failed","'POST' /^\/api\/admin\/series\/(\d+)\/propose$/","json(res, 400, { error: fit.occurrences.length === 0 ? 'This series has no upcoming occurrences left to move.' : `${w.name} can't take this series as it stands — ${fit.conflicts.length} of ${fit.occurrences.length} upcoming shift${fit.conflicts.length === 1 ? '' : 's'} don't fit (${when}${fit.conflicts.length > 3 ? ', …' : ''}): the service, the day or a clash in their diary.` })","Retained / automatic handling as stated in source"
"B1750","server.js","13132","Access / decision gate","requireAdmin(user, res)","(!requireAdmin(user, res))","Checks access or an operation precondition; inspect the referenced helper","'POST' /^\/api\/admin\/series\/(\d+)\/approve$/","requireAdmin(user, res)","Retained / automatic handling as stated in source"
"B1751","server.js","13134","HTTP 404","Series not found.","(!sr)","Request rejected or operation failed","'POST' /^\/api\/admin\/series\/(\d+)\/approve$/","json(res, 404, { error: 'Series not found.' })","Retained / automatic handling as stated in source"
"B1752","server.js","13136","HTTP 400","Propose a replacement worker first — the participant agrees to a person, not a blank.","(!sr.review_required || !sr.proposed_worker_id)","Request rejected or operation failed","'POST' /^\/api\/admin\/series\/(\d+)\/approve$/","json(res, 400, { error: 'Propose a replacement worker first — the participant agrees to a person, not a blank.' })","Retained / automatic handling as stated in source"
"B1753","server.js","13138","HTTP 400","Record who gave the agreement — the participant or their authorised representative, by name (and how: phone, in person, email).","(!who)","Request rejected or operation failed","'POST' /^\/api\/admin\/series\/(\d+)\/approve$/","json(res, 400, { error: ""Record who gave the agreement — the participant or their authorised representative, by name (and how: phone, in person, email)."" })","Retained / automatic handling as stated in source"
"B1754","server.js","13141","HTTP 400","The proposed worker is no longer available — propose someone else.","(!w || !w.visible || !platformEligible(w.id, w.email))","Request rejected or operation failed","'POST' /^\/api\/admin\/series\/(\d+)\/approve$/","json(res, 400, { error: 'The proposed worker is no longer available — propose someone else.' })","Retained / automatic handling as stated in source"
"B1755","server.js","13144","HTTP 400","This series has no upcoming occurrences left to move. · ${w.name} no longer fits ${fit.conflicts.length} of the remaining shift${fit.conflicts.length === 1 ? '' : 's'} — things have changed since the proposal. Propose again.","(!fit.ok)","Request rejected or operation failed","'POST' /^\/api\/admin\/series\/(\d+)\/approve$/","json(res, 400, { error: fit.occurrences.length === 0 ? 'This series has no upcoming occurrences left to move.' : `${w.name} no longer fits ${fit.conflicts.length} of the remaining shift${fit.conflicts.length === 1 ? '' : 's'} — things have changed since the proposal. Propose again.` })","Retained / automatic handling as stated in source"
"B1756","server.js","13172","HTTP 500","Could not move the series — nothing changed. Try again, and tell the office if it keeps happening.","At this operation","Request rejected or operation failed","'POST' /^\/api\/admin\/series\/(\d+)\/approve$/","json(res, 500, { error: 'Could not move the series — nothing changed. Try again, and tell the office if it keeps happening.' })","Retained / automatic handling as stated in source"
"B1757","server.js","13190","Access / decision gate","requireAdmin(user, res)","(!requireAdmin(user, res))","Checks access or an operation precondition; inspect the referenced helper","'GET' /^\/api\/admin\/allied$/","requireAdmin(user, res)","Retained / automatic handling as stated in source"
"B1758","server.js","13199","Access / decision gate","requireAdmin(user, res)","(!requireAdmin(user, res))","Checks access or an operation precondition; inspect the referenced helper","'POST' /^\/api\/admin\/allied$/","requireAdmin(user, res)","Retained / automatic handling as stated in source"
"B1759","server.js","13202","HTTP 400","A provider name is needed.","(!name)","Request rejected or operation failed","'POST' /^\/api\/admin\/allied$/","json(res, 400, { error: 'A provider name is needed.' })","Retained / automatic handling as stated in source"
"B1760","server.js","13203","HTTP 400","A valid contact email is needed — that's where cover requests go.","(!EMAIL_RE.test(email))","Request rejected or operation failed","'POST' /^\/api\/admin\/allied$/","json(res, 400, { error: 'A valid contact email is needed — that\'s where cover requests go.' })","Retained / automatic handling as stated in source"
"B1761","server.js","13224","Access / decision gate","requireAdmin(user, res)","(!requireAdmin(user, res))","Checks access or an operation precondition; inspect the referenced helper","'POST' /^\/api\/admin\/allied\/(\d+)\/delete$/","requireAdmin(user, res)","Retained / automatic handling as stated in source"
"B1762","server.js","13232","Access / decision gate","requireAdmin(user, res)","(!requireAdmin(user, res))","Checks access or an operation precondition; inspect the referenced helper","'POST' /^\/api\/admin\/standby$/","requireAdmin(user, res)","Retained / automatic handling as stated in source"
"B1763","server.js","13234","HTTP 400","Pick a real date today or later.","(!BOOKIT_TIME.validDate(date) || date < ymd())","Request rejected or operation failed","'POST' /^\/api\/admin\/standby$/","json(res, 400, { error: 'Pick a real date today or later.' })","Retained / automatic handling as stated in source"
"B1764","server.js","13236","HTTP 400","Pick at least one worker.","(!ids.length)","Request rejected or operation failed","'POST' /^\/api\/admin\/standby$/","json(res, 400, { error: 'Pick at least one worker.' })","Retained / automatic handling as stated in source"
"B1765","server.js","13242","Access / decision gate","requireAdmin(user, res)","(!requireAdmin(user, res))","Checks access or an operation precondition; inspect the referenced helper","'POST' /^\/api\/admin\/standby\/(\d+)\/release$/","requireAdmin(user, res)","Retained / automatic handling as stated in source"
"B1766","server.js","13244","HTTP 404","Not found.","(!s)","Request rejected or operation failed","'POST' /^\/api\/admin\/standby\/(\d+)\/release$/","json(res, 404, { error: 'Not found.' })","Retained / automatic handling as stated in source"
"B1767","server.js","13250","Access / decision gate","requireAdmin(user, res)","(!requireAdmin(user, res))","Checks access or an operation precondition; inspect the referenced helper","'POST' /^\/api\/admin\/standby\/fill$/","requireAdmin(user, res)","Retained / automatic handling as stated in source"
"B1768","server.js","13257","Access / decision gate","requireAdmin(user, res)","(!requireAdmin(user, res))","Checks access or an operation precondition; inspect the referenced helper","'POST' /^\/api\/admin\/oncall-rates$/","requireAdmin(user, res)","Retained / automatic handling as stated in source"
"B1769","server.js","13259","HTTP 400","Both allowances need to be a sensible dollar figure.","(!(w > 0 && w < 500) || !(o > 0 && o < 500))","Request rejected or operation failed","'POST' /^\/api\/admin\/oncall-rates$/","json(res, 400, { error: 'Both allowances need to be a sensible dollar figure.' })","Retained / automatic handling as stated in source"
"B1770","server.js","13445","Returned status / rejection reason","platinum","(hours >= b.platinum)","Returned message / status; caller decides whether it blocks","tierForHours","return 'platinum';","Retained / automatic handling as stated in source"
"B1771","server.js","13446","Returned status / rejection reason","gold","(hours >= b.gold)","Returned message / status; caller decides whether it blocks","tierForHours","return 'gold';","Retained / automatic handling as stated in source"
"B1772","server.js","13447","Returned status / rejection reason","silver","(hours >= b.silver)","Returned message / status; caller decides whether it blocks","tierForHours","return 'silver';","Retained / automatic handling as stated in source"
"B1773","server.js","13448","Returned status / rejection reason","bronze","At this operation","Returned message / status; caller decides whether it blocks","tierForHours","return 'bronze';","Retained / automatic handling as stated in source"
"B1774","server.js","13637","HTTP 401","Please log in.","(!user)","Request rejected or operation failed","'GET' /^\/api\/me\/tier$/","json(res, 401, { error: 'Please log in.' })","Retained / automatic handling as stated in source"
"B1775","server.js","13638","HTTP 403","Workers only.","(user.role !== 'worker')","Request rejected or operation failed","'GET' /^\/api\/me\/tier$/","json(res, 403, { error: 'Workers only.' })","Retained / automatic handling as stated in source"
"B1776","server.js","13666","Access / decision gate","requireAdmin(user, res)","(!requireAdmin(user, res))","Checks access or an operation precondition; inspect the referenced helper","'GET' /^\/api\/admin\/ladder$/","requireAdmin(user, res)","Retained / automatic handling as stated in source"
"B1777","server.js","13736","Access / decision gate","requireAdmin(user, res)","(!requireAdmin(user, res))","Checks access or an operation precondition; inspect the referenced helper","'POST' /^\/api\/admin\/ladder\/settings$/","requireAdmin(user, res)","Retained / automatic handling as stated in source"
"B1778","server.js","13758","HTTP 400","${TIERS[i].label} (${s[TIER_KEYS[i]]}%) can't pay less than ${TIERS[i - 1].label} (${s[TIER_KEYS[i - 1]]}%). Saved what was valid; fix the order and save again.","(s[TIER_KEYS[i]] < s[TIER_KEYS[i - 1]])","Request rejected or operation failed","'POST' /^\/api\/admin\/ladder\/settings$/","json(res, 400, { error: `${TIERS[i].label} (${s[TIER_KEYS[i]]}%) can't pay less than ${TIERS[i - 1].label} (${s[TIER_KEYS[i - 1]]}%). Saved what was valid; fix the order and save again.`, saved })","Retained / automatic handling as stated in source"
"B1779","server.js","13762","HTTP 400","Hour bands must increase: Silver, then Gold, then Platinum.","(!(b.silver < b.gold && b.gold < b.platinum))","Request rejected or operation failed","'POST' /^\/api\/admin\/ladder\/settings$/","json(res, 400, { error: 'Hour bands must increase: Silver, then Gold, then Platinum.', saved })","Retained / automatic handling as stated in source"
"B1780","server.js","13767","Access / decision gate","requireAdmin(user, res)","(!requireAdmin(user, res))","Checks access or an operation precondition; inspect the referenced helper","'POST' /^\/api\/admin\/workers\/(\d+)\/tier$/","requireAdmin(user, res)","Retained / automatic handling as stated in source"
"B1781","server.js","13770","HTTP 404","No such worker.","(!w)","Request rejected or operation failed","'POST' /^\/api\/admin\/workers\/(\d+)\/tier$/","json(res, 404, { error: 'No such worker.' })","Retained / automatic handling as stated in source"
"B1782","server.js","13775","HTTP 400","SCHADS level must be 1, 2 or 3.","(body.schads_level !== undefined) AND (![1, 2, 3].includes(lv))","Request rejected or operation failed","'POST' /^\/api\/admin\/workers\/(\d+)\/tier$/","json(res, 400, { error: 'SCHADS level must be 1, 2 or 3.' })","Retained / automatic handling as stated in source"
"B1783","server.js","13795","HTTP 400","Unknown tier.","(body.tier !== undefined) AND (!TIER_KEYS.includes(t))","Request rejected or operation failed","'POST' /^\/api\/admin\/workers\/(\d+)\/tier$/","json(res, 400, { error: 'Unknown tier.' })","Retained / automatic handling as stated in source"
"B1784","server.js","13796","HTTP 400","Tiers can't be lowered by hand — that would skip the 90-day grace period and the 28 days' written notice. Let the monthly review do it, or pause the clock if this worker is on leave.","(body.tier !== undefined) AND (tierIndex(t) < tierIndex(cur))","Request rejected or operation failed","'POST' /^\/api\/admin\/workers\/(\d+)\/tier$/","json(res, 400, { error: `Tiers can't be lowered by hand — that would skip the 90-day grace period and the 28 days' written notice. Let the monthly review do it, or pause the clock if this worker is on leave.` })","Retained / automatic handling as stated in source"
"B1785","server.js","13808","Access / decision gate","requireAdmin(user, res)","(!requireAdmin(user, res))","Checks access or an operation precondition; inspect the referenced helper","'POST' /^\/api\/admin\/ladder\/review$/","requireAdmin(user, res)","Retained / automatic handling as stated in source"
"B1786","server.js","13845","HTTP 401","Please log in.","(!user)","Request rejected or operation failed","'GET' /^\/api\/coordinator\/clients$/","json(res, 401, { error: 'Please log in.' })","Retained / automatic handling as stated in source"
"B1787","server.js","13846","HTTP 403","Coordinator accounts only.","(user.role !== 'coordinator')","Request rejected or operation failed","'GET' /^\/api\/coordinator\/clients$/","json(res, 403, { error: 'Coordinator accounts only.' })","Retained / automatic handling as stated in source"
"B1788","server.js","13879","HTTP 401","Please log in.","(!user)","Request rejected or operation failed","'GET' /^\/api\/links$/","json(res, 401, { error: 'Please log in.' })","Retained / automatic handling as stated in source"
"B1789","server.js","13898","HTTP 401","Please log in.","(!user)","Request rejected or operation failed","'POST' /^\/api\/links$/","json(res, 401, { error: 'Please log in.' })","Retained / automatic handling as stated in source"
"B1790","server.js","13899","HTTP 403","Only the person receiving supports can give someone access to their account.","(user.role !== 'participant')","Request rejected or operation failed","'POST' /^\/api\/links$/","json(res, 403, { error: 'Only the person receiving supports can give someone access to their account.' })","Retained / automatic handling as stated in source"
"B1791","server.js","13900","HTTP 429","That is a lot of invitations at once. Try again in a few minutes.","(limited(ip, 'link-invite', 10))","Request rejected or operation failed","'POST' /^\/api\/links$/","json(res, 429, { error: 'That is a lot of invitations at once. Try again in a few minutes.' })","Retained / automatic handling as stated in source"
"B1792","server.js","13902","HTTP 400","That email address does not look right.","(!/^[^@\s]+@[^@\s]+\.[^@\s]+$/.test(email))","Request rejected or operation failed","'POST' /^\/api\/links$/","json(res, 400, { error: 'That email address does not look right.' })","Retained / automatic handling as stated in source"
"B1793","server.js","13903","HTTP 400","That is your own address — you already have full access.","(email === String(user.email || '').toLowerCase())","Request rejected or operation failed","'POST' /^\/api\/links$/","json(res, 400, { error: 'That is your own address — you already have full access.' })","Retained / automatic handling as stated in source"
"B1794","server.js","13905","HTTP 400","Choose at least one thing they may do.","(!scopes.length)","Request rejected or operation failed","'POST' /^\/api\/links$/","json(res, 400, { error: 'Choose at least one thing they may do.' })","Retained / automatic handling as stated in source"
"B1795","server.js","13909","HTTP 400","That person already has an invitation or access. Change or remove the existing one first.","(existing)","Request rejected or operation failed","'POST' /^\/api\/links$/","json(res, 400, { error: 'That person already has an invitation or access. Change or remove the existing one first.' })","Retained / automatic handling as stated in source"
"B1796","server.js","13933","HTTP 404","That invitation has been used, withdrawn, or never existed.","(!l)","Request rejected or operation failed","'GET' /^\/api\/invite\/([a-f0-9]{16,64})$/","json(res, 404, { error: 'That invitation has been used, withdrawn, or never existed.' })","Retained / automatic handling as stated in source"
"B1797","server.js","13943","HTTP 401","Please log in or create your coordinator account first.","(!user)","Request rejected or operation failed","'POST' /^\/api\/invite\/([a-f0-9]{16,64})\/accept$/","json(res, 401, { error: 'Please log in or create your coordinator account first.' })","Retained / automatic handling as stated in source"
"B1798","server.js","13945","HTTP 404","That invitation has been used, withdrawn, or never existed.","(!l)","Request rejected or operation failed","'POST' /^\/api\/invite\/([a-f0-9]{16,64})\/accept$/","json(res, 404, { error: 'That invitation has been used, withdrawn, or never existed.' })","Retained / automatic handling as stated in source"
"B1799","server.js","13946","HTTP 400","Invitations like this are accepted with a coordinator account. Yours is a · account.","(user.role !== 'coordinator')","Request rejected or operation failed","'POST' /^\/api\/invite\/([a-f0-9]{16,64})\/accept$/","json(res, 400, { error: 'Invitations like this are accepted with a coordinator account. Yours is a ' + user.role + ' account.' })","Retained / automatic handling as stated in source"
"B1800","server.js","13948","HTTP 403","This invitation was sent to a different email address.","(String(user.email || '').toLowerCase() !== String(l.invite_email || '').toLowerCase())","Request rejected or operation failed","'POST' /^\/api\/invite\/([a-f0-9]{16,64})\/accept$/","json(res, 403, { error: 'This invitation was sent to a different email address.' })","Retained / automatic handling as stated in source"
"B1801","server.js","13962","HTTP 401","Please log in.","(!user)","Request rejected or operation failed","'PATCH' /^\/api\/links\/(\d+)$/","json(res, 401, { error: 'Please log in.' })","Retained / automatic handling as stated in source"
"B1802","server.js","13964","HTTP 404","Not found.","(!l || l.participant_id !== user.id)","Request rejected or operation failed","'PATCH' /^\/api\/links\/(\d+)$/","json(res, 404, { error: 'Not found.' })","Retained / automatic handling as stated in source"
"B1803","server.js","13965","HTTP 400","That access has already been removed.","(l.status === 'revoked')","Request rejected or operation failed","'PATCH' /^\/api\/links\/(\d+)$/","json(res, 400, { error: 'That access has already been removed.' })","Retained / automatic handling as stated in source"
"B1804","server.js","13967","HTTP 400","Leave at least one box ticked, or remove their access altogether.","(!scopes.length)","Request rejected or operation failed","'PATCH' /^\/api\/links\/(\d+)$/","json(res, 400, { error: 'Leave at least one box ticked, or remove their access altogether.' })","Retained / automatic handling as stated in source"
"B1805","server.js","13981","HTTP 401","Please log in.","(!user)","Request rejected or operation failed","'DELETE' /^\/api\/links\/(\d+)$/","json(res, 401, { error: 'Please log in.' })","Retained / automatic handling as stated in source"
"B1806","server.js","13983","HTTP 404","Not found.","(!l)","Request rejected or operation failed","'DELETE' /^\/api\/links\/(\d+)$/","json(res, 404, { error: 'Not found.' })","Retained / automatic handling as stated in source"
"B1807","server.js","13986","HTTP 403","Not yours to remove.","(!mine && !theirs)","Request rejected or operation failed","'DELETE' /^\/api\/links\/(\d+)$/","json(res, 403, { error: 'Not yours to remove.' })","Retained / automatic handling as stated in source"
"B1808","server.js","14003","HTTP 401","Please log in.","(!user)","Request rejected or operation failed","'GET' /^\/api\/links\/log$/","json(res, 401, { error: 'Please log in.' })","Retained / automatic handling as stated in source"
"B1809","server.js","14016","HTTP 401","Please log in.","(!user)","Request rejected or operation failed","'GET' /^\/api\/my-workers$/","json(res, 401, { error: 'Please log in.' })","Retained / automatic handling as stated in source"
"B1810","server.js","14034","HTTP 401","Please log in.","(!user)","Request rejected or operation failed","'PUT' /^\/api\/my-workers\/(\d+)$/","json(res, 401, { error: 'Please log in.' })","Retained / automatic handling as stated in source"
"B1811","server.js","14036","HTTP 403","You do not have access to this person's workers.","(!pers)","Request rejected or operation failed","'PUT' /^\/api\/my-workers\/(\d+)$/","json(res, 403, { error: 'You do not have access to this person\'s workers.' })","Retained / automatic handling as stated in source"
"B1812","server.js","14039","HTTP 404","No such worker.","(!w)","Request rejected or operation failed","'PUT' /^\/api\/my-workers\/(\d+)$/","json(res, 404, { error: 'No such worker.' })","Retained / automatic handling as stated in source"
"B1813","server.js","14043","HTTP 400","Someone joins your team once they have worked a shift with you. Save them for now — they will move across on their own.","(rel === 'team') AND (!Number(open.n || 0))","Request rejected or operation failed","'PUT' /^\/api\/my-workers\/(\d+)$/","json(res, 400, { error: 'Someone joins your team once they have worked a shift with you. Save them for now \u2014 they will move across on their own.' })","Retained / automatic handling as stated in source"
"B1814","server.js","14052","HTTP 401","Please log in.","(!user)","Request rejected or operation failed","'DELETE' /^\/api\/my-workers\/(\d+)$/","json(res, 401, { error: 'Please log in.' })","Retained / automatic handling as stated in source"
"B1815","server.js","14054","HTTP 403","You do not have access to this person's workers.","(!pers)","Request rejected or operation failed","'DELETE' /^\/api\/my-workers\/(\d+)$/","json(res, 403, { error: 'You do not have access to this person\'s workers.' })","Retained / automatic handling as stated in source"
"B1816","server.js","14069","HTTP 401","Please log in.","(!user)","Request rejected or operation failed","'GET' /^\/api\/plan\/(\d+)\/ack$/","json(res, 401, { error: 'Please log in.' })","Retained / automatic handling as stated in source"
"B1817","server.js","14073","HTTP 403","Not your participant.","(user.role === 'worker') AND (!Number(worked.n || 0))","Request rejected or operation failed","'GET' /^\/api\/plan\/(\d+)\/ack$/","json(res, 403, { error: 'Not your participant.' })","Retained / automatic handling as stated in source"
"B1818","server.js","14077","HTTP 403","Not yours.","(!pers || pers.id !== pid)","Request rejected or operation failed","'GET' /^\/api\/plan\/(\d+)\/ack$/","json(res, 403, { error: 'Not yours.' })","Retained / automatic handling as stated in source"
"B1819","server.js","14088","HTTP 401","Please log in.","(!user)","Request rejected or operation failed","'POST' /^\/api\/plan\/(\d+)\/ack$/","json(res, 401, { error: 'Please log in.' })","Retained / automatic handling as stated in source"
"B1820","server.js","14089","HTTP 403","Workers acknowledge the plan.","(user.role !== 'worker')","Request rejected or operation failed","'POST' /^\/api\/plan\/(\d+)\/ack$/","json(res, 403, { error: 'Workers acknowledge the plan.' })","Retained / automatic handling as stated in source"
"B1821","server.js","14090","HTTP 400","Please tick the box to say you have read it.","(body.read !== true)","Request rejected or operation failed","'POST' /^\/api\/plan\/(\d+)\/ack$/","json(res, 400, { error: 'Please tick the box to say you have read it.' })","Retained / automatic handling as stated in source"
"B1822","server.js","14093","HTTP 403","Not your participant.","(!Number(worked.n || 0))","Request rejected or operation failed","'POST' /^\/api\/plan\/(\d+)\/ack$/","json(res, 403, { error: 'Not your participant.' })","Retained / automatic handling as stated in source"
"B1823","server.js","14095","HTTP 400","There is no confirmed support plan for this person yet.","(!plan)","Request rejected or operation failed","'POST' /^\/api\/plan\/(\d+)\/ack$/","json(res, 400, { error: 'There is no confirmed support plan for this person yet.' })","Retained / automatic handling as stated in source"
"B1824","server.js","14096","HTTP 409","The plan changed. Read the current version before confirming.","(Number(body.plan_id)!==plan.id || Number(body.plan_version)!==plan.version)","Request rejected or operation failed","'POST' /^\/api\/plan\/(\d+)\/ack$/","json(res,409,{error:'The plan changed. Read the current version before confirming.',plan_id:plan.id,version:plan.version})","Retained / automatic handling as stated in source"
"B1825","server.js","14107","HTTP 401","Please log in.","(!user)","Request rejected or operation failed","'GET' /^\/api\/plan\/(\d+)\/versions$/","json(res, 401, { error: 'Please log in.' })","Retained / automatic handling as stated in source"
"B1826","server.js","14112","HTTP 403","Not yours.","(!allowed)","Request rejected or operation failed","'GET' /^\/api\/plan\/(\d+)\/versions$/","json(res, 403, { error: 'Not yours.' })","Retained / automatic handling as stated in source"
"B1827","server.js","14121","HTTP 401","Please log in.","(!user)","Request rejected or operation failed","'GET' /^\/api\/plan\/(\d+)\/diff\/(\d+)\/(\d+)$/","json(res, 401, { error: 'Please log in.' })","Retained / automatic handling as stated in source"
"B1828","server.js","14124","HTTP 403","Not yours.","(!pers || pers.id !== pid)","Request rejected or operation failed","'GET' /^\/api\/plan\/(\d+)\/diff\/(\d+)\/(\d+)$/","json(res, 403, { error: 'Not yours.' })","Retained / automatic handling as stated in source"
"B1829","server.js","14127","HTTP 404","One of those versions does not exist.","(!a || !b)","Request rejected or operation failed","'GET' /^\/api\/plan\/(\d+)\/diff\/(\d+)\/(\d+)$/","json(res, 404, { error: 'One of those versions does not exist.' })","Retained / automatic handling as stated in source"
"B1830","server.js","14244","HTTP 404","That job post is no longer here.","(!j)","Request rejected or operation failed","'GET' /^\/api\/jobs\/(\d+)$/","json(res, 404, { error: 'That job post is no longer here.' })","Retained / automatic handling as stated in source"
"B1831","server.js","14247","HTTP 404","That job post has closed.","(j.status !== 'open' && !owner && !(user && user.admin))","Request rejected or operation failed","'GET' /^\/api\/jobs\/(\d+)$/","json(res, 404, { error: 'That job post has closed.' })","Retained / automatic handling as stated in source"
"B1832","server.js","14267","Returned status / rejection reason","Give the post a title &mdash; a short line about what you are looking for.","(title.length < 6)","Returned message / status; caller decides whether it blocks","jobProblem","return 'Give the post a title &mdash; a short line about what you are looking for.';","Retained / automatic handling as stated in source"
"B1833","server.js","14269","Returned status / rejection reason","Choose at least one kind of support.","(!services.length)","Returned message / status; caller decides whether it blocks","jobProblem","return 'Choose at least one kind of support.';","Retained / automatic handling as stated in source"
"B1834","server.js","14272","Returned status / rejection reason","Choose at least one day of the week.","(!days.some(Boolean))","Returned message / status; caller decides whether it blocks","jobProblem","return 'Choose at least one day of the week.';","Retained / automatic handling as stated in source"
"B1835","server.js","14273","Returned status / rejection reason","Which suburb is the support in?","(!clean(body.suburb, 80))","Returned message / status; caller decides whether it blocks","jobProblem","return 'Which suburb is the support in?';","Retained / automatic handling as stated in source"
"B1836","server.js","14275","Returned status / rejection reason","Please write a few sentences about the support you need &mdash; it is the part workers actually read.","(desc.length < 30)","Returned message / status; caller decides whether it blocks","jobProblem","return 'Please write a few sentences about the support you need &mdash; it is the part workers actually read.';","Retained / automatic handling as stated in source"
"B1837","server.js","14277","Returned status / rejection reason","About how many hours a week is this? Workers ask this first.","(!(hw > 0))","Returned message / status; caller decides whether it blocks","jobProblem","return 'About how many hours a week is this? Workers ask this first.';","Retained / automatic handling as stated in source"
"B1838","server.js","14278","Returned status / rejection reason","That is more than 80 hours a week &mdash; if it really is, ring the office and we will set it up properly.","(hw > 80)","Returned message / status; caller decides whether it blocks","jobProblem","return 'That is more than 80 hours a week &mdash; if it really is, ring the office and we will set it up properly.';","Retained / automatic handling as stated in source"
"B1839","server.js","14279","Returned status / rejection reason","","At this operation","Returned message / status; caller decides whether it blocks","jobProblem","return '';","Retained / automatic handling as stated in source"
"B1840","server.js","14283","HTTP 401","Please log in.","(!user)","Request rejected or operation failed","'POST' /^\/api\/jobs$/","json(res, 401, { error: 'Please log in.' })","Retained / automatic handling as stated in source"
"B1841","server.js","14285","HTTP 403","worker · Jobs are posted by the person looking for support. · Choose a client first, or ask them to give you access.","(!pers)","Request rejected or operation failed","'POST' /^\/api\/jobs$/","json(res, 403, { error: user.role === 'worker' ? 'Jobs are posted by the person looking for support.' : 'Choose a client first, or ask them to give you access.' })","Retained / automatic handling as stated in source"
"B1842","server.js","14286","HTTP 429","That is a lot of posts at once. Try again shortly.","(limited(ip, 'job-post', 12))","Request rejected or operation failed","'POST' /^\/api\/jobs$/","json(res, 429, { error: 'That is a lot of posts at once. Try again shortly.' })","Retained / automatic handling as stated in source"
"B1843","server.js","14288","HTTP 400","You already have ${JOB_MAX_OPEN} posts open. Close one before adding another — a board full of half-live posts is worse than a short one.","(Number(open.n || 0) >= JOB_MAX_OPEN)","Request rejected or operation failed","'POST' /^\/api\/jobs$/","json(res, 400, { error: `You already have ${JOB_MAX_OPEN} posts open. Close one before adding another \u2014 a board full of half-live posts is worse than a short one.` })","Retained / automatic handling as stated in source"
"B1844","server.js","14290","HTTP 400","res 400 { error: bad }","(bad)","Request rejected or operation failed","'POST' /^\/api\/jobs$/","json(res, 400, { error: bad })","Retained / automatic handling as stated in source"
"B1845","server.js","14317","Boolean decision","False result from ownsJob","(!user || !j)","Eligibility or control result is false; caller determines effect","ownsJob","return false;","Retained / automatic handling as stated in source"
"B1846","server.js","14324","HTTP 401","Please log in.","(!user)","Request rejected or operation failed","'PATCH' /^\/api\/jobs\/(\d+)$/","json(res, 401, { error: 'Please log in.' })","Retained / automatic handling as stated in source"
"B1847","server.js","14326","HTTP 404","Not found.","(!j)","Request rejected or operation failed","'PATCH' /^\/api\/jobs\/(\d+)$/","json(res, 404, { error: 'Not found.' })","Retained / automatic handling as stated in source"
"B1848","server.js","14327","HTTP 403","That is not your post.","(!ownsJob(req, user, j))","Request rejected or operation failed","'PATCH' /^\/api\/jobs\/(\d+)$/","json(res, 403, { error: 'That is not your post.' })","Retained / automatic handling as stated in source"
"B1849","server.js","14352","HTTP 400","res 400 { error: bad }","(bad)","Request rejected or operation failed","'PATCH' /^\/api\/jobs\/(\d+)$/","json(res, 400, { error: bad })","Retained / automatic handling as stated in source"
"B1850","server.js","14373","HTTP 401","Please log in.","(!user)","Request rejected or operation failed","'GET' /^\/api\/my-jobs$/","json(res, 401, { error: 'Please log in.' })","Retained / automatic handling as stated in source"
"B1851","server.js","14375","HTTP 403","Not available for this account.","(!pers)","Request rejected or operation failed","'GET' /^\/api\/my-jobs$/","json(res, 403, { error: 'Not available for this account.' })","Retained / automatic handling as stated in source"
"B1852","server.js","14387","HTTP 401","Please log in.","(!user)","Request rejected or operation failed","'POST' /^\/api\/jobs\/(\d+)\/apply$/","json(res, 401, { error: 'Please log in.' })","Retained / automatic handling as stated in source"
"B1853","server.js","14388","HTTP 403","Only support workers apply for jobs.","(user.role !== 'worker')","Request rejected or operation failed","'POST' /^\/api\/jobs\/(\d+)\/apply$/","json(res, 403, { error: 'Only support workers apply for jobs.' })","Retained / automatic handling as stated in source"
"B1854","server.js","14389","HTTP 429","Slow down a moment and try again.","(limited(ip, 'job-apply', 40))","Request rejected or operation failed","'POST' /^\/api\/jobs\/(\d+)\/apply$/","json(res, 429, { error: 'Slow down a moment and try again.' })","Retained / automatic handling as stated in source"
"B1855","server.js","14391","HTTP 404","That job has closed.","(!j || j.status !== 'open')","Request rejected or operation failed","'POST' /^\/api\/jobs\/(\d+)\/apply$/","json(res, 404, { error: 'That job has closed.' })","Retained / automatic handling as stated in source"
"B1856","server.js","14392","HTTP 400","That job closed on its closing date.","(jobExpired(j))","Request rejected or operation failed","'POST' /^\/api\/jobs\/(\d+)\/apply$/","json(res, 400, { error: 'That job closed on its closing date.' })","Retained / automatic handling as stated in source"
"B1857","server.js","14398","HTTP 403","Your account is still being checked. Once you are approved you can apply for jobs.","(!wp || !wp.visible || !platformEligible(user.id, user.email))","Request rejected or operation failed","'POST' /^\/api\/jobs\/(\d+)\/apply$/","json(res, 403, { error: 'Your account is still being checked. Once you are approved you can apply for jobs.' })","Retained / automatic handling as stated in source"
"B1858","server.js","14399","HTTP 403","You are not able to apply for this one.","(blockedPair(j.participant_id, user.id))","Request rejected or operation failed","'POST' /^\/api\/jobs\/(\d+)\/apply$/","json(res, 403, { error: 'You are not able to apply for this one.' })","Retained / automatic handling as stated in source"
"B1859","server.js","14401","HTTP 400","You have already applied for this job.","(already)","Request rejected or operation failed","'POST' /^\/api\/jobs\/(\d+)\/apply$/","json(res, 400, { error: 'You have already applied for this job.' })","Retained / automatic handling as stated in source"
"B1860","server.js","14403","HTTP 400","Write a few lines about why this one suits you — a blank application is nearly always passed over.","(msg.length < 20)","Request rejected or operation failed","'POST' /^\/api\/jobs\/(\d+)\/apply$/","json(res, 400, { error: 'Write a few lines about why this one suits you \u2014 a blank application is nearly always passed over.' })","Retained / automatic handling as stated in source"
"B1861","server.js","14416","HTTP 401","Please log in.","(!user)","Request rejected or operation failed","'GET' /^\/api\/my-applications$/","json(res, 401, { error: 'Please log in.' })","Retained / automatic handling as stated in source"
"B1862","server.js","14417","HTTP 403","Workers only.","(user.role !== 'worker')","Request rejected or operation failed","'GET' /^\/api\/my-applications$/","json(res, 403, { error: 'Workers only.' })","Retained / automatic handling as stated in source"
"B1863","server.js","14430","HTTP 401","Please log in.","(!user)","Request rejected or operation failed","'DELETE' /^\/api\/my-applications\/(\d+)$/","json(res, 401, { error: 'Please log in.' })","Retained / automatic handling as stated in source"
"B1864","server.js","14432","HTTP 404","Not found.","(!a || a.worker_id !== user.id)","Request rejected or operation failed","'DELETE' /^\/api\/my-applications\/(\d+)$/","json(res, 404, { error: 'Not found.' })","Retained / automatic handling as stated in source"
"B1865","server.js","14439","HTTP 401","Please log in.","(!user)","Request rejected or operation failed","'PATCH' /^\/api\/applications\/(\d+)$/","json(res, 401, { error: 'Please log in.' })","Retained / automatic handling as stated in source"
"B1866","server.js","14441","HTTP 404","Not found.","(!a)","Request rejected or operation failed","'PATCH' /^\/api\/applications\/(\d+)$/","json(res, 404, { error: 'Not found.' })","Retained / automatic handling as stated in source"
"B1867","server.js","14443","HTTP 403","That is not your post.","(!ownsJob(req, user, j))","Request rejected or operation failed","'PATCH' /^\/api\/applications\/(\d+)$/","json(res, 403, { error: 'That is not your post.' })","Retained / automatic handling as stated in source"
"B1868","server.js","14445","HTTP 400","Unknown status.","(!to)","Request rejected or operation failed","'PATCH' /^\/api\/applications\/(\d+)$/","json(res, 400, { error: 'Unknown status.' })","Retained / automatic handling as stated in source"
"B1869","server.js","14536","HTTP 401","Please log in.","(!user)","Request rejected or operation failed","'GET' /^\/api\/statements$/","json(res, 401, { error: 'Please log in.' })","Retained / automatic handling as stated in source"
"B1870","server.js","14567","HTTP 401","Please log in.","(!user)","Request rejected or operation failed","'GET' /^\/api\/statements\.csv$/","json(res, 401, { error: 'Please log in.' })","Retained / automatic handling as stated in source"
"B1871","server.js","14569","HTTP 403","Not available for this account.","(!pers)","Request rejected or operation failed","'GET' /^\/api\/statements\.csv$/","json(res, 403, { error: 'Not available for this account.' })","Retained / automatic handling as stated in source"
"B1872","server.js","14608","HTTP 401","Please log in.","(!user)","Request rejected or operation failed","'GET' /^\/api\/statements\/(\d+)$/","json(res, 401, { error: 'Please log in.' })","Retained / automatic handling as stated in source"
"B1873","server.js","14610","HTTP 404","Not found.","(!b)","Request rejected or operation failed","'GET' /^\/api\/statements\/(\d+)$/","json(res, 404, { error: 'Not found.' })","Retained / automatic handling as stated in source"
"B1874","server.js","14614","HTTP 403","Not yours.","(!mine && !user.admin && !(user.role === 'worker' && b.worker_id === user.id))","Request rejected or operation failed","'GET' /^\/api\/statements\/(\d+)$/","json(res, 403, { error: 'Not yours.' })","Retained / automatic handling as stated in source"
"B1875","server.js","14709","HTTP 401","Please log in.","(!user)","Request rejected or operation failed","'GET' /^\/api\/me\/earnings$/","json(res, 401, { error: 'Please log in.' })","Retained / automatic handling as stated in source"
"B1876","server.js","14710","HTTP 403","Workers only.","(user.role !== 'worker')","Request rejected or operation failed","'GET' /^\/api\/me\/earnings$/","json(res, 403, { error: 'Workers only.' })","Retained / automatic handling as stated in source"
"B1877","server.js","14747","HTTP 401","Please log in.","(!user)","Request rejected or operation failed","'GET' /^\/api\/me\/earnings\.csv$/","json(res, 401, { error: 'Please log in.' })","Retained / automatic handling as stated in source"
"B1878","server.js","14748","HTTP 403","Workers only.","(user.role !== 'worker')","Request rejected or operation failed","'GET' /^\/api\/me\/earnings\.csv$/","json(res, 403, { error: 'Workers only.' })","Retained / automatic handling as stated in source"
"B1879","server.js","14835","HTTP 401","Please log in.","(!user)","Request rejected or operation failed","'GET' /^\/api\/me\/mfa$/","json(res, 401, { error: 'Please log in.' })","Retained / automatic handling as stated in source"
"B1880","server.js","14844","HTTP 401","Please log in.","(!user)","Request rejected or operation failed","'POST' /^\/api\/me\/mfa\/start$/","json(res, 401, { error: 'Please log in.' })","Retained / automatic handling as stated in source"
"B1881","server.js","14845","HTTP 400","Two-step sign-in is already on. Turn it off first if you want to move it to a new phone.","(mfaOn(user.id))","Request rejected or operation failed","'POST' /^\/api\/me\/mfa\/start$/","json(res, 400, { error: 'Two-step sign-in is already on. Turn it off first if you want to move it to a new phone.' })","Retained / automatic handling as stated in source"
"B1882","server.js","14856","HTTP 401","Please log in.","(!user)","Request rejected or operation failed","'GET' /^\/api\/me\/mfa\/qr\.svg$/","json(res, 401, { error: 'Please log in.' })","Retained / automatic handling as stated in source"
"B1883","server.js","14858","HTTP 404","No set-up in progress.","(!r || r.enabled)","Request rejected or operation failed","'GET' /^\/api\/me\/mfa\/qr\.svg$/","json(res, 404, { error: 'No set-up in progress.' })","Retained / automatic handling as stated in source"
"B1884","server.js","14874","HTTP 401","Please log in.","(!user)","Request rejected or operation failed","'POST' /^\/api\/me\/mfa\/confirm$/","json(res, 401, { error: 'Please log in.' })","Retained / automatic handling as stated in source"
"B1885","server.js","14875","HTTP 429","Too many attempts — try again in a few minutes.","(limited(ip, 'mfaconfirm', 15))","Request rejected or operation failed","'POST' /^\/api\/me\/mfa\/confirm$/","json(res, 429, { error: 'Too many attempts — try again in a few minutes.' })","Retained / automatic handling as stated in source"
"B1886","server.js","14877","HTTP 400","Start the set-up again — scan the barcode first.","(!r)","Request rejected or operation failed","'POST' /^\/api\/me\/mfa\/confirm$/","json(res, 400, { error: 'Start the set-up again — scan the barcode first.' })","Retained / automatic handling as stated in source"
"B1887","server.js","14878","HTTP 400","Two-step sign-in is already on.","(r.enabled)","Request rejected or operation failed","'POST' /^\/api\/me\/mfa\/confirm$/","json(res, 400, { error: 'Two-step sign-in is already on.' })","Retained / automatic handling as stated in source"
"B1888","server.js","14880","HTTP 400","That code isn’t right. Check your phone’s clock is set automatically, wait for the next code, and try again.","(step === null)","Request rejected or operation failed","'POST' /^\/api\/me\/mfa\/confirm$/","json(res, 400, { error: 'That code isn’t right. Check your phone’s clock is set automatically, wait for the next code, and try again.' })","Retained / automatic handling as stated in source"
"B1889","server.js","14898","Boolean decision","False result from confirmSecurityFactor","(!r)","Eligibility or control result is false; caller determines effect","confirmSecurityFactor","return false;","Retained / automatic handling as stated in source"
"B1890","server.js","14909","HTTP 401","Please log in.","(!user)","Request rejected or operation failed","'POST' /^\/api\/me\/mfa\/disable$/","json(res, 401, { error: 'Please log in.' })","Retained / automatic handling as stated in source"
"B1891","server.js","14910","HTTP 429","Too many attempts — try again in a few minutes.","(limited(ip, 'mfadisable', 10))","Request rejected or operation failed","'POST' /^\/api\/me\/mfa\/disable$/","json(res, 429, { error: 'Too many attempts — try again in a few minutes.' })","Retained / automatic handling as stated in source"
"B1892","server.js","14912","HTTP 401","That password doesn’t match.","(!verifyPassword(String(body.password || ''), row.pass))","Request rejected or operation failed","'POST' /^\/api\/me\/mfa\/disable$/","json(res, 401, { error: 'That password doesn’t match.' })","Retained / automatic handling as stated in source"
"B1893","server.js","14913","HTTP 401","Enter a fresh two-step code or an unused recovery code.","(!confirmSecurityFactor(user.id,body.code))","Request rejected or operation failed","'POST' /^\/api\/me\/mfa\/disable$/","json(res,401,{error:'Enter a fresh two-step code or an unused recovery code.'})","Retained / automatic handling as stated in source"
"B1894","server.js","14930","HTTP 401","Please log in.","(!user)","Request rejected or operation failed","'POST' /^\/api\/me\/mfa\/recovery$/","json(res, 401, { error: 'Please log in.' })","Retained / automatic handling as stated in source"
"B1895","server.js","14931","HTTP 429","Too many attempts — try again in a few minutes.","(limited(ip, 'mfarec', 8))","Request rejected or operation failed","'POST' /^\/api\/me\/mfa\/recovery$/","json(res, 429, { error: 'Too many attempts — try again in a few minutes.' })","Retained / automatic handling as stated in source"
"B1896","server.js","14932","HTTP 400","Recovery codes only exist once two-step sign-in is on.","(!mfaOn(user.id))","Request rejected or operation failed","'POST' /^\/api\/me\/mfa\/recovery$/","json(res, 400, { error: 'Recovery codes only exist once two-step sign-in is on.' })","Retained / automatic handling as stated in source"
"B1897","server.js","14934","HTTP 401","That password doesn’t match.","(!verifyPassword(String(body.password || ''), row.pass))","Request rejected or operation failed","'POST' /^\/api\/me\/mfa\/recovery$/","json(res, 401, { error: 'That password doesn’t match.' })","Retained / automatic handling as stated in source"
"B1898","server.js","14935","HTTP 401","Enter a fresh two-step code or an unused recovery code.","(!confirmSecurityFactor(user.id,body.code))","Request rejected or operation failed","'POST' /^\/api\/me\/mfa\/recovery$/","json(res,401,{error:'Enter a fresh two-step code or an unused recovery code.'})","Retained / automatic handling as stated in source"
"B1899","server.js","14946","HTTP 401","Please log in.","(!user)","Request rejected or operation failed","'GET' /^\/api\/me\/sessions$/","json(res, 401, { error: 'Please log in.' })","Retained / automatic handling as stated in source"
"B1900","server.js","14957","Returned status / rejection reason","","(!(mins >= 0))","Returned message / status; caller decides whether it blocks","'GET' /^\/api\/me\/sessions$/","return '';","Retained / automatic handling as stated in source"
"B1901","server.js","14958","Returned status / rejection reason","Just now","(mins < 2)","Returned message / status; caller decides whether it blocks","'GET' /^\/api\/me\/sessions$/","return 'Just now';","Retained / automatic handling as stated in source"
"B1902","server.js","14988","HTTP 401","Please log in.","(!user)","Request rejected or operation failed","'POST' /^\/api\/me\/sessions\/revoke$/","json(res, 401, { error: 'Please log in.' })","Retained / automatic handling as stated in source"
"B1903","server.js","15001","HTTP 400","Pick a device to sign out.","(!/^[0-9a-f]{32}$/.test(sid))","Request rejected or operation failed","'POST' /^\/api\/me\/sessions\/revoke$/","json(res, 400, { error: 'Pick a device to sign out.' })","Retained / automatic handling as stated in source"
"B1904","server.js","15006","HTTP 404","That device is already signed out.","(!r)","Request rejected or operation failed","'POST' /^\/api\/me\/sessions\/revoke$/","json(res, 404, { error: 'That device is already signed out.' })","Retained / automatic handling as stated in source"
"B1905","server.js","15195","HTTP 401","Please log in.","(!user)","Request rejected or operation failed","'GET' /^\/api\/me\/attachable$/","json(res, 401, { error: 'Please log in.' })","Retained / automatic handling as stated in source"
"B1906","server.js","15205","HTTP 401","Please log in.","(!user)","Request rejected or operation failed","'GET' /^\/api\/messages\/(\d+)\/file$/","json(res, 401, { error: 'Please log in.' })","Retained / automatic handling as stated in source"
"B1907","server.js","15207","HTTP 404","No attachment.","(!msg || !msg.doc_kind || !msg.doc_id)","Request rejected or operation failed","'GET' /^\/api\/messages\/(\d+)\/file$/","json(res, 404, { error: 'No attachment.' })","Retained / automatic handling as stated in source"
"B1908","server.js","15208","HTTP 403","Not your conversation.","(!memberOf(user, msg.convo_id))","Request rejected or operation failed","'GET' /^\/api\/messages\/(\d+)\/file$/","json(res, 403, { error: 'Not your conversation.' })","Retained / automatic handling as stated in source"
"B1909","server.js","15212","HTTP 404","That document is no longer held.","(!row || !row.file_path)","Request rejected or operation failed","'GET' /^\/api\/messages\/(\d+)\/file$/","json(res, 404, { error: 'That document is no longer held.' })","Retained / automatic handling as stated in source"
"B1910","server.js","15213","HTTP 404","File missing from disk.","(!fs.existsSync(row.file_path))","Request rejected or operation failed","'GET' /^\/api\/messages\/(\d+)\/file$/","json(res, 404, { error: 'File missing from disk.' })","Retained / automatic handling as stated in source"
"B1911","server.js","15237","Returned status / rejection reason","","(!b)","Returned message / status; caller decides whether it blocks","searchSnippet","return '';","Retained / automatic handling as stated in source"
"B1912","server.js","15246","HTTP 401","Please log in.","(!user)","Request rejected or operation failed","'GET' /^\/api\/messages\/search$/","json(res, 401, { error: 'Please log in.' })","Retained / automatic handling as stated in source"
"B1913","server.js","15305","Required catalogue field","code-of-conduct · The NDIS Code of Conduct · The seven obligations every worker delivering NDIS supports is held to, and what each one looks like on a shift. · ndis-orientation · The NDIS Code of Conduct applies to you personally, not only to The Care Web. It is enforceable by the NDIS Quality and Safeguards Commission against an individual worker, and a breach can end in a banning order that follows you to any other provider. · There are seven obligations. Act with respect for individual rights to freedom of expression, self-determination and decision-making. Respect the privacy of people with disability. Provide supports in a safe and competent manner with care and skill. Act with integrit","At this operation","This selected form/module declares a required field; dynamic expression is shown","module","required: 1","Retained / automatic handling as stated in source"
"B1914","server.js","15337","Required catalogue field","safeguarding · Recognising and reporting abuse, neglect and reportable incidents · What has to be reported, by whom, and inside what clock — including the five that are 24 hours. · ndis-orientation · A reportable incident is a defined category, not a judgement call about seriousness. The five that must reach the NDIS Commission within 24 hours are: the death of a participant, serious injury of a participant, abuse or neglect of a participant, unlawful sexual or physical contact with or assault of a participant, and sexual misconduct committed against, with or in the presence of a participant. · The sixth category, the unauthorised use of a restrictive practice, is reportable within five busi","At this operation","This selected form/module declares a required field; dynamic expression is shown","module","required: 1","Retained / automatic handling as stated in source"
"B1915","server.js","15369","Required catalogue field","manual-handling · Safe transfers, hoists and manual handling · Hoist and transfer technique, when to stop, and why the plan beats the shortcut. Required for 0107 personal activities and 0115/0138. · manual-handling · personal-care · daily-tasks · A transfer is done the way the participant’s manual handling plan says it is done. Not the way the last worker did it, not the way you were taught somewhere else, and not the quicker way the participant themselves suggests on a day they are in a hurry. If the plan is wrong, the plan gets changed by the occupational therapist who wrote it — you do not change it on the floor. · Two-person transfers are two people. There is no version of a two-person t","At this operation","This selected form/module declares a required field; dynamic expression is shown","module","required: 1","Retained / automatic handling as stated in source"
"B1916","server.js","15402","Required catalogue field","infection-control · Infection prevention and control · Hand hygiene, PPE order, and what to do when you or the participant is unwell. · infection-control · Hand hygiene is the single highest-value thing on this page. The five moments are: before touching a participant, before a procedure, after a body fluid exposure risk, after touching a participant, and after touching a participant’s surroundings. Alcohol rub is fine unless hands are visibly soiled or the concern is a spore-forming organism, in which case it is soap and water. · Putting PPE on: gown, mask, eye protection, gloves. Taking it off: gloves, eye protection, gown, mask — gloves first because they are the dirtiest thing you own, m","At this operation","This selected form/module declares a required field; dynamic expression is shown","module","required: 1","Retained / automatic handling as stated in source"
"B1917","server.js","15431","Required catalogue field","transport-safety · Transport, restraints and wheelchair loading · For 0108 Assist-Travel/Transport: securing a wheelchair, what the kilometre record is for, and when a trip does not go ahead. · other · transport · community · A wheelchair in a vehicle is secured at four points, and the occupant is restrained separately from the chair. The chair restraint holds the chair; the lap-sash holds the person. One is not a substitute for the other, and a person travelling in a chair held only by its own brakes is unrestrained. · The lap belt sits low across the pelvis, not across the abdomen, and the sash crosses the chest and shoulder. If the chair’s own postural belt is the only thing available, th","At this operation","This selected form/module declares a required field; dynamic expression is shown","module","required: 1","Retained / automatic handling as stated in source"
"B1918","server.js","15460","Required catalogue field","privacy-records · Privacy, records and shift notes · What goes in a note, what does not, and who can ask to see everything you have written about them. · other · Assume the participant will read every word you write about them, because under the Australian Privacy Principles they can ask to, and they will usually be given it. That is not a reason to write less. It is a reason to write in the terms you would use to their face. · A shift note records what you observed and what you did. ""Observed"" means what a camera would have caught: what was eaten, what was said, what the skin looked like, how far they walked, what time they went to bed. ""Refused"", ""difficult"", ""attention-seeking"" and ""non-c","At this operation","This selected form/module declares a required field; dynamic expression is shown","module","required: 1","Retained / automatic handling as stated in source"
"B1919","server.js","15489","Required catalogue field","emergency-ready · Emergencies and disaster preparedness · Fire, medical emergency, heat, flood and power failure — with the two minutes that matter most for people with high physical support needs. · other · Every participant with high physical support needs should have an emergency plan that answers three questions: how do they get out, what has to come with them, and who else needs to be told. Read it before you need it. A hoist-dependent person and a locked-in-place power wheelchair change the answer to ""just leave the building"" completely. · What has to come with them is usually a short list and it is worth knowing by heart: medication, the charger, the catheter or continence supplies fo","At this operation","This selected form/module declares a required field; dynamic expression is shown","module","required: 1","Retained / automatic handling as stated in source"
"B1920","server.js","15519","Required catalogue field","hi-supports · High intensity supports: knowledge check · Bowel care, PEG feeding, urinary catheters, tracheostomy, ventilation and complex wounds — the knowledge half of the competency requirement. · other · personal-care · This module is the knowledge half of a high intensity competency and it is deliberately not the whole thing. The NDIS High Intensity Support Skills Descriptors require observed practice signed off by a qualified assessor for each support type, against the individual participant. Passing this quiz produces a dated knowledge certificate. It does not produce a competency sign-off, and The Care Web records the two separately so that neither can be mistaken for the other. · Th","At this operation","This selected form/module declares a required field; dynamic expression is shown","module","required: 0","Retained / automatic handling as stated in source"
"B1921","server.js","15669","HTTP 403","Workers only.","(!user || user.role !== 'worker')","Request rejected or operation failed","'GET' /^\/api\/me\/training$/","json(res, 403, { error: 'Workers only.' })","Retained / automatic handling as stated in source"
"B1922","server.js","15674","HTTP 403","Workers only.","(!user || user.role !== 'worker')","Request rejected or operation failed","'GET' /^\/api\/modules\/([a-z0-9-]+)$/","json(res, 403, { error: 'Workers only.' })","Retained / automatic handling as stated in source"
"B1923","server.js","15676","HTTP 404","No such module.","(!mod)","Request rejected or operation failed","'GET' /^\/api\/modules\/([a-z0-9-]+)$/","json(res, 404, { error: 'No such module.' })","Retained / automatic handling as stated in source"
"B1924","server.js","15682","Required catalogue field","required: !!mod.required","At this operation","This selected form/module declares a required field; dynamic expression is shown","'GET' /^\/api\/modules\/([a-z0-9-]+)$/","required: !!mod.required","Retained / automatic handling as stated in source"
"B1925","server.js","15693","HTTP 403","Workers only.","(!user || user.role !== 'worker')","Request rejected or operation failed","'POST' /^\/api\/modules\/([a-z0-9-]+)\/submit$/","json(res, 403, { error: 'Workers only.' })","Retained / automatic handling as stated in source"
"B1926","server.js","15694","HTTP 429","That is a lot of attempts in a short time — take a break and come back to it.","(limited(ip, `quiz:${user.id}`, 30, 10 * 60e3))","Request rejected or operation failed","'POST' /^\/api\/modules\/([a-z0-9-]+)\/submit$/","json(res, 429, { error: 'That is a lot of attempts in a short time — take a break and come back to it.' })","Retained / automatic handling as stated in source"
"B1927","server.js","15696","HTTP 404","No such module.","(!mod)","Request rejected or operation failed","'POST' /^\/api\/modules\/([a-z0-9-]+)\/submit$/","json(res, 404, { error: 'No such module.' })","Retained / automatic handling as stated in source"
"B1928","server.js","15698","HTTP 400","That module has no questions yet.","(!quiz.length)","Request rejected or operation failed","'POST' /^\/api\/modules\/([a-z0-9-]+)\/submit$/","json(res, 400, { error: 'That module has no questions yet.' })","Retained / automatic handling as stated in source"
"B1929","server.js","15700","HTTP 400","Please answer all ${quiz.length} questions.","(given.length !== quiz.length)","Request rejected or operation failed","'POST' /^\/api\/modules\/([a-z0-9-]+)\/submit$/","json(res, 400, { error: `Please answer all ${quiz.length} questions.` })","Retained / automatic handling as stated in source"
"B1930","server.js","15762","Required catalogue field","·","At this operation","This selected form/module declares a required field; dynamic expression is shown","trainingMatrix > callback > callback","required: !!mo.required","Retained / automatic handling as stated in source"
"B1931","server.js","15767","Required catalogue field","required: !!mo.required","At this operation","This selected form/module declares a required field; dynamic expression is shown","trainingMatrix > callback","required: !!mo.required","Retained / automatic handling as stated in source"
"B1932","server.js","15777","Access / decision gate","requireAdmin(user, res)","(!requireAdmin(user, res))","Checks access or an operation precondition; inspect the referenced helper","'GET' /^\/api\/admin\/training$/","requireAdmin(user, res)","Retained / automatic handling as stated in source"
"B1933","server.js","15782","Access / decision gate","requireAdmin(user, res)","(!requireAdmin(user, res))","Checks access or an operation precondition; inspect the referenced helper","'GET' /^\/api\/admin\/training\.csv$/","requireAdmin(user, res)","Retained / automatic handling as stated in source"
"B1934","server.js","15852","Access / decision gate","requireAdmin(user, res)","(!requireAdmin(user, res))","Checks access or an operation precondition; inspect the referenced helper","'POST' /^\/api\/admin\/training\/sweep$/","requireAdmin(user, res)","Retained / automatic handling as stated in source"
"B1935","server.js","15887","HTTP 401","Please log in.","(!user)","Request rejected or operation failed","'POST' /^\/api\/me\/details$/","json(res, 401, { error: 'Please log in.' })","Retained / automatic handling as stated in source"
"B1936","server.js","15892","HTTP 400","Your name needs to be 2–80 characters.","(name.length < 2 || name.length > 80)","Request rejected or operation failed","'POST' /^\/api\/me\/details$/","json(res, 400, { error: 'Your name needs to be 2\u201380 characters.' })","Retained / automatic handling as stated in source"
"B1937","server.js","15893","HTTP 400","That mobile number looks too long.","(phone.length > 25)","Request rejected or operation failed","'POST' /^\/api\/me\/details$/","json(res, 400, { error: 'That mobile number looks too long.' })","Retained / automatic handling as stated in source"
"B1938","server.js","15894","HTTP 400","Mobile numbers can only hold digits, spaces and + ( ) -.","(phone && !/^[0-9+ ()-]+$/.test(phone))","Request rejected or operation failed","'POST' /^\/api\/me\/details$/","json(res, 400, { error: 'Mobile numbers can only hold digits, spaces and + ( ) -.' })","Retained / automatic handling as stated in source"
"B1939","server.js","15895","HTTP 400","That suburb looks too long.","(suburb.length > 80)","Request rejected or operation failed","'POST' /^\/api\/me\/details$/","json(res, 400, { error: 'That suburb looks too long.' })","Retained / automatic handling as stated in source"
"B1940","server.js","15906","HTTP 401","Please log in.","(!user)","Request rejected or operation failed","'GET' /^\/api\/me\/notifications$/","json(res, 401, { error: 'Please log in.' })","Retained / automatic handling as stated in source"
"B1941","server.js","15922","HTTP 401","Please log in.","(!user)","Request rejected or operation failed","setNotifications","json(res, 401, { error: 'Please log in.' })","Retained / automatic handling as stated in source"
"B1942","server.js","15925","HTTP 400","Nothing to change.","(!Object.keys(patch).length)","Request rejected or operation failed","setNotifications","json(res, 400, { error: 'Nothing to change.' })","Retained / automatic handling as stated in source"
"B1943","server.js","16169","Access / decision gate","requireAdmin(user, res)","(!requireAdmin(user, res))","Checks access or an operation precondition; inspect the referenced helper","'GET' /^\/api\/admin\/export-policy$/","requireAdmin(user, res)","Retained / automatic handling as stated in source"
"B1944","server.js","16185","HTTP 401","Please log in.","(!user)","Request rejected or operation failed","'GET' /^\/api\/me\/export$/","json(res, 401, { error: 'Please log in.' })","Retained / automatic handling as stated in source"
"B1945","server.js","16225","HTTP 403","Workers only.","(!user || user.role !== 'worker')","Request rejected or operation failed","'POST' /^\/api\/me\/pause$/","json(res, 403, { error: 'Workers only.' })","Retained / automatic handling as stated in source"
"B1946","server.js","16227","HTTP 404","No worker profile.","(!p)","Request rejected or operation failed","'POST' /^\/api\/me\/pause$/","json(res, 404, { error: 'No worker profile.' })","Retained / automatic handling as stated in source"
"B1947","server.js","16249","HTTP 403","Workers only.","(!user || user.role !== 'worker')","Request rejected or operation failed","'POST' /^\/api\/me\/resume$/","json(res, 403, { error: 'Workers only.' })","Retained / automatic handling as stated in source"
"B1948","server.js","16251","HTTP 404","No worker profile.","(!p)","Request rejected or operation failed","'POST' /^\/api\/me\/resume$/","json(res, 404, { error: 'No worker profile.' })","Retained / automatic handling as stated in source"
"B1949","server.js","16284","HTTP 401","Please log in.","(!user)","Request rejected or operation failed","'POST' /^\/api\/me\/password$/","json(res, 401, { error: 'Please log in.' })","Retained / automatic handling as stated in source"
"B1950","server.js","16285","HTTP 429","Too many attempts — try again in a few minutes.","(limited(ip, 'chpw', 10))","Request rejected or operation failed","'POST' /^\/api\/me\/password$/","json(res, 429, { error: 'Too many attempts — try again in a few minutes.' })","Retained / automatic handling as stated in source"
"B1951","server.js","16287","HTTP 404","No such account.","(!row)","Request rejected or operation failed","'POST' /^\/api\/me\/password$/","json(res, 404, { error: 'No such account.' })","Retained / automatic handling as stated in source"
"B1952","server.js","16291","HTTP 400","That current password isn't right.","(!verifyPassword(String(body.current || ''), row.pass))","Request rejected or operation failed","'POST' /^\/api\/me\/password$/","json(res, 400, { error: 'That current password isn\'t right.' })","Retained / automatic handling as stated in source"
"B1953","server.js","16293","HTTP 400","Password needs at least 8 characters.","(next.length < 8)","Request rejected or operation failed","'POST' /^\/api\/me\/password$/","json(res, 400, { error: 'Password needs at least 8 characters.' })","Retained / automatic handling as stated in source"
"B1954","server.js","16294","HTTP 400","That's the password you already have — pick a different one.","(verifyPassword(next, row.pass))","Request rejected or operation failed","'POST' /^\/api\/me\/password$/","json(res, 400, { error: 'That\'s the password you already have — pick a different one.' })","Retained / automatic handling as stated in source"
"B1955","server.js","16296","HTTP 400","res 400 { error: weak }","(weak)","Request rejected or operation failed","'POST' /^\/api\/me\/password$/","json(res, 400, { error: weak })","Retained / automatic handling as stated in source"
"B1956","server.js","16569","Access / decision gate","requireAdmin(user, res)","(!requireAdmin(user, res))","Checks access or an operation precondition; inspect the referenced helper","'POST' /^\/api\/admin\/clocks\/sweep$/","requireAdmin(user, res)","Retained / automatic handling as stated in source"
"B1957","server.js","16578","HTTP 403","Support workers only.","(!user || user.role !== 'worker')","Request rejected or operation failed","'POST' /^\/api\/me\/screening$/","json(res, 403, { error: 'Support workers only.' })","Retained / automatic handling as stated in source"
"B1958","server.js","16581","HTTP 400","Enter your application number, your clearance number, or both — whichever you have.","(!app && !num)","Request rejected or operation failed","'POST' /^\/api\/me\/screening$/","json(res, 400, { error: 'Enter your application number, your clearance number, or both — whichever you have.' })","Retained / automatic handling as stated in source"
"B1959","server.js","16582","HTTP 400","Pick the state or territory that issued it.","(st && !SCREEN_UNITS[st])","Request rejected or operation failed","'POST' /^\/api\/me\/screening$/","json(res, 400, { error: 'Pick the state or territory that issued it.' })","Retained / automatic handling as stated in source"
"B1960","server.js","16600","Access / decision gate","requireAdmin(user, res)","(!requireAdmin(user, res))","Checks access or an operation precondition; inspect the referenced helper","'GET' /^\/api\/admin\/screening$/","requireAdmin(user, res)","Retained / automatic handling as stated in source"
"B1961","server.js","16646","Access / decision gate","requireAdmin(user, res)","(!requireAdmin(user, res))","Checks access or an operation precondition; inspect the referenced helper","'POST' /^\/api\/admin\/screening\/(\d+)$/","requireAdmin(user, res)","Retained / automatic handling as stated in source"
"B1962","server.js","16649","HTTP 400","Record what the register actually says under Worker Status.","(!SCREEN_OUTCOMES[outcome])","Request rejected or operation failed","'POST' /^\/api\/admin\/screening\/(\d+)$/","json(res, 400, { error: 'Record what the register actually says under Worker Status.' })","Retained / automatic handling as stated in source"
"B1963","server.js","16651","HTTP 400","Record the ""Eligible to work"" field — a clearance can be on the record while that says no.","(!['yes', 'no'].includes(eligible))","Request rejected or operation failed","'POST' /^\/api\/admin\/screening\/(\d+)$/","json(res, 400, { error: 'Record the ""Eligible to work"" field — a clearance can be on the record while that says no.' })","Retained / automatic handling as stated in source"
"B1964","server.js","16653","HTTP 400","Expiry date should be YYYY-MM-DD.","(expiry && !/^\d{4}-\d{2}-\d{2}$/.test(expiry))","Request rejected or operation failed","'POST' /^\/api\/admin\/screening\/(\d+)$/","json(res, 400, { error: 'Expiry date should be YYYY-MM-DD.' })","Retained / automatic handling as stated in source"
"B1965","server.js","16654","HTTP 400","A clearance has an expiry date — record it, or the renewal clock has nothing to run on.","(outcome === 'clearance' && !expiry)","Request rejected or operation failed","'POST' /^\/api\/admin\/screening\/(\d+)$/","json(res, 400, { error: 'A clearance has an expiry date — record it, or the renewal clock has nothing to run on.' })","Retained / automatic handling as stated in source"
"B1966","server.js","16664","HTTP 404","No such worker.","(!r)","Request rejected or operation failed","'POST' /^\/api\/admin\/screening\/(\d+)$/","json(res, 404, { error: 'No such worker.' })","Retained / automatic handling as stated in source"
"B1967","server.js","16682","Access / decision gate","requireAdmin(user, res)","(!requireAdmin(user, res))","Checks access or an operation precondition; inspect the referenced helper","'POST' /^\/api\/admin\/screening\/notified$/","requireAdmin(user, res)","Retained / automatic handling as stated in source"
"B1968","server.js","16696","HTTP 400","Could not tell which worker this is about — pick them from the list, or paste the part of the email with their name or number in it.","(!id)","Request rejected or operation failed","'POST' /^\/api\/admin\/screening\/notified$/","json(res, 400, { error: 'Could not tell which worker this is about — pick them from the list, or paste the part of the email with their name or number in it.' })","Retained / automatic handling as stated in source"
"B1969","server.js","16713","Access / decision gate","requireAdmin(user, res)","(!requireAdmin(user, res))","Checks access or an operation precondition; inspect the referenced helper","'GET' /^\/api\/admin\/screening\/on\/(\d{4}-\d{2}-\d{2})$/","requireAdmin(user, res)","Retained / automatic handling as stated in source"
"B1970","server.js","16728","Access / decision gate","requireAdmin(user, res)","(!requireAdmin(user, res))","Checks access or an operation precondition; inspect the referenced helper","'GET' /^\/api\/admin\/screening\/(\d+)\/history$/","requireAdmin(user, res)","Retained / automatic handling as stated in source"
"B1971","server.js","16819","Boolean decision","False result from callback","At this operation","Eligibility or control result is false; caller determines effect","callback","return false;","Retained / automatic handling as stated in source"
"B1972","server.js","16827","Boolean decision","False result from callback","(!participantId)","Eligibility or control result is false; caller determines effect","callback","return false;","Retained / automatic handling as stated in source"
"B1973","server.js","16839","Error / validation","AI provider assessment and approved endpoint configuration are required.","(!url || !AI.approved())","Stops this operation and propagates an error","aiFetch","throw new Error('AI provider assessment and approved endpoint configuration are required.');","Retained / automatic handling as stated in source"
"B1974","server.js","16859","Error / validation","AI endpoint ${resp.statusCode}","(resp.statusCode >= 300)","Request rejected or operation failed","aiFetch > callback > callback > callback","reject(new Error(`AI endpoint ${resp.statusCode}`))","Retained / automatic handling as stated in source"
"B1975","server.js","16860","Error / validation","AI endpoint did not return JSON.","At this operation","Request rejected or operation failed","aiFetch > callback > callback > callback","reject(new Error('AI endpoint did not return JSON.'))","Retained / automatic handling as stated in source"
"B1976","server.js","16958","Access / decision gate","requireAdmin(user, res)","(!requireAdmin(user, res))","Checks access or an operation precondition; inspect the referenced helper","'GET' /^\/api\/admin\/ai$/","requireAdmin(user, res)","Retained / automatic handling as stated in source"
"B1977","server.js","16965","Returned error / decision","refused · skipped · refused · accepted · modified · rejected · accepted","At this operation","Returns an error, blocked or false decision object","'GET' /^\/api\/admin\/ai$/","return { calls: all.length, flagged: all.filter(r => r.flagged).length, clean: all.filter(r => !r.flagged && !r.error).length, errors: all.filter(r => r.error && !r.error.startsWith('refused') && !r.error.startsWith('skipped')).length, refused: all.filter(r => r.error && r.error.startsWith('refused')).length, reviewed: done.length, accepted: done.filter(r => r.decision === 'accepted').length, modified: done.filter(r => r.decision === 'modified').length, rejected: done.filter(r => r.decision === 'rejected').length, /* The number worth watching. An accept rate near 100% usually means nobody is really reading, not that the model is excellent. */ accept_rate: done.length ? Math.round(100 * done.filter(r => r.decision === 'accepted').length / done.length) : null, median_review_seconds: (() => { const v = done.map(r => r.review_seconds).filter(Boolean).sort((a, b) => a - b); return v.length ? v[Math.floor(v.length / 2)] : null; })() };","Retained / automatic handling as stated in source"
"B1978","server.js","17001","Access / decision gate","requireAdmin(user, res)","(!requireAdmin(user, res))","Checks access or an operation precondition; inspect the referenced helper","'GET' /^\/api\/admin\/ai\/sample$/","requireAdmin(user, res)","Retained / automatic handling as stated in source"
"B1979","server.js","17011","Access / decision gate","requireAdmin(user, res)","(!requireAdmin(user, res))","Checks access or an operation precondition; inspect the referenced helper","'POST' /^\/api\/admin\/ai\/(\d+)\/review$/","requireAdmin(user, res)","Retained / automatic handling as stated in source"
"B1980","server.js","17013","HTTP 404","No such suggestion.","(!row)","Request rejected or operation failed","'POST' /^\/api\/admin\/ai\/(\d+)\/review$/","json(res, 404, { error: 'No such suggestion.' })","Retained / automatic handling as stated in source"
"B1981","server.js","17015","HTTP 400","Say what you did with it: accepted, modified, rejected or escalated.","(!decision)","Request rejected or operation failed","'POST' /^\/api\/admin\/ai\/(\d+)\/review$/","json(res, 400, { error: 'Say what you did with it: accepted, modified, rejected or escalated.' })","Retained / automatic handling as stated in source"
"B1982","server.js","17021","HTTP 400","Say briefly why — it is the only record of where this went wrong.","((decision === 'rejected' || decision === 'modified') && clean(body.reason, 400).length < 5)","Request rejected or operation failed","'POST' /^\/api\/admin\/ai\/(\d+)\/review$/","json(res, 400, { error: 'Say briefly why — it is the only record of where this went wrong.' })","Retained / automatic handling as stated in source"
"B1983","server.js","17043","Access / decision gate","requireAdmin(user, res)","(!requireAdmin(user, res))","Checks access or an operation precondition; inspect the referenced helper","'POST' /^\/api\/admin\/ai\/consent\/(\d+)$/","requireAdmin(user, res)","Retained / automatic handling as stated in source"
"B1984","server.js","17047","HTTP 400","Record how consent was given — in writing, in person, by their nominee.","(granted && how.length < 4)","Request rejected or operation failed","'POST' /^\/api\/admin\/ai\/consent\/(\d+)$/","json(res, 400, { error: 'Record how consent was given — in writing, in person, by their nominee.' })","Retained / automatic handling as stated in source"
"B1985","server.js","17059","Access / decision gate","requireAdmin(user, res)","(!requireAdmin(user, res))","Checks access or an operation precondition; inspect the referenced helper","'POST' /^\/api\/admin\/ai\/settings$/","requireAdmin(user, res)","Retained / automatic handling as stated in source"
"B1986","server.js","17064","HTTP 400","Set an endpoint before going live — there is nothing to call yet. Simulate needs no endpoint at all.","(body.mode === 'live' && !AI.endpoint())","Request rejected or operation failed","'POST' /^\/api\/admin\/ai\/settings$/","json(res, 400, { error: 'Set an endpoint before going live — there is nothing to call yet. Simulate needs no endpoint at all.' })","Retained / automatic handling as stated in source"
"B1987","server.js","17094","Access / decision gate","requireAdmin(user, res)","(!requireAdmin(user, res))","Checks access or an operation precondition; inspect the referenced helper","'POST' /^\/api\/admin\/ai\/extract\/(\d+)$/","requireAdmin(user, res)","Retained / automatic handling as stated in source"
"B1988","server.js","17113","Access / decision gate","requireAdmin(user, res)","(!requireAdmin(user, res))","Checks access or an operation precondition; inspect the referenced helper","'POST' /^\/api\/admin\/ai\/triage\/(\d+)$/","requireAdmin(user, res)","Retained / automatic handling as stated in source"
"B1989","server.js","17133","Access / decision gate","requireAdmin(user, res)","(!requireAdmin(user, res))","Checks access or an operation precondition; inspect the referenced helper","'POST' /^\/api\/admin\/ai\/backfill$/","requireAdmin(user, res)","Retained / automatic handling as stated in source"
"B1990","server.js","17134","HTTP 400","Turn on Simulate (or Live) first — right now nothing can run.","(AI.mode() === 'off')","Request rejected or operation failed","'POST' /^\/api\/admin\/ai\/backfill$/","json(res, 400, { error: 'Turn on Simulate (or Live) first — right now nothing can run.' })","Retained / automatic handling as stated in source"
"B1991","server.js","17399","Access / decision gate","requireAdmin(user, res)","(!requireAdmin(user, res))","Checks access or an operation precondition; inspect the referenced helper","'GET' /^\/api\/admin\/self-test$/","requireAdmin(user, res)","Retained / automatic handling as stated in source"
"B1992","server.js","17406","Access / decision gate","requireAdmin(user, res)","(!requireAdmin(user, res))","Checks access or an operation precondition; inspect the referenced helper","'GET' /^\/api\/admin\/self-test\.txt$/","requireAdmin(user, res)","Retained / automatic handling as stated in source"
"B1993","server.js","17424","Access / decision gate","requireAdmin(user, res)","(!requireAdmin(user, res))","Checks access or an operation precondition; inspect the referenced helper","'POST' /^\/api\/admin\/approvals\/sweep$/","requireAdmin(user, res)","Retained / automatic handling as stated in source"
"B1994","server.js","17497","Returned status / rejection reason","public-holiday","(HOLIDAYS.at(b.date,720,b).holiday)","Returned message / status; caller decides whether it blocks","sleepoverActiveCategory","return 'public-holiday';","Retained / automatic handling as stated in source"
"B1995","server.js","17499","Returned status / rejection reason","saturday","(dow === 6)","Returned message / status; caller decides whether it blocks","sleepoverActiveCategory","return 'saturday';","Retained / automatic handling as stated in source"
"B1996","server.js","17500","Returned status / rejection reason","sunday","(dow === 0)","Returned message / status; caller decides whether it blocks","sleepoverActiveCategory","return 'sunday';","Retained / automatic handling as stated in source"
"B1997","server.js","17501","Returned status / rejection reason","saturday","At this operation","Returned message / status; caller decides whether it blocks","sleepoverActiveCategory","return 'saturday';","Retained / automatic handling as stated in source"
"B1998","server.js","17529","HTTP 403","Workers only.","(user.role !== 'worker')","Request rejected or operation failed","'GET' /^\/api\/me\/open-shifts$/","json(res, 403, { error: 'Workers only.' })","Retained / automatic handling as stated in source"
"B1999","server.js","17541","Returned error / decision","This visit is no longer available.","(!b||b.voided||b.cover_state!=='finding'||!['requested','accepted'].includes(b.status)||bookingStart(b)<=new Date())","Returns an error, blocked or false decision object","reviewableCover","return {error:'This visit is no longer available.'};","Retained / automatic handling as stated in source"
"B2000","server.js","17551","HTTP 403","Workers only.","(!user||user.role!=='worker')","Request rejected or operation failed","'POST' /^\/api\/cover\/(\d+)\/review$/","json(res,403,{error:'Workers only.'})","Retained / automatic handling as stated in source"
"B2001","server.js","17552","HTTP 429","Too many requests. Try again shortly.","(limited(ip,'cover-review',40))","Request rejected or operation failed","'POST' /^\/api\/cover\/(\d+)\/review$/","json(res,429,{error:'Too many requests. Try again shortly.'})","Retained / automatic handling as stated in source"
"B2002","server.js","17553","HTTP 409","res 409 r","(!r.ok) AND NOT (r.confirm)","Request rejected or operation failed","'POST' /^\/api\/cover\/(\d+)\/review$/","json(res,409,r)","Retained / automatic handling as stated in source"
"B2003","server.js","17564","HTTP 403","Workers only.","(!user||user.role!=='worker')","Request rejected or operation failed","'POST' /^\/api\/cover\/(\d+)\/claim$/","json(res,403,{error:'Workers only.'})","Retained / automatic handling as stated in source"
"B2004","server.js","17565","HTTP 429","Too many attempts. Try again shortly.","(limited(ip,'claim',30))","Request rejected or operation failed","'POST' /^\/api\/cover\/(\d+)\/claim$/","json(res,429,{error:'Too many attempts. Try again shortly.'})","Retained / automatic handling as stated in source"
"B2005","server.js","17566","HTTP 409","res 409 r","(!r.ok) AND NOT (r.confirm)","Request rejected or operation failed","'POST' /^\/api\/cover\/(\d+)\/claim$/","json(res,409,r)","Retained / automatic handling as stated in source"
"B2006","server.js","17567","HTTP 400","res 400 fit","(!fit.ok) AND NOT (fit.confirm)","Request rejected or operation failed","'POST' /^\/api\/cover\/(\d+)\/claim$/","json(res,400,fit)","Retained / automatic handling as stated in source"
"B2007","server.js","17568","HTTP 400","Open and read this visit’s plan before confirming.","(fit.ack?.required&&!fit.ack.acked&&!savedCoverReview(user.id,r.b))","Request rejected or operation failed","'POST' /^\/api\/cover\/(\d+)\/claim$/","json(res,400,{error:'Open and read this visit’s plan before confirming.',plan_ack_required:true,plan_id:fit.ack.plan_id,version:fit.ack.version})","Retained / automatic handling as stated in source"
"B2008","server.js","17619","HTTP 403","Workers only.","(user.role !== 'worker')","Request rejected or operation failed","'GET' /^\/api\/me\/referrals$/","json(res, 403, { error: 'Workers only.' })","Retained / automatic handling as stated in source"
"B2009","server.js","17627","Access / decision gate","requireAdmin(user, res)","(!requireAdmin(user, res))","Checks access or an operation precondition; inspect the referenced helper","'GET' /^\/api\/admin\/referrals$/","requireAdmin(user, res)","Retained / automatic handling as stated in source"
"B2010","server.js","17633","Access / decision gate","requireAdmin(user, res)","(!requireAdmin(user, res))","Checks access or an operation precondition; inspect the referenced helper","'POST' /^\/api\/admin\/referrals\/(\d+)\/paid$/","requireAdmin(user, res)","Retained / automatic handling as stated in source"
"B2011","server.js","17635","HTTP 404","Not found.","(!r)","Request rejected or operation failed","'POST' /^\/api\/admin\/referrals\/(\d+)\/paid$/","json(res, 404, { error: 'Not found.' })","Retained / automatic handling as stated in source"
"B2012","server.js","17636","HTTP 400","Not payable — qualifying ordinary hours do not currently reach the threshold. Review excluded or corrected records.","(!r.qualified_at || referralHours(r.referee_id)<REFERRAL_QUALIFY_HOURS())","Request rejected or operation failed","'POST' /^\/api\/admin\/referrals\/(\d+)\/paid$/","json(res, 400, { error: 'Not payable — qualifying ordinary hours do not currently reach the threshold. Review excluded or corrected records.' })","Retained / automatic handling as stated in source"
"B2013","server.js","17648","Access / decision gate","requireAdmin(user, res)","(!requireAdmin(user, res))","Checks access or an operation precondition; inspect the referenced helper","'GET' /^\/api\/admin\/kpis$/","requireAdmin(user, res)","Retained / automatic handling as stated in source"
"B2014","server.js","17701","Access / decision gate","requireAdmin(user, res)","(!requireAdmin(user, res))","Checks access or an operation precondition; inspect the referenced helper","'POST' /^\/api\/admin\/participants\/create$/","requireAdmin(user, res)","Retained / automatic handling as stated in source"
"B2015","server.js","17705","HTTP 400","A name and a working email address are needed.","(!name || !/^[^@\s]+@[^@\s]+\.[^@\s]+$/.test(email))","Request rejected or operation failed","'POST' /^\/api\/admin\/participants\/create$/","json(res, 400, { error: 'A name and a working email address are needed.' })","Retained / automatic handling as stated in source"
"B2016","server.js","17706","HTTP 400","Record the consent in words: who agreed, on the phone, on what date, to an account being opened for them.","(!consent || consent.length < 20)","Request rejected or operation failed","'POST' /^\/api\/admin\/participants\/create$/","json(res, 400, { error: 'Record the consent in words: who agreed, on the phone, on what date, to an account being opened for them.' })","Retained / automatic handling as stated in source"
"B2017","server.js","17707","HTTP 409","There is already an account with that email address.","(db.prepare('SELECT id FROM users WHERE lower(email) = ?').get(email))","Request rejected or operation failed","'POST' /^\/api\/admin\/participants\/create$/","json(res, 409, { error: 'There is already an account with that email address.' })","Retained / automatic handling as stated in source"
"B2018","server.js","17737","Access / decision gate","requireAdmin(user, res)","(!requireAdmin(user, res))","Checks access or an operation precondition; inspect the referenced helper","'POST' /^\/api\/admin\/participants\/(\d+)\/establishment-fee$/","requireAdmin(user, res)","Retained / automatic handling as stated in source"
"B2019","server.js","17740","HTTP 404","Participant not found.","(!p)","Request rejected or operation failed","'POST' /^\/api\/admin\/participants\/(\d+)\/establishment-fee$/","json(res, 404, { error: 'Participant not found.' })","Retained / automatic handling as stated in source"
"B2020","server.js","17741","HTTP 400","Tick that the Pricing Arrangements conditions are met and that the set-up was real, documented work (a behaviour support plan, restrictive practices, a complex handover) rather than a routine sign-up: the participant is new to us, is starting a substantial ongoing program (the Arrangements name 20 hours a month for at least three months), the fee is in the service agreement, and it has not been claimed for them before.","(body.conditions_met !== true)","Request rejected or operation failed","'POST' /^\/api\/admin\/participants\/(\d+)\/establishment-fee$/","json(res, 400, { error: 'Tick that the Pricing Arrangements conditions are met and that the set-up was real, documented work (a behaviour support plan, restrictive practices, a complex handover) rather than a routine sign-up: the participant is new to us, is starting a substantial ongoing program (the Arrangements name 20 hours a month for at least three months), the fee is in the service agreement, and it has not been claimed for them before.' })","Retained / automatic handling as stated in source"
"B2021","server.js","17742","HTTP 409","An establishment fee has already been raised for this participant.","(db.prepare(""SELECT id FROM bookings WHERE participant_id = ? AND kind = 'establishment'"").get(pid))","Request rejected or operation failed","'POST' /^\/api\/admin\/participants\/(\d+)\/establishment-fee$/","json(res, 409, { error: 'An establishment fee has already been raised for this participant.' })","Retained / automatic handling as stated in source"
"B2022","server.js","17749","Access / decision gate","requireAdmin(user, res)","(!requireAdmin(user, res))","Checks access or an operation precondition; inspect the referenced helper","'POST' /^\/api\/admin\/participants\/(\d+)\/nf2f$/","requireAdmin(user, res)","Retained / automatic handling as stated in source"
"B2023","server.js","17752","HTTP 404","Participant not found.","(!p)","Request rejected or operation failed","'POST' /^\/api\/admin\/participants\/(\d+)\/nf2f$/","json(res, 404, { error: 'Participant not found.' })","Retained / automatic handling as stated in source"
"B2024","server.js","17756","HTTP 400","A service, the time (¼ to 8 hours) and what the work was are all needed.","(!service || !(hours >= 0.25 && hours <= 8) || !what)","Request rejected or operation failed","'POST' /^\/api\/admin\/participants\/(\d+)\/nf2f$/","json(res, 400, { error: 'A service, the time (¼ to 8 hours) and what the work was are all needed.' })","Retained / automatic handling as stated in source"
"B2025","server.js","17769","HTTP 429","Too many attempts — try again later.","(limited(ip, 'referral', 10))","Request rejected or operation failed","'POST' /^\/api\/referrals$/","json(res, 429, { error: 'Too many attempts — try again later.' })","Retained / automatic handling as stated in source"
"B2026","server.js","17773","HTTP 400","Your name and email, the participant’s first name and what supports are needed are the minimum.","(!coordinator || !/^[^@\s]+@[^@\s]+\.[^@\s]+$/.test(email) || !participant || !supports)","Request rejected or operation failed","'POST' /^\/api\/referrals$/","json(res, 400, { error: 'Your name and email, the participant\u2019s first name and what supports are needed are the minimum.' })","Retained / automatic handling as stated in source"
"B2027","server.js","17790","Access / decision gate","requireAdmin(user, res)","(!requireAdmin(user, res))","Checks access or an operation precondition; inspect the referenced helper","'POST' /^\/api\/admin\/bookings\/group$/","requireAdmin(user, res)","Retained / automatic handling as stated in source"
"B2028","server.js","17791","HTTP 400","Group supports are off. They claim the 0136 (group and centre-based activities) items, which need that registration group — turn them on with the setting group_supports=on once it is held.","(setting('group_supports', 'off') !== 'on')","Request rejected or operation failed","'POST' /^\/api\/admin\/bookings\/group$/","json(res, 400, { error: 'Group supports are off. They claim the 0136 (group and centre-based activities) items, which need that registration group — turn them on with the setting group_supports=on once it is held.' })","Retained / automatic handling as stated in source"
"B2029","server.js","17793","HTTP 400","A group is two or three shifts.","(!(ids.length >= 2 && ids.length <= 3))","Request rejected or operation failed","'POST' /^\/api\/admin\/bookings\/group$/","json(res, 400, { error: 'A group is two or three shifts.' })","Retained / automatic handling as stated in source"
"B2030","server.js","17795","HTTP 404","One of those shifts does not exist.","(rows.length !== ids.length)","Request rejected or operation failed","'POST' /^\/api\/admin\/bookings\/group$/","json(res, 404, { error: 'One of those shifts does not exist.' })","Retained / automatic handling as stated in source"
"B2031","server.js","17798","HTTP 400","Shift #${b.id} does not share the worker, date, start and length of #${f.id}.","(b.worker_id !== f.worker_id || b.date !== f.date || b.start !== f.start || Number(b.hours) !== Number(f.hours))","Request rejected or operation failed","'POST' /^\/api\/admin\/bookings\/group$/","json(res, 400, { error: `Shift #${b.id} does not share the worker, date, start and length of #${f.id}.` })","Retained / automatic handling as stated in source"
"B2032","server.js","17799","HTTP 400","Shift #${b.id} is cancelled or already claimed.","(!['requested', 'accepted', 'completed'].includes(b.status) || b.claim_status === 'claimed' || b.claim_status === 'paid')","Request rejected or operation failed","'POST' /^\/api\/admin\/bookings\/group$/","json(res, 400, { error: `Shift #${b.id} is cancelled or already claimed.` })","Retained / automatic handling as stated in source"
"B2033","server.js","17800","HTTP 400","Shift #${b.id} is a ${b.service} shift; group pricing covers community, transport and daily-living time.","(!GROUP_ITEMS[b.rate_category || suggestCategory(b)] && !['community', 'transport', 'daily-tasks'].includes(b.service))","Request rejected or operation failed","'POST' /^\/api\/admin\/bookings\/group$/","json(res, 400, { error: `Shift #${b.id} is a ${b.service} shift; group pricing covers community, transport and daily-living time.` })","Retained / automatic handling as stated in source"
"B2034","server.js","17801","HTTP 400","Shift #${b.id} is not an ordinary shift.","(b.sleepover || b.kind !== 'shift')","Request rejected or operation failed","'POST' /^\/api\/admin\/bookings\/group$/","json(res, 400, { error: `Shift #${b.id} is not an ordinary shift.` })","Retained / automatic handling as stated in source"
"B2035","server.js","17811","Error / validation","Exception from e","At this operation","Stops this operation and propagates an error","'POST' /^\/api\/admin\/bookings\/group$/","throw e;","Retained / automatic handling as stated in source"
"B2036","server.js","17815","Access / decision gate","requireAdmin(user, res)","(!requireAdmin(user, res))","Checks access or an operation precondition; inspect the referenced helper","'POST' /^\/api\/admin\/bookings\/(\d+)\/ungroup$/","requireAdmin(user, res)","Retained / automatic handling as stated in source"
"B2037","server.js","17817","HTTP 404","That shift is not in a group.","(!b || !b.group_key)","Request rejected or operation failed","'POST' /^\/api\/admin\/bookings\/(\d+)\/ungroup$/","json(res, 404, { error: 'That shift is not in a group.' })","Retained / automatic handling as stated in source"
"B2038","server.js","17819","HTTP 400","A shift in this group has been claimed; it cannot be re-priced.","(rows.some(x => x.claim_status === 'claimed' || x.claim_status === 'paid'))","Request rejected or operation failed","'POST' /^\/api\/admin\/bookings\/(\d+)\/ungroup$/","json(res, 400, { error: 'A shift in this group has been claimed; it cannot be re-priced.' })","Retained / automatic handling as stated in source"
"B2039","server.js","17827","Error / validation","Exception from e","At this operation","Stops this operation and propagates an error","'POST' /^\/api\/admin\/bookings\/(\d+)\/ungroup$/","throw e;","Retained / automatic handling as stated in source"
"B2040","server.js","17883","HTTP 403","Participants and their coordinators only.","(user.role === 'worker')","Request rejected or operation failed","'GET' /^\/api\/me\/invoices$/","json(res, 403, { error: 'Participants and their coordinators only.' })","Retained / automatic handling as stated in source"
"B2041","server.js","17885","HTTP 403","Not permitted.","(!user.admin && !pers)","Request rejected or operation failed","'GET' /^\/api\/me\/invoices$/","json(res, 403, { error: 'Not permitted.' })","Retained / automatic handling as stated in source"
"B2042","server.js","17887","HTTP 400","Which participant?","(!pid)","Request rejected or operation failed","'GET' /^\/api\/me\/invoices$/","json(res, 400, { error: 'Which participant?' })","Retained / automatic handling as stated in source"
"B2043","server.js","17893","HTTP 404","No such invoice.","(!inv)","Request rejected or operation failed","'GET' /^\/api\/me\/invoices\/([A-Z0-9-]+)\.pdf$/","json(res, 404, { error: 'No such invoice.' })","Retained / automatic handling as stated in source"
"B2044","server.js","17896","HTTP 403","Not permitted.","(!user.admin) AND (!pers || pers.id !== inv.participant.id)","Request rejected or operation failed","'GET' /^\/api\/me\/invoices\/([A-Z0-9-]+)\.pdf$/","json(res, 403, { error: 'Not permitted.' })","Retained / automatic handling as stated in source"
"B2045","server.js","17904","Access / decision gate","requireAdmin(user, res)","(!requireAdmin(user, res))","Checks access or an operation precondition; inspect the referenced helper","'POST' /^\/api\/admin\/invoices\/([A-Z0-9-]+)\/paid$/","requireAdmin(user, res)","Retained / automatic handling as stated in source"
"B2046","server.js","17906","HTTP 404","No such invoice.","(!inv)","Request rejected or operation failed","'POST' /^\/api\/admin\/invoices\/([A-Z0-9-]+)\/paid$/","json(res, 404, { error: 'No such invoice.' })","Retained / automatic handling as stated in source"
"B2047","server.js","17907","HTTP 409","res 409 {error:e.message}","At this operation","Request rejected or operation failed","'POST' /^\/api\/admin\/invoices\/([A-Z0-9-]+)\/paid$/","json(res,409,{error:e.message})","Retained / automatic handling as stated in source"
"B2048","server.js","17945","HTTP 400","A reason of at least ${REASON_MIN} characters is required — it is kept with the record of what was removed.","(!reason || reason.length < REASON_MIN)","Request rejected or operation failed","reasonOr400","json(res, 400, { error: `A reason of at least ${REASON_MIN} characters is required — it is kept with the record of what was removed.` })","Retained / automatic handling as stated in source"
"B2049","server.js","17980","Error / validation","cascade too deep at ${table}","(depth > 6)","Stops this operation and propagates an error","cascadeErase","throw new Error(`cascade too deep at ${table}`);","Retained / automatic handling as stated in source"
"B2050","server.js","17991","Access / decision gate","requireAdmin(user, res)","(!requireAdmin(user, res))","Checks access or an operation precondition; inspect the referenced helper","'DELETE' /^\/api\/admin\/bookings\/(\d+)$/","requireAdmin(user, res)","Retained / automatic handling as stated in source"
"B2051","server.js","17994","HTTP 404","No such shift.","(!b)","Request rejected or operation failed","'DELETE' /^\/api\/admin\/bookings\/(\d+)$/","json(res, 404, { error: 'No such shift.' })","Retained / automatic handling as stated in source"
"B2052","server.js","17995","HTTP 409","This shift is on invoice ${b.invoice_no} (${b.claim_status}). Withdraw the invoice first (Claims board › Withdraw invoice…), then remove the shift. · This shift is on an agency claim (${b.claim_status}). Take it off the claim first (Claims board › Unclaim…), then remove it.","(['claimed', 'paid'].includes(b.claim_status || ''))","Request rejected or operation failed","'DELETE' /^\/api\/admin\/bookings\/(\d+)$/","json(res, 409, { error: b.invoice_no ? `This shift is on invoice ${b.invoice_no} (${b.claim_status}). Withdraw the invoice first (Claims board › Withdraw invoice…), then remove the shift.` : `This shift is on an agency claim (${b.claim_status}). Take it off the claim first (Claims board › Unclaim…), then remove it.` })","Retained / automatic handling as stated in source"
"B2053","server.js","17997","HTTP 409","This shift was delivered, so it is a record the provider must keep. Void it instead (it leaves every statement, invoice and pay run but stays on file), or tick ""this was a test, not a real support"" if it was one.","(delivered && body.test !== true)","Request rejected or operation failed","'DELETE' /^\/api\/admin\/bookings\/(\d+)$/","json(res, 409, { error: 'This shift was delivered, so it is a record the provider must keep. Void it instead (it leaves every statement, invoice and pay run but stays on file), or tick ""this was a test, not a real support"" if it was one.', can_void: true })","Retained / automatic handling as stated in source"
"B2054","server.js","18005","Error / validation","Exception from e","At this operation","Stops this operation and propagates an error","'DELETE' /^\/api\/admin\/bookings\/(\d+)$/","throw e;","Retained / automatic handling as stated in source"
"B2055","server.js","18009","Access / decision gate","requireAdmin(user, res)","(!requireAdmin(user, res))","Checks access or an operation precondition; inspect the referenced helper","'POST' /^\/api\/admin\/bookings\/(\d+)\/void$/","requireAdmin(user, res)","Retained / automatic handling as stated in source"
"B2056","server.js","18012","HTTP 404","No such shift.","(!b)","Request rejected or operation failed","'POST' /^\/api\/admin\/bookings\/(\d+)\/void$/","json(res, 404, { error: 'No such shift.' })","Retained / automatic handling as stated in source"
"B2057","server.js","18013","HTTP 409","This shift is on invoice ${b.invoice_no} (${b.claim_status}). Withdraw the invoice first, then void the shift. · This shift is on an agency claim (${b.claim_status}). Unclaim it first, then void it.","(['claimed', 'paid'].includes(b.claim_status || ''))","Request rejected or operation failed","'POST' /^\/api\/admin\/bookings\/(\d+)\/void$/","json(res, 409, { error: b.invoice_no ? `This shift is on invoice ${b.invoice_no} (${b.claim_status}). Withdraw the invoice first, then void the shift.` : `This shift is on an agency claim (${b.claim_status}). Unclaim it first, then void it.` })","Retained / automatic handling as stated in source"
"B2058","server.js","18014","HTTP 409","Already void.","(b.voided)","Request rejected or operation failed","'POST' /^\/api\/admin\/bookings\/(\d+)\/void$/","json(res, 409, { error: 'Already void.' })","Retained / automatic handling as stated in source"
"B2059","server.js","18032","Access / decision gate","requireAdmin(user, res)","(!requireAdmin(user, res))","Checks access or an operation precondition; inspect the referenced helper","'DELETE' /^\/api\/admin\/users\/(\d+)$/","requireAdmin(user, res)","Retained / automatic handling as stated in source"
"B2060","server.js","18035","HTTP 404","No such account.","(!u)","Request rejected or operation failed","'DELETE' /^\/api\/admin\/users\/(\d+)$/","json(res, 404, { error: 'No such account.' })","Retained / automatic handling as stated in source"
"B2061","server.js","18036","HTTP 400","Not your own account, from here.","(u.id === user.id)","Request rejected or operation failed","'DELETE' /^\/api\/admin\/users\/(\d+)$/","json(res, 400, { error: 'Not your own account, from here.' })","Retained / automatic handling as stated in source"
"B2062","server.js","18037","HTTP 400","Revoke admin first (node server.js revoke-admin <email>), then close the account.","(u.is_admin)","Request rejected or operation failed","'DELETE' /^\/api\/admin\/users\/(\d+)$/","json(res, 400, { error: 'Revoke admin first (node server.js revoke-admin <email>), then close the account.' })","Retained / automatic handling as stated in source"
"B2063","server.js","18041","HTTP 409","${u.name} has ${delivered} delivered shift(s)${claimed ? ` and ${claimed} claimed line(s)` : ''}, which the provider must keep on file. The account will be CLOSED and DE-IDENTIFIED — name, email, phone, suburb, photo and documents removed; shifts, notes, invoices and incidents kept under ""Removed ${u.role} #${u.id}"". Tick to confirm.","(mode === 'deidentify' && body.acknowledge !== true)","Request rejected or operation failed","'DELETE' /^\/api\/admin\/users\/(\d+)$/","json(res, 409, { mode, delivered, error: `${u.name} has ${delivered} delivered shift(s)${claimed ? ` and ${claimed} claimed line(s)` : ''}, which the provider must keep on file. The account will be CLOSED and DE-IDENTIFIED — name, email, phone, suburb, photo and documents removed; shifts, notes, invoices and incidents kept under ""Removed ${u.role} #${u.id}"". Tick to confirm.` })","Retained / automatic handling as stated in source"
"B2064","server.js","18064","Error / validation","Exception from e","At this operation","Stops this operation and propagates an error","'DELETE' /^\/api\/admin\/users\/(\d+)$/","throw e;","Retained / automatic handling as stated in source"
"B2065","server.js","18072","Access / decision gate","requireAdmin(user, res)","(!requireAdmin(user, res))","Checks access or an operation precondition; inspect the referenced helper","'POST' /^\/api\/admin\/invoices\/([A-Z0-9-]+)\/withdraw$/","requireAdmin(user, res)","Retained / automatic handling as stated in source"
"B2066","server.js","18075","HTTP 404","No such invoice.","(!rows.length)","Request rejected or operation failed","'POST' /^\/api\/admin\/invoices\/([A-Z0-9-]+)\/withdraw$/","json(res, 404, { error: 'No such invoice.' })","Retained / automatic handling as stated in source"
"B2067","server.js","18076","HTTP 409","This invoice has been marked paid. If that was a mistake, mark it unpaid first (Invoice paid › unpaid), then withdraw it.","(rows.some(r => r.claim_status === 'paid'))","Request rejected or operation failed","'POST' /^\/api\/admin\/invoices\/([A-Z0-9-]+)\/withdraw$/","json(res, 409, { error: 'This invoice has been marked paid. If that was a mistake, mark it unpaid first (Invoice paid › unpaid), then withdraw it.' })","Retained / automatic handling as stated in source"
"B2068","server.js","18083","Error / validation","Exception from e","At this operation","Stops this operation and propagates an error","'POST' /^\/api\/admin\/invoices\/([A-Z0-9-]+)\/withdraw$/","throw e;","Retained / automatic handling as stated in source"
"B2069","server.js","18090","Access / decision gate","requireAdmin(user, res)","(!requireAdmin(user, res))","Checks access or an operation precondition; inspect the referenced helper","'POST' /^\/api\/admin\/claims\/(\d+)\/release$/","requireAdmin(user, res)","Retained / automatic handling as stated in source"
"B2070","server.js","18092","HTTP 404","That shift is not held.","(!r || !r.claim_hold)","Request rejected or operation failed","'POST' /^\/api\/admin\/claims\/(\d+)\/release$/","json(res, 404, { error: 'That shift is not held.' })","Retained / automatic handling as stated in source"
"B2071","server.js","18097","Access / decision gate","requireAdmin(user, res)","(!requireAdmin(user, res))","Checks access or an operation precondition; inspect the referenced helper","'POST' /^\/api\/admin\/claims\/(\d+)\/unclaim$/","requireAdmin(user, res)","Retained / automatic handling as stated in source"
"B2072","server.js","18100","HTTP 404","That shift is not on a claim.","(!r || !r.claim_status)","Request rejected or operation failed","'POST' /^\/api\/admin\/claims\/(\d+)\/unclaim$/","json(res, 404, { error: 'That shift is not on a claim.' })","Retained / automatic handling as stated in source"
"B2073","server.js","18101","HTTP 409","Marked paid — mark it unpaid first.","(r.claim_status === 'paid')","Request rejected or operation failed","'POST' /^\/api\/admin\/claims\/(\d+)\/unclaim$/","json(res, 409, { error: 'Marked paid — mark it unpaid first.' })","Retained / automatic handling as stated in source"
"B2074","server.js","18102","HTTP 409","This line is on invoice ${r.invoice_no}; withdraw the invoice instead so the participant is told.","(r.invoice_no)","Request rejected or operation failed","'POST' /^\/api\/admin\/claims\/(\d+)\/unclaim$/","json(res, 409, { error: `This line is on invoice ${r.invoice_no}; withdraw the invoice instead so the participant is told.` })","Retained / automatic handling as stated in source"
"B2075","server.js","18108","Access / decision gate","requireAdmin(user, res)","(!requireAdmin(user, res))","Checks access or an operation precondition; inspect the referenced helper","'GET' /^\/api\/admin\/erasures$/","requireAdmin(user, res)","Retained / automatic handling as stated in source"
"B2076","server.js","18142","Readiness / eligibility","missing.push(f.label)","(f.required && empty)","Adds a named condition to the returned readiness or error list","screenAnswersValid","missing.push(f.label)","Retained / automatic handling as stated in source"
"B2077","server.js","18143","Readiness / eligibility","${f.label} (not one of the choices)","(!empty && f.type === 'choice' && !f.options.includes(v))","Adds a named condition to the returned readiness or error list","screenAnswersValid","missing.push(`${f.label} (not one of the choices)`)","Retained / automatic handling as stated in source"
"B2078","server.js","18144","Readiness / eligibility","${f.label} (not one of the choices)","(!empty && f.type === 'checklist' && (!Array.isArray(v) || v.some(x => !f.options.includes(x))))","Adds a named condition to the returned readiness or error list","screenAnswersValid","missing.push(`${f.label} (not one of the choices)`)","Retained / automatic handling as stated in source"
"B2079","server.js","18145","Readiness / eligibility","${f.label} (date)","(!empty && f.type === 'date' && !/^\d{4}-\d{2}-\d{2}$/.test(String(v)))","Adds a named condition to the returned readiness or error list","screenAnswersValid","missing.push(`${f.label} (date)`)","Retained / automatic handling as stated in source"
"B2080","server.js","18177","HTTP 404","No screen for that form.","(!screen)","Request rejected or operation failed","screenTarget","json(res, 404, { error: 'No screen for that form.' })","Retained / automatic handling as stated in source"
"B2081","server.js","18182","HTTP 400","Which participant? (?for=id)","(user.admin) AND (!pers)","Request rejected or operation failed","screenTarget","json(res, 400, { error: 'Which participant? (?for=id)' })","Retained / automatic handling as stated in source"
"B2082","server.js","18184","HTTP 403","This one is filled in by the office, with you.","NOT (user.admin) AND (screen.who === 'office')","Request rejected or operation failed","screenTarget","json(res, 403, { error: 'This one is filled in by the office, with you.' })","Retained / automatic handling as stated in source"
"B2083","server.js","18186","HTTP 403","Not permitted.","NOT (user.admin) AND (!acting)","Request rejected or operation failed","screenTarget","json(res, 403, { error: 'Not permitted.' })","Retained / automatic handling as stated in source"
"B2084","server.js","18208","HTTP 400","Still needed: ${missing.join('; ')}.","(confirm) AND (missing.length)","Request rejected or operation failed","'POST' /^\/api\/me\/forms\/([a-z0-9-]+)$/","json(res, 400, { error: `Still needed: ${missing.join('; ')}.`, missing })","Retained / automatic handling as stated in source"
"B2085","server.js","18209","HTTP 400","Tick the declaration to confirm.","(confirm) AND (!user.admin && body.agree !== true)","Request rejected or operation failed","'POST' /^\/api\/me\/forms\/([a-z0-9-]+)$/","json(res, 400, { error: 'Tick the declaration to confirm.' })","Retained / automatic handling as stated in source"
"B2086","server.js","18211","HTTP 403","Your access allows new entries only. Existing entries need an office correction.","(t.permission==='append'&&!require('./lib/register-access').appendOnly(cur?policyFillParse(cur.data):{},data))","Request rejected or operation failed","'POST' /^\/api\/me\/forms\/([a-z0-9-]+)$/","json(res,403,{error:'Your access allows new entries only. Existing entries need an office correction.'})","Retained / automatic handling as stated in source"
"B2087","server.js","18233","Error / validation","Exception from e","At this operation","Stops this operation and propagates an error","'POST' /^\/api\/me\/forms\/([a-z0-9-]+)$/","throw e;","Retained / automatic handling as stated in source"
"B2088","server.js","18251","Access / decision gate","requireAdmin(user, res)","(!requireAdmin(user, res))","Checks access or an operation precondition; inspect the referenced helper","'GET' /^\/api\/admin\/invoice-register\.csv$/","requireAdmin(user, res)","Retained / automatic handling as stated in source"
"B2089","server.js","18260","Access / decision gate","requireAdmin(user, res)","(!requireAdmin(user, res))","Checks access or an operation precondition; inspect the referenced helper","'GET' /^\/api\/admin\/night-care\.csv$/","requireAdmin(user, res)","Retained / automatic handling as stated in source"
"B2090","server.js","18267","Access / decision gate","requireAdmin(user, res)","(!requireAdmin(user, res))","Checks access or an operation precondition; inspect the referenced helper","'GET' /^\/api\/admin\/fee-lines\.csv$/","requireAdmin(user, res)","Retained / automatic handling as stated in source"
"B2091","server.js","18274","Access / decision gate","requireAdmin(user, res)","(!requireAdmin(user, res))","Checks access or an operation precondition; inspect the referenced helper","'GET' /^\/api\/admin\/referrals\.csv$/","requireAdmin(user, res)","Retained / automatic handling as stated in source"
"B2092","server.js","18280","Access / decision gate","requireAdmin(user, res)","(!requireAdmin(user, res))","Checks access or an operation precondition; inspect the referenced helper","'GET' /^\/api\/admin\/form-responses\.csv$/","requireAdmin(user, res)","Retained / automatic handling as stated in source"
"B2093","server.js","18286","Access / decision gate","requireAdmin(user, res)","(!requireAdmin(user, res))","Checks access or an operation precondition; inspect the referenced helper","'GET' /^\/api\/admin\/erasures\.csv$/","requireAdmin(user, res)","Retained / automatic handling as stated in source"
"B2094","server.js","18296","Access / decision gate","requireAdmin(user, res)","(!requireAdmin(user, res))","Checks access or an operation precondition; inspect the referenced helper","'GET' /^\/api\/admin\/kpis\.json$/","requireAdmin(user, res)","Retained / automatic handling as stated in source"
"B2095","server.js","18377","Access / decision gate","requireAdmin(user, res)","(!requireAdmin(user, res))","Checks access or an operation precondition; inspect the referenced helper","'GET' /^\/api\/admin\/policies-folder$/","requireAdmin(user, res)","Retained / automatic handling as stated in source"
"B2096","server.js","18387","Access / decision gate","requireAdmin(user, res)","(!requireAdmin(user, res))","Checks access or an operation precondition; inspect the referenced helper","'POST' /^\/api\/admin\/policies-folder$/","requireAdmin(user, res)","Retained / automatic handling as stated in source"
"B2097","server.js","18389","HTTP 400","A https:// link to the folder.","(url && !/^https:\/\//.test(url))","Request rejected or operation failed","'POST' /^\/api\/admin\/policies-folder$/","json(res, 400, { error: 'A https:// link to the folder.' })","Retained / automatic handling as stated in source"
"B2098","server.js","18413","Access / decision gate","requireAdmin(user, res)","(!requireAdmin(user, res))","Checks access or an operation precondition; inspect the referenced helper","'POST' /^\/api\/admin\/policies-folder\/files$/","requireAdmin(user, res)","Retained / automatic handling as stated in source"
"B2099","server.js","18415","HTTP 400","A name and a https:// link.","(!title || !/^https:\/\//.test(url))","Request rejected or operation failed","'POST' /^\/api\/admin\/policies-folder\/files$/","json(res, 400, { error: 'A name and a https:// link.' })","Retained / automatic handling as stated in source"
"B2100","server.js","18421","Access / decision gate","requireAdmin(user, res)","(!requireAdmin(user, res))","Checks access or an operation precondition; inspect the referenced helper","'DELETE' /^\/api\/admin\/policies-folder\/files\/([A-Za-z0-9_-]+)$/","requireAdmin(user, res)","Retained / automatic handling as stated in source"
"B2101","server.js","18426","Access / decision gate","requireAdmin(user, res)","(!requireAdmin(user, res))","Checks access or an operation precondition; inspect the referenced helper","'GET' /^\/api\/admin\/policies\.csv$/","requireAdmin(user, res)","Retained / automatic handling as stated in source"
"B2102","server.js","18477","Error / validation","not a zip","(eocd < 0)","Stops this operation and propagates an error","readZip","throw new Error('not a zip');","Retained / automatic handling as stated in source"
"B2103","server.js","18497","Error / validation","no document.xml","(!xml)","Stops this operation and propagates an error","docxToHtml","throw new Error('no document.xml');","Retained / automatic handling as stated in source"
"B2104","server.js","18543","Returned status / rejection reason","register","(/register/.test(t))","Returned message / status; caller decides whether it blocks","policyKind","return 'register';","Retained / automatic handling as stated in source"
"B2105","server.js","18544","Returned status / rejection reason","policy","(/policy/.test(t))","Returned message / status; caller decides whether it blocks","policyKind","return 'policy';","Retained / automatic handling as stated in source"
"B2106","server.js","18545","Returned status / rejection reason","procedure","(/procedure|statement/.test(t))","Returned message / status; caller decides whether it blocks","policyKind","return 'procedure';","Retained / automatic handling as stated in source"
"B2107","server.js","18546","Returned status / rejection reason","plan","(/plan\b/.test(t) && !/form/.test(t))","Returned message / status; caller decides whether it blocks","policyKind","return 'plan';","Retained / automatic handling as stated in source"
"B2108","server.js","18547","Returned status / rejection reason","form or template","At this operation","Returned message / status; caller decides whether it blocks","policyKind","return 'form or template';","Retained / automatic handling as stated in source"
"B2109","server.js","18553","Boolean decision","False result from policyAllowed","(!user)","Eligibility or control result is false; caller determines effect","policyAllowed","return false;","Retained / automatic handling as stated in source"
"B2110","server.js","18581","Returned status / rejection reason","","(!on)","Returned message / status; caller decides whether it blocks","policyOnScreenHtml","return '';","Retained / automatic handling as stated in source"
"B2111","server.js","18664","Access / decision gate","requireAdmin(user, res)","(!requireAdmin(user, res))","Checks access or an operation precondition; inspect the referenced helper","'GET' /^\/api\/admin\/policy-pages$/","requireAdmin(user, res)","Retained / automatic handling as stated in source"
"B2112","server.js","18669","Access / decision gate","requireAdmin(user, res)","(!requireAdmin(user, res))","Checks access or an operation precondition; inspect the referenced helper","'POST' /^\/api\/admin\/policy-pages$/","requireAdmin(user, res)","Retained / automatic handling as stated in source"
"B2113","server.js","18673","HTTP 400","Could not read that file.","At this operation","Request rejected or operation failed","'POST' /^\/api\/admin\/policy-pages$/","json(res, 400, { error: 'Could not read that file.' })","Retained / automatic handling as stated in source"
"B2114","server.js","18674","HTTP 400","Up to 25 MB a file.","(!buf.length || buf.length > 25 * 1024 * 1024)","Request rejected or operation failed","'POST' /^\/api\/admin\/policy-pages$/","json(res, 400, { error: 'Up to 25 MB a file.' })","Retained / automatic handling as stated in source"
"B2115","server.js","18677","HTTP 400","${name || 'That file'} is not a Word (.docx) or PDF file. Spreadsheets stay in the folder.","(!isDocx && !isPdf)","Request rejected or operation failed","'POST' /^\/api\/admin\/policy-pages$/","json(res, 400, { error: `${name || 'That file'} is not a Word (.docx) or PDF file. Spreadsheets stay in the folder.` })","Retained / automatic handling as stated in source"
"B2116","server.js","18683","HTTP 400","${name}: could not read the Word file (${e.message}).","(isDocx)","Request rejected or operation failed","'POST' /^\/api\/admin\/policy-pages$/","json(res, 400, { error: `${name}: could not read the Word file (${e.message}).` })","Retained / automatic handling as stated in source"
"B2117","server.js","18684","HTTP 400","${name}: the document has almost no text (${words} words) — is it a scan?","(isDocx) AND (words < 20)","Request rejected or operation failed","'POST' /^\/api\/admin\/policy-pages$/","json(res, 400, { error: `${name}: the document has almost no text (${words} words) \u2014 is it a scan?` })","Retained / automatic handling as stated in source"
"B2118","server.js","18686","HTTP 400","${name}: ${e.message}","NOT (isDocx)","Request rejected or operation failed","'POST' /^\/api\/admin\/policy-pages$/","json(res, 400, { error: `${name}: ${e.message}` })","Retained / automatic handling as stated in source"
"B2119","server.js","18700","Access / decision gate","requireAdmin(user, res)","(!requireAdmin(user, res))","Checks access or an operation precondition; inspect the referenced helper","'PATCH' /^\/api\/admin\/policy-pages\/([a-z0-9-]+)$/","requireAdmin(user, res)","Retained / automatic handling as stated in source"
"B2120","server.js","18702","HTTP 404","No such page.","(!pg)","Request rejected or operation failed","'PATCH' /^\/api\/admin\/policy-pages\/([a-z0-9-]+)$/","json(res, 404, { error: 'No such page.' })","Retained / automatic handling as stated in source"
"B2121","server.js","18703","HTTP 400","Audience is public, participants or staff.","(body.audience && !['public', 'participants', 'staff'].includes(body.audience))","Request rejected or operation failed","'PATCH' /^\/api\/admin\/policy-pages\/([a-z0-9-]+)$/","json(res, 400, { error: 'Audience is public, participants or staff.' })","Retained / automatic handling as stated in source"
"B2122","server.js","18711","Access / decision gate","requireAdmin(user, res)","(!requireAdmin(user, res))","Checks access or an operation precondition; inspect the referenced helper","'DELETE' /^\/api\/admin\/policy-pages\/([a-z0-9-]+)$/","requireAdmin(user, res)","Retained / automatic handling as stated in source"
"B2123","server.js","18713","HTTP 404","No such page.","(!pg)","Request rejected or operation failed","'DELETE' /^\/api\/admin\/policy-pages\/([a-z0-9-]+)$/","json(res, 404, { error: 'No such page.' })","Retained / automatic handling as stated in source"
"B2124","server.js","18728","Returned status / rejection reason","edit","(user?.admin)","Returned message / status; caller decides whether it blocks","policyRegisterPermission","return 'edit';","Retained / automatic handling as stated in source"
"B2125","server.js","18729","Returned status / rejection reason","none","(!user||user.role!=='worker'||!activeStaffWorker(user.id))","Returned message / status; caller decides whether it blocks","policyRegisterPermission","return 'none';","Retained / automatic handling as stated in source"
"B2126","server.js","18731","Returned status / rejection reason","none","(!grant)","Returned message / status; caller decides whether it blocks","policyRegisterPermission","return 'none';","Retained / automatic handling as stated in source"
"B2127","server.js","18733","Returned status / rejection reason","none","(scope?.participant_id&&!currentPlanAccess(user.id,scope.participant_id))","Returned message / status; caller decides whether it blocks","policyRegisterPermission","return 'none';","Retained / automatic handling as stated in source"
"B2128","server.js","18738","HTTP 404","No such fillable page.","(!pg || !policyFillable(pg) || POLICY_ON_SCREEN[pg.slug])","Request rejected or operation failed","policyFillTarget","json(res, 404, { error: 'No such fillable page.' })","Retained / automatic handling as stated in source"
"B2129","server.js","18739","HTTP 403","Not permitted.","(!user || !policyAllowed(user, pg))","Request rejected or operation failed","policyFillTarget","json(res, 403, { error: 'Not permitted.' })","Retained / automatic handling as stated in source"
"B2130","server.js","18742","HTTP 403","This register is restricted. Ask the office for access to the records you need.","(permission==='none')","Request rejected or operation failed","policyFillTarget","json(res,403,{error:'This register is restricted. Ask the office for access to the records you need.'})","Retained / automatic handling as stated in source"
"B2131","server.js","18747","HTTP 404","No such editable register.","(!pg||POLICY_ON_SCREEN[slug])","Request rejected or operation failed","editableRegister","json(res,404,{error:'No such editable register.'})","Retained / automatic handling as stated in source"
"B2132","server.js","18747","Boolean decision","False result from editableRegister","(!pg||POLICY_ON_SCREEN[slug])","Eligibility or control result is false; caller determines effect","editableRegister","return false;","Retained / automatic handling as stated in source"
"B2133","server.js","18750","Access / decision gate","requireAdmin(user, res)","(!requireAdmin(user,res)||!editableRegister(res,m[1]))","Checks access or an operation precondition; inspect the referenced helper","'GET' /^\/api\/admin\/policy-register-access\/([a-z0-9-]+)$/","requireAdmin(user,res)","Retained / automatic handling as stated in source"
"B2134","server.js","18757","Access / decision gate","requireAdmin(user, res)","(!requireAdmin(user,res)||!editableRegister(res,m[1]))","Checks access or an operation precondition; inspect the referenced helper","'POST' /^\/api\/admin\/policy-register-access\/([a-z0-9-]+)$/","requireAdmin(user,res)","Retained / automatic handling as stated in source"
"B2135","server.js","18760","HTTP 400","Choose a current participant, or the office-wide register option.","(body.action==='scope') AND (pid!==null&&(!Number.isSafeInteger(pid)||!db.prepare(""SELECT id FROM users WHERE id=? AND role='participant' AND closed_at IS NULL"").get(pid)))","Request rejected or operation failed","'POST' /^\/api\/admin\/policy-register-access\/([a-z0-9-]+)$/","json(res,400,{error:'Choose a current participant, or the office-wide register option.'})","Retained / automatic handling as stated in source"
"B2136","server.js","18768","Error / validation","Exception from e","(body.action==='scope')","Stops this operation and propagates an error","'POST' /^\/api\/admin\/policy-register-access\/([a-z0-9-]+)$/","throw e;","Retained / automatic handling as stated in source"
"B2137","server.js","18772","HTTP 400","Choose a worker.","(!Number.isSafeInteger(wid)||!db.prepare(""SELECT id FROM users WHERE id=? AND role='worker'"").get(wid))","Request rejected or operation failed","'POST' /^\/api\/admin\/policy-register-access\/([a-z0-9-]+)$/","json(res,400,{error:'Choose a worker.'})","Retained / automatic handling as stated in source"
"B2138","server.js","18775","HTTP 400","Choose read, append or edit access for an approved, active worker.","NOT (body.permission==='none') AND (!['read','append','edit'].includes(body.permission)||!activeStaffWorker(wid))","Request rejected or operation failed","'POST' /^\/api\/admin\/policy-register-access\/([a-z0-9-]+)$/","json(res,400,{error:'Choose read, append or edit access for an approved, active worker.'})","Retained / automatic handling as stated in source"
"B2139","server.js","18777","HTTP 400","Choose an access expiry within the next year.","NOT (body.permission==='none') AND (!Number.isFinite(expires)||expires<=Date.now()||expires>Date.now()+366*864e5)","Request rejected or operation failed","'POST' /^\/api\/admin\/policy-register-access\/([a-z0-9-]+)$/","json(res,400,{error:'Choose an access expiry within the next year.'})","Retained / automatic handling as stated in source"
"B2140","server.js","18820","HTTP 403","You have read access to this register. Ask the office if you need to add an entry.","(!t.canWrite)","Request rejected or operation failed","'POST' /^\/api\/policy-fill\/([a-z0-9-]+)$/","json(res,403,{error:'You have read access to this register. Ask the office if you need to add an entry.'})","Retained / automatic handling as stated in source"
"B2141","server.js","18823","HTTP 400","Some register entries exceed the allowed row, column or text limits. Your entries have not been saved; shorten or split them first.","(t.scope==='shared' && JSON.stringify(body?.data)!==JSON.stringify(data))","Request rejected or operation failed","'POST' /^\/api\/policy-fill\/([a-z0-9-]+)$/","json(res,400,{error:'Some register entries exceed the allowed row, column or text limits. Your entries have not been saved; shorten or split them first.'})","Retained / automatic handling as stated in source"
"B2142","server.js","18824","HTTP 413","That is too much to keep on one page. Split the register, or shorten the entries.","(text.length > 1500000)","Request rejected or operation failed","'POST' /^\/api\/policy-fill\/([a-z0-9-]+)$/","json(res, 413, { error: 'That is too much to keep on one page. Split the register, or shorten the entries.' })","Retained / automatic handling as stated in source"
"B2143","server.js","18827","HTTP 409","Someone else saved this register after you loaded it. Reload to see their entries, then add yours again.","(t.scope === 'shared' && (cur ? cur.id : null) !== baseId)","Request rejected or operation failed","'POST' /^\/api\/policy-fill\/([a-z0-9-]+)$/","json(res, 409, { error: 'Someone else saved this register after you loaded it. Reload to see their entries, then add yours again.' })","Retained / automatic handling as stated in source"
"B2144","server.js","18828","HTTP 403","Your access allows new entries only. Existing entries need an office correction.","(t.permission==='append'&&!require('./lib/register-access').appendOnly(cur?policyFillParse(cur.data):{},data))","Request rejected or operation failed","'POST' /^\/api\/policy-fill\/([a-z0-9-]+)$/","json(res,403,{error:'Your access allows new entries only. Existing entries need an office correction.'})","Retained / automatic handling as stated in source"
"B2145","server.js","18835","Access / decision gate","requireAdmin(user, res)","(!requireAdmin(user, res))","Checks access or an operation precondition; inspect the referenced helper","'GET' /^\/api\/admin\/policy-fills$/","requireAdmin(user, res)","Retained / automatic handling as stated in source"
"B2146","server.js","18844","Access / decision gate","requireAdmin(user, res)","(!requireAdmin(user, res))","Checks access or an operation precondition; inspect the referenced helper","'GET' /^\/api\/admin\/policy-fills\/([a-z0-9-]+)\/(\d+)$/","requireAdmin(user, res)","Retained / automatic handling as stated in source"
"B2147","server.js","18846","HTTP 404","Nothing saved.","(!cur)","Request rejected or operation failed","'GET' /^\/api\/admin\/policy-fills\/([a-z0-9-]+)\/(\d+)$/","json(res, 404, { error: 'Nothing saved.' })","Retained / automatic handling as stated in source"
"B2148","server.js","18850","Access / decision gate","requireAdmin(user, res)","(!requireAdmin(user, res))","Checks access or an operation precondition; inspect the referenced helper","'GET' /^\/api\/admin\/policy-pages\.csv$/","requireAdmin(user, res)","Retained / automatic handling as stated in source"
"B2149","server.js","18995","Returned status / rejection reason","br","(/\bbr\b/.test(ae))","Returned message / status; caller decides whether it blocks","encodingFor","return 'br';","Retained / automatic handling as stated in source"
"B2150","server.js","18996","Returned status / rejection reason","gzip","(/\bgzip\b/.test(ae))","Returned message / status; caller decides whether it blocks","encodingFor","return 'gzip';","Retained / automatic handling as stated in source"
"B2151","server.js","18997","Returned status / rejection reason","","At this operation","Returned message / status; caller decides whether it blocks","encodingFor","return '';","Retained / automatic handling as stated in source"
"B2152","server.js","19045","HTTP 416","Request rejected: HTTP 416","(range && (range[1] || range[2])) AND (!Number.isFinite(start) || !Number.isFinite(end) || start > end || start >= st.size)","HTTP error response","sendFile","res.writeHead(416, baseHeaders({ 'Content-Range': `bytes */${st.size}` }))","Retained / automatic handling as stated in source"
"B2153","server.js","19060","HTTP 403","Request rejected: HTTP 403","(!full.startsWith(PUBLIC_DIR + path.sep))","HTTP error response","serveStatic","res.writeHead(403)","Retained / automatic handling as stated in source"
"B2154","server.js","19065","HTTP 404","Request rejected: HTTP 404","(err || !st.isFile()) AND (path.extname(pathname))","HTTP error response","serveStatic > callback","res.writeHead(404, { 'Content-Type': 'text/plain; charset=utf-8', 'Cache-Control': 'no-store' })","Retained / automatic handling as stated in source"
"B2155","server.js","19075","HTTP 404","Request rejected: HTTP 404","(COMPRESSIBLE.has(ext) && st.size <= COMPRESS_MAX_BYTES) AND (e2)","HTTP error response","serveStatic > callback > callback","res.writeHead(404)","Retained / automatic handling as stated in source"
"B2156","server.js","19091","HTTP 404","Request rejected: HTTP 404","(err)","HTTP error response","serveShell > callback","res.writeHead(404)","Retained / automatic handling as stated in source"
"B2157","server.js","19123","HTTP 404","Request rejected: HTTP 404","(e2)","HTTP error response","serveShell > callback > callback","res.writeHead(404)","Retained / automatic handling as stated in source"
"B2158","server.js","19194","Access / decision gate","requireAdmin(u, res)","(!requireAdmin(u,res))","Checks access or an operation precondition; inspect the referenced helper","'GET' /^\/api\/admin\/billing\/automation$/","requireAdmin(u,res)","Retained / automatic handling as stated in source"
"B2159","server.js","19195","Access / decision gate","requireAdmin(u, res)","(!requireAdmin(u,res))","Checks access or an operation precondition; inspect the referenced helper","'POST' /^\/api\/admin\/billing\/retry$/","requireAdmin(u,res)","Retained / automatic handling as stated in source"
"B2160","server.js","19196","HTTP 400","Choose a supported service.","(!SERVICES.includes(b.service)||b.sleepover&&!['personal-care','daily-tasks'].includes(b.service))","Request rejected or operation failed","'GET' /^\/api\/pricing\/quote$/","json(res,400,{error:'Choose a supported service.'})","Retained / automatic handling as stated in source"
"B2161","server.js","19196","HTTP 400","res 400 {error}","(error)","Request rejected or operation failed","'GET' /^\/api\/pricing\/quote$/","json(res,400,{error})","Retained / automatic handling as stated in source"
"B2162","server.js","19205","HTTP 400","Request rejected: HTTP 400","At this operation","HTTP error response","callback","res.writeHead(400, { 'Content-Type': 'application/json; charset=utf-8' })","Retained / automatic handling as stated in source"
"B2163","server.js","19209","HTTP 404","Request rejected: HTTP 404","(BOOKIT_HARDENING.isBlockedStaticPath(req.url))","HTTP error response","callback","res.writeHead(404, { 'Content-Type': 'text/plain; charset=utf-8', 'Cache-Control': 'no-store' })","Retained / automatic handling as stated in source"
"B2164","server.js","19214","HTTP 403","Request rejected: HTTP 403","(!bookitRequestCheck.ok)","HTTP error response","callback","res.writeHead(403, { 'Content-Type': 'application/json; charset=utf-8', 'Cache-Control': 'no-store' })","Retained / automatic handling as stated in source"
"B2165","server.js","19271","HTTP 403","Cross-site request refused.","(!['GET', 'HEAD', 'OPTIONS'].includes(req.method) && pathname.startsWith('/api/') && pathname !== '/api/stripe/webhook') AND (origin) AND (oHost && rHost && oHost !== rHost)","Request rejected or operation failed","callback","json(res, 403, { error: 'Cross-site request refused.' })","Retained / automatic handling as stated in source"
"B2166","server.js","19307","HTTP 429","Request rejected: HTTP 429","(SITE_PASSWORD && pathname !== '/api/stripe/webhook') AND (pathname === '/gate' && req.method === 'POST') AND (limited(ip, 'gate', 30))","HTTP error response","callback > callback","res.writeHead(429, { 'Content-Type': 'text/html; charset=utf-8' , 'Retry-After': String(Math.max(1, Number(process.env.RATE_LIMIT_RETRY_AFTER_SECONDS || 60)))})","Retained / automatic handling as stated in source"
"B2167","server.js","19325","HTTP 401","X-Robots-Tag · noindex, nofollow","(SITE_PASSWORD && pathname !== '/api/stripe/webhook') AND (!gateValid(req.headers.cookie)) AND (pathname.startsWith('/api/'))","Request rejected or operation failed","callback","json(res, 401, { error: 'This site is in private preview.' }, { 'X-Robots-Tag': 'noindex, nofollow' })","Retained / automatic handling as stated in source"
"B2168","server.js","19341","HTTP 404","Request rejected: HTTP 404","(photoMatch && req.method === 'GET') AND ((!publicPhoto&&!privateAccess)||!row?.photo||!fs.existsSync(row.photo))","HTTP error response","callback","res.writeHead(404,{'Cache-Control':'no-store'})","Retained / automatic handling as stated in source"
"B2169","server.js","19353","HTTP 500","Could not record your response.","(pathname === '/cover' && req.method === 'POST') AND (!res.headersSent)","Request rejected or operation failed","callback > callback","json(res,500,{error:'Could not record your response.'})","Retained / automatic handling as stated in source"
"B2170","server.js","19357","HTTP 500","Request rejected: HTTP 500","(pathname === '/cover' && req.method === 'GET')","HTTP error response","callback","res.writeHead(500, { 'Content-Type': 'text/html; charset=utf-8' })","Retained / automatic handling as stated in source"
"B2171","server.js","19374","HTTP 405","Request rejected: HTTP 405","(pathname === '/service-agreement' || pathname === '/privacy-consent') AND (req.method !== 'GET' && req.method !== 'HEAD')","HTTP error response","callback","res.writeHead(405)","Retained / automatic handling as stated in source"
"B2172","server.js","19382","HTTP 405","Request rejected: HTTP 405","(pathname === '/templates' || pathname.startsWith('/templates/')) AND (req.method !== 'GET' && req.method !== 'HEAD')","HTTP error response","callback","res.writeHead(405)","Retained / automatic handling as stated in source"
"B2173","server.js","19392","HTTP 404","Request rejected: HTTP 404","(pathname === '/templates' || pathname.startsWith('/templates/')) AND (!t)","HTTP error response","callback","res.writeHead(404, { 'Content-Type': 'text/html; charset=utf-8' })","Retained / automatic handling as stated in source"
"B2174","server.js","19399","HTTP 500","Request rejected: HTTP 500","(pathname === '/templates' || pathname.startsWith('/templates/'))","HTTP error response","callback","res.writeHead(500, { 'Content-Type': 'text/html; charset=utf-8' })","Retained / automatic handling as stated in source"
"B2175","server.js","19407","HTTP 405","Request rejected: HTTP 405","(!pathname.startsWith('/api/')) AND (req.method !== 'GET' && req.method !== 'HEAD')","HTTP error response","callback","res.writeHead(405)","Retained / automatic handling as stated in source"
"B2176","server.js","19422","HTTP 404","Request rejected: HTTP 404","(!pathname.startsWith('/api/')) AND (pathname === '/policies' || /^\/policies\/[a-z0-9-]+(\/file)?$/.test(pathname)) AND (!pg)","HTTP error response","callback","res.writeHead(404, { 'Content-Type': 'text/plain; charset=utf-8', 'Cache-Control': 'no-store' })","Retained / automatic handling as stated in source"
"B2177","server.js","19423","HTTP 403","Request rejected: HTTP 403","(!pathname.startsWith('/api/')) AND (pathname === '/policies' || /^\/policies\/[a-z0-9-]+(\/file)?$/.test(pathname)) AND (!policyAllowed(viewer, pg) && viewer && pg.kind==='register')","HTTP error response","callback","res.writeHead(403, {'Content-Type':'text/plain; charset=utf-8','Cache-Control':'no-store'})","Retained / automatic handling as stated in source"
"B2178","server.js","19426","HTTP 404","Request rejected: HTTP 404","(!pathname.startsWith('/api/')) AND (pathname === '/policies' || /^\/policies\/[a-z0-9-]+(\/file)?$/.test(pathname)) AND (file) AND (!pg.file_path || !fs.existsSync(pg.file_path))","HTTP error response","callback","res.writeHead(404)","Retained / automatic handling as stated in source"
"B2179","server.js","19443","HTTP 404","Request rejected: HTTP 404","(!pathname.startsWith('/api/')) AND (/^\/support-workers-in\/[a-z0-9-]+$/.test(pathname)) AND (!entry)","HTTP error response","callback","res.writeHead(404, { 'Content-Type': 'text/plain; charset=utf-8', 'Cache-Control': 'no-store' })","Retained / automatic handling as stated in source"
"B2180","server.js","19490","HTTP 413","That file is too big to upload. Photos are shrunk automatically before sending — refresh the page and try again. PDFs and Word files need to be under 8 MB. · This register has grown past what can be saved in one go (1.5 MB). The save was refused. Keep your unsaved entries on this page and ask the office to split or archive the register. · That request is too large (the limit here is 100 KB).","(raw.length > bodyCap)","Request rejected or operation failed","callback > callback","json(res, 413, { error: bodyCap >= 12_000_000 ? 'That file is too big to upload. Photos are shrunk automatically before sending — refresh the page and try again. PDFs and Word files need to be under 8 MB.' : bodyCap > 100_000 ? 'This register has grown past what can be saved in one go (1.5 MB). The save was refused. Keep your unsaved entries on this page and ask the office to split or archive the register.' : 'That request is too large (the limit here is 100 KB).', limit: bodyCap })","Retained / automatic handling as stated in source"
"B2181","server.js","19498","HTTP 400","Invalid JSON.","(raw)","Request rejected or operation failed","callback > callback","json(res, 400, { error: 'Invalid JSON.' })","Retained / automatic handling as stated in source"
"B2182","server.js","19511","HTTP 403","Admin only.","(pathname.startsWith('/api/admin/')) AND (!user || !user.admin)","Request rejected or operation failed","callback > callback","json(res, 403, { error: 'Admin only.' })","Retained / automatic handling as stated in source"
"B2183","server.js","19513","HTTP 401","Please log in.","NOT (pathname.startsWith('/api/admin/')) AND (!user && !PUBLIC_API.some(([meth, rx]) => meth === req.method && rx.test(pathname)))","Request rejected or operation failed","callback > callback","json(res, 401, { error: 'Please log in.' })","Retained / automatic handling as stated in source"
"B2184","server.js","19519","HTTP 400","res 400 { error: e.message, code: e.code }","(e && uploadCodes.has(e.code)) AND (!res.headersSent)","Request rejected or operation failed","callback > callback > callback","json(res, 400, { error: e.message, code: e.code })","Retained / automatic handling as stated in source"
"B2185","server.js","19523","HTTP 500","Something went wrong on our end.","(!res.headersSent)","Request rejected or operation failed","callback > callback > callback","json(res, 500, { error: 'Something went wrong on our end.' })","Retained / automatic handling as stated in source"
"B2186","server.js","19534","HTTP 404","Not found.","At this operation","Request rejected or operation failed","callback > callback","json(res, 404, { error: 'Not found.' })","Retained / automatic handling as stated in source"
"B2187","scripts/backup.js","110","Error / validation","database not found at ${DB_PATH} — run with the service's environment (EnvironmentFile=/etc/bookit.env) so DB_PATH matches","(!fs.existsSync(DB_PATH))","Request rejected or operation failed","main","fail(`database not found at ${DB_PATH} — run with the service's environment (EnvironmentFile=/etc/bookit.env) so DB_PATH matches`)","Retained / automatic handling as stated in source"
"B2188","scripts/backup.js","114","Error / validation","${name} ${dir} does not exist. The server creates it at boot, so on a running site this means the path is wrong. Check: sudo systemctl show bookit -p Environment","NOT (ALLOW_MISSING)","Request rejected or operation failed","main","fail(`${name} ${dir} does not exist. The server creates it at boot, so on a running site this means the path is wrong. Check: sudo systemctl show bookit -p Environment`)","Retained / automatic handling as stated in source"
"B2189","scripts/backup.js","116","Error / validation","BACKUP_DIR must not be inside public/","(BACKUP_DIR.startsWith(path.join(ROOT, 'public')))","Request rejected or operation failed","main","fail('BACKUP_DIR must not be inside public/')","Retained / automatic handling as stated in source"
"B2190","scripts/backup.js","142","Error / validation","could not copy the database: ${e.message}","At this operation","Request rejected or operation failed","main","fail(`could not copy the database: ${e.message}`)","Retained / automatic handling as stated in source"
"B2191","scripts/backup.js","150","Error / validation","integrity_check on the copy returned: ${integrity}","(integrity !== 'ok')","Request rejected or operation failed","main","fail(`integrity_check on the copy returned: ${integrity}`)","Retained / automatic handling as stated in source"
"B2192","scripts/backup.js","153","Error / validation","table ${t} is missing from the copy","(n === null)","Request rejected or operation failed","main","fail(`table ${t} is missing from the copy`)","Retained / automatic handling as stated in source"
"B2193","scripts/backup.js","174","Error / validation","could not verify the copy: ${e.message}","At this operation","Request rejected or operation failed","main","fail(`could not verify the copy: ${e.message}`)","Retained / automatic handling as stated in source"
"B2194","scripts/backup.js","187","Error / validation","tar of ${dir} failed: ${e.message}","At this operation","Request rejected or operation failed","main","fail(`tar of ${dir} failed: ${e.message}`)","Retained / automatic handling as stated in source"
"B2195","scripts/backup.js","194","Error / validation","could not list ${out}: ${e.message}","At this operation","Request rejected or operation failed","main","fail(`could not list ${out}: ${e.message}`)","Retained / automatic handling as stated in source"
"B2196","scripts/backup.js","227","Error / validation","S3 sync failed (the local set is complete): ${e.message}","(S3_URI)","Request rejected or operation failed","main","fail(`S3 sync failed (the local set is complete): ${e.message}`)","Retained / automatic handling as stated in source"
"B2197","scripts/backup.js","240","Error / validation","e && e.message ? e.message : String(e)","At this operation","Request rejected or operation failed","callback","fail(e && e.message ? e.message : String(e))","Retained / automatic handling as stated in source"
"B2198","scripts/release-docs.js","10","Error / validation","Release identity or generated inventories disagree.","(!routes||!tables||!schema||meta.version!==pkg.version||lock.version!==pkg.version||lock.packages[''].version!==pkg.version||meta.package_type!=='full source archive'||!/^[a-f0-9]{64}$/.test(meta.base_archive_sha256))","Stops this operation and propagates an error","module","throw Error('Release identity or generated inventories disagree.');","Retained / automatic handling as stated in source"
"B2199","scripts/review-existing-data.js","15","Readiness / eligibility","invalid-open-visit","(error)","Adds a named condition to the returned readiness or error list","module","issues.push({kind:'invalid-open-visit',booking_id:b.id,issue:error})","Retained / automatic handling as stated in source"
"B2200","scripts/review-existing-data.js","16","Readiness / eligibility","blocked-worker-on-open-visit","(db.prepare(""SELECT 1 FROM participant_workers WHERE participant_id=? AND worker_id=? AND relation='blocked'"").get(b.participant_id,b.worker_id))","Adds a named condition to the returned readiness or error list","module","issues.push({kind:'blocked-worker-on-open-visit',booking_id:b.id,worker_id:b.worker_id,participant_id:b.participant_id})","Retained / automatic handling as stated in source"
"B2201","scripts/review-existing-data.js","19","Readiness / eligibility","paid-referral-needs-review · unpaid-referral-needs-review","(referrals.hours(db,r.referee_id)<threshold)","Adds a named condition to the returned readiness or error list","module","issues.push({kind:r.paid_at?'paid-referral-needs-review':'unpaid-referral-needs-review',referral_id:r.id})","Retained / automatic handling as stated in source"
"B2202","scripts/review-existing-data.js","22","Readiness / eligibility","confirm-worker-service-areas","At this operation","Adds a named condition to the returned readiness or error list","module","issues.push({kind:'confirm-worker-service-areas',worker_id:w.user_id})","Retained / automatic handling as stated in source"
"B2203","scripts/verify-release.js","6","Error / validation","The release manifest does not identify this full-source package.","(manifest.release!==require('../package.json').version||!manifest.files||manifest.format!=='full-source')","Stops this operation and propagates an error","module","throw Error('The release manifest does not identify this full-source package.');","Retained / automatic handling as stated in source"
"B2204","scripts/verify-release.js","10","Error / validation","Invalid manifest file:","(!file.startsWith(root+path.sep)||!fs.existsSync(file)||!fs.lstatSync(file).isFile())","Stops this operation and propagates an error","module","throw Error('Invalid manifest file: '+name);","Retained / automatic handling as stated in source"
"B2205","scripts/verify-release.js","12","Error / validation","Release hash mismatch:","(sha!==record.sha256)","Stops this operation and propagates an error","module","throw Error('Release hash mismatch: '+name);","Retained / automatic handling as stated in source"